{
"type": "FeatureCollection",
"name": "corrected_satellite_alerts",
"crs": { "type": "name", "properties": { "name": "urn:ogc:def:crs:OGC:1.3:CRS84" } },
"features": [
{ "type": "Feature", "properties": { "alert_type": "low_vigor_tree", "severity": "medium", "grove_code": "MORAN", "tree_code_optional": "KOG-MORAN-0006", "related_rule": "Ba'al rainfed discipline", "evidence": { "final_ndvi_mean": 0.33812472224235535, "health_index": 37.6, "confidence_score": 0.85, "shadow_fraction": 0.0, "crown_area_m2": 164.75, "review_status": "unreviewed" }, "recommended_task": "Field inspection: check irrigation, pruning, stress.", "confidence_score": 0.85, "status": "open", "alert_id": "ALERT-V1-00001" }, "geometry": { "type": "Point", "coordinates": [ 35.392332673072829, 32.927065061725813 ] } },
{ "type": "Feature", "properties": { "alert_type": "low_vigor_tree", "severity": "medium", "grove_code": "MORAN", "tree_code_optional": "KOG-MORAN-0014", "related_rule": "Ba'al rainfed discipline", "evidence": { "final_ndvi_mean": 0.28908786177635193, "health_index": 31.8, "confidence_score": 0.85, "shadow_fraction": 0.0, "crown_area_m2": 110.25, "review_status": "unreviewed" }, "recommended_task": "Field inspection: check irrigation, pruning, stress.", "confidence_score": 0.85, "status": "open", "alert_id": "ALERT-V1-00002" }, "geometry": { "type": "Point", "coordinates": [ 35.391528680920594, 32.926324928135273 ] } },
{ "type": "Feature", "properties": { "alert_type": "low_vigor_tree", "severity": "medium", "grove_code": "MORAN", "tree_code_optional": "KOG-MORAN-0017", "related_rule": "Ba'al rainfed discipline", "evidence": { "final_ndvi_mean": 0.3529032766819, "health_index": 44.6, "confidence_score": 0.85, "shadow_fraction": 0.0, "crown_area_m2": 70.5, "review_status": "unreviewed" }, "recommended_task": "Field inspection: check irrigation, pruning, stress.", "confidence_score": 0.85, "status": "open", "alert_id": "ALERT-V1-00003" }, "geometry": { "type": "Point", "coordinates": [ 35.392162392934928, 32.927318599204902 ] } },
{ "type": "Feature", "properties": { "alert_type": "low_vigor_tree", "severity": "medium", "grove_code": "MORAN", "tree_code_optional": "KOG-MORAN-0018", "related_rule": "Ba'al rainfed discipline", "evidence": { "final_ndvi_mean": 0.3507595658302307, "health_index": 44.2, "confidence_score": 0.85, "shadow_fraction": 0.0, "crown_area_m2": 74.25, "review_status": "unreviewed" }, "recommended_task": "Field inspection: check irrigation, pruning, stress.", "confidence_score": 0.85, "status": "open", "alert_id": "ALERT-V1-00004" }, "geometry": { "type": "Point", "coordinates": [ 35.391764873345416, 32.927745006024452 ] } },
{ "type": "Feature", "properties": { "alert_type": "low_vigor_tree", "severity": "medium", "grove_code": "MORAN", "tree_code_optional": "KOG-MORAN-0019", "related_rule": "Ba'al rainfed discipline", "evidence": { "final_ndvi_mean": 0.3508717715740204, "health_index": 44.2, "confidence_score": 0.85, "shadow_fraction": 0.0, "crown_area_m2": 68.25, "review_status": "unreviewed" }, "recommended_task": "Field inspection: check irrigation, pruning, stress.", "confidence_score": 0.85, "status": "open", "alert_id": "ALERT-V1-00005" }, "geometry": { "type": "Point", "coordinates": [ 35.392425093670461, 32.92736239732843 ] } },
{ "type": "Feature", "properties": { "alert_type": "low_vigor_tree", "severity": "medium", "grove_code": "MORAN", "tree_code_optional": "KOG-MORAN-0020", "related_rule": "Ba'al rainfed discipline", "evidence": { "final_ndvi_mean": 0.3489122688770294, "health_index": 39.8, "confidence_score": 0.85, "shadow_fraction": 0.0, "crown_area_m2": 79.75, "review_status": "unreviewed" }, "recommended_task": "Field inspection: check irrigation, pruning, stress.", "confidence_score": 0.85, "status": "open", "alert_id": "ALERT-V1-00006" }, "geometry": { "type": "Point", "coordinates": [ 35.392294792985012, 32.927220644400599 ] } },
{ "type": "Feature", "properties": { "alert_type": "low_vigor_tree", "severity": "medium", "grove_code": "MORAN", "tree_code_optional": "KOG-MORAN-0021", "related_rule": "Ba'al rainfed discipline", "evidence": { "final_ndvi_mean": 0.3342428207397461, "health_index": 40.8, "confidence_score": 0.85, "shadow_fraction": 0.0, "crown_area_m2": 80.0, "review_status": "unreviewed" }, "recommended_task": "Field inspection: check irrigation, pruning, stress.", "confidence_score": 0.85, "status": "open", "alert_id": "ALERT-V1-00007" }, "geometry": { "type": "Point", "coordinates": [ 35.392334550106625, 32.927417213163451 ] } },
{ "type": "Feature", "properties": { "alert_type": "low_vigor_tree", "severity": "medium", "grove_code": "MORAN", "tree_code_optional": "KOG-MORAN-0023", "related_rule": "Ba'al rainfed discipline", "evidence": { "final_ndvi_mean": 0.3359312117099762, "health_index": 41.2, "confidence_score": 0.85, "shadow_fraction": 0.0, "crown_area_m2": 54.0, "review_status": "unreviewed" }, "recommended_task": "Field inspection: check irrigation, pruning, stress.", "confidence_score": 0.85, "status": "open", "alert_id": "ALERT-V1-00008" }, "geometry": { "type": "Point", "coordinates": [ 35.392140756679019, 32.927642975257193 ] } },
{ "type": "Feature", "properties": { "alert_type": "low_vigor_tree", "severity": "medium", "grove_code": "MORAN", "tree_code_optional": "KOG-MORAN-0026", "related_rule": "Ba'al rainfed discipline", "evidence": { "final_ndvi_mean": 0.3405592441558838, "health_index": 42.1, "confidence_score": 0.85, "shadow_fraction": 0.0, "crown_area_m2": 68.75, "review_status": "unreviewed" }, "recommended_task": "Field inspection: check irrigation, pruning, stress.", "confidence_score": 0.85, "status": "open", "alert_id": "ALERT-V1-00009" }, "geometry": { "type": "Point", "coordinates": [ 35.391520473434319, 32.926213070308108 ] } },
{ "type": "Feature", "properties": { "alert_type": "low_vigor_tree", "severity": "medium", "grove_code": "MORAN", "tree_code_optional": "KOG-MORAN-0027", "related_rule": "Ba'al rainfed discipline", "evidence": { "final_ndvi_mean": 0.3479856252670288, "health_index": 39.6, "confidence_score": 0.85, "shadow_fraction": 0.0, "crown_area_m2": 55.5, "review_status": "unreviewed" }, "recommended_task": "Field inspection: check irrigation, pruning, stress.", "confidence_score": 0.85, "status": "open", "alert_id": "ALERT-V1-00010" }, "geometry": { "type": "Point", "coordinates": [ 35.392573258810955, 32.927354875176903 ] } },
{ "type": "Feature", "properties": { "alert_type": "low_vigor_tree", "severity": "medium", "grove_code": "MORAN", "tree_code_optional": "KOG-MORAN-0028", "related_rule": "Ba'al rainfed discipline", "evidence": { "final_ndvi_mean": 0.31873685121536255, "health_index": 37.7, "confidence_score": 0.85, "shadow_fraction": 0.0, "crown_area_m2": 70.75, "review_status": "unreviewed" }, "recommended_task": "Field inspection: check irrigation, pruning, stress.", "confidence_score": 0.85, "status": "open", "alert_id": "ALERT-V1-00011" }, "geometry": { "type": "Point", "coordinates": [ 35.391659982748457, 32.926368749359177 ] } },
{ "type": "Feature", "properties": { "alert_type": "low_vigor_tree", "severity": "medium", "grove_code": "MORAN", "tree_code_optional": "KOG-MORAN-0029", "related_rule": "Ba'al rainfed discipline", "evidence": { "final_ndvi_mean": 0.3286549746990204, "health_index": 39.7, "confidence_score": 0.85, "shadow_fraction": 0.0, "crown_area_m2": 65.5, "review_status": "unreviewed" }, "recommended_task": "Field inspection: check irrigation, pruning, stress.", "confidence_score": 0.85, "status": "open", "alert_id": "ALERT-V1-00012" }, "geometry": { "type": "Point", "coordinates": [ 35.39202813181506, 32.927658294003464 ] } },
{ "type": "Feature", "properties": { "alert_type": "low_vigor_tree", "severity": "medium", "grove_code": "MORAN", "tree_code_optional": "KOG-MORAN-0032", "related_rule": "Ba'al rainfed discipline", "evidence": { "final_ndvi_mean": 0.3541329503059387, "health_index": 44.8, "confidence_score": 0.85, "shadow_fraction": 0.0, "crown_area_m2": 62.25, "review_status": "unreviewed" }, "recommended_task": "Field inspection: check irrigation, pruning, stress.", "confidence_score": 0.85, "status": "open", "alert_id": "ALERT-V1-00013" }, "geometry": { "type": "Point", "coordinates": [ 35.39236583225739, 32.927001593037893 ] } },
{ "type": "Feature", "properties": { "alert_type": "low_vigor_tree", "severity": "medium", "grove_code": "MORAN", "tree_code_optional": "KOG-MORAN-0034", "related_rule": "Ba'al rainfed discipline", "evidence": { "final_ndvi_mean": 0.3151818513870239, "health_index": 33.0, "confidence_score": 0.85, "shadow_fraction": 0.0, "crown_area_m2": 55.75, "review_status": "unreviewed" }, "recommended_task": "Field inspection: check irrigation, pruning, stress.", "confidence_score": 0.85, "status": "open", "alert_id": "ALERT-V1-00014" }, "geometry": { "type": "Point", "coordinates": [ 35.391892500501953, 32.927696224894049 ] } },
{ "type": "Feature", "properties": { "alert_type": "low_vigor_tree", "severity": "medium", "grove_code": "MORAN", "tree_code_optional": "KOG-MORAN-0035", "related_rule": "Ba'al rainfed discipline", "evidence": { "final_ndvi_mean": 0.31368377804756165, "health_index": 32.7, "confidence_score": 0.85, "shadow_fraction": 0.0, "crown_area_m2": 64.75, "review_status": "unreviewed" }, "recommended_task": "Field inspection: check irrigation, pruning, stress.", "confidence_score": 0.85, "status": "open", "alert_id": "ALERT-V1-00015" }, "geometry": { "type": "Point", "coordinates": [ 35.392288021969613, 32.927598990629676 ] } },
{ "type": "Feature", "properties": { "alert_type": "low_vigor_tree", "severity": "medium", "grove_code": "MORAN", "tree_code_optional": "KOG-MORAN-0037", "related_rule": "Ba'al rainfed discipline", "evidence": { "final_ndvi_mean": 0.3411399722099304, "health_index": 38.2, "confidence_score": 0.85, "shadow_fraction": 0.0, "crown_area_m2": 68.75, "review_status": "unreviewed" }, "recommended_task": "Field inspection: check irrigation, pruning, stress.", "confidence_score": 0.85, "status": "open", "alert_id": "ALERT-V1-00016" }, "geometry": { "type": "Point", "coordinates": [ 35.39280799498416, 32.927405479003994 ] } },
{ "type": "Feature", "properties": { "alert_type": "low_vigor_tree", "severity": "medium", "grove_code": "MORAN", "tree_code_optional": "KOG-MORAN-0038", "related_rule": "Ba'al rainfed discipline", "evidence": { "final_ndvi_mean": 0.3525848388671875, "health_index": 44.5, "confidence_score": 0.85, "shadow_fraction": 0.0, "crown_area_m2": 36.25, "review_status": "unreviewed" }, "recommended_task": "Field inspection: check irrigation, pruning, stress.", "confidence_score": 0.85, "status": "open", "alert_id": "ALERT-V1-00017" }, "geometry": { "type": "Point", "coordinates": [ 35.392524192857159, 32.92639557984203 ] } },
{ "type": "Feature", "properties": { "alert_type": "low_vigor_tree", "severity": "medium", "grove_code": "MORAN", "tree_code_optional": "KOG-MORAN-0039", "related_rule": "Ba'al rainfed discipline", "evidence": { "final_ndvi_mean": 0.3555013835430145, "health_index": 41.1, "confidence_score": 0.85, "shadow_fraction": 0.0, "crown_area_m2": 66.25, "review_status": "unreviewed" }, "recommended_task": "Field inspection: check irrigation, pruning, stress.", "confidence_score": 0.85, "status": "open", "alert_id": "ALERT-V1-00018" }, "geometry": { "type": "Point", "coordinates": [ 35.391798840893479, 32.926351012362559 ] } },
{ "type": "Feature", "properties": { "alert_type": "low_vigor_tree", "severity": "medium", "grove_code": "MORAN", "tree_code_optional": "KOG-MORAN-0041", "related_rule": "Ba'al rainfed discipline", "evidence": { "final_ndvi_mean": 0.30175235867500305, "health_index": 30.4, "confidence_score": 0.85, "shadow_fraction": 0.0, "crown_area_m2": 68.75, "review_status": "unreviewed" }, "recommended_task": "Field inspection: check irrigation, pruning, stress.", "confidence_score": 0.85, "status": "open", "alert_id": "ALERT-V1-00019" }, "geometry": { "type": "Point", "coordinates": [ 35.392625271662553, 32.927403208092628 ] } },
{ "type": "Feature", "properties": { "alert_type": "low_vigor_tree", "severity": "medium", "grove_code": "MORAN", "tree_code_optional": "KOG-MORAN-0042", "related_rule": "Ba'al rainfed discipline", "evidence": { "final_ndvi_mean": 0.3286671042442322, "health_index": 35.7, "confidence_score": 0.85, "shadow_fraction": 0.0, "crown_area_m2": 60.25, "review_status": "unreviewed" }, "recommended_task": "Field inspection: check irrigation, pruning, stress.", "confidence_score": 0.85, "status": "open", "alert_id": "ALERT-V1-00020" }, "geometry": { "type": "Point", "coordinates": [ 35.391928708311696, 32.926235836477332 ] } },
{ "type": "Feature", "properties": { "alert_type": "low_vigor_tree", "severity": "medium", "grove_code": "MORAN", "tree_code_optional": "KOG-MORAN-0043", "related_rule": "Ba'al rainfed discipline", "evidence": { "final_ndvi_mean": 0.3388419449329376, "health_index": 41.8, "confidence_score": 0.85, "shadow_fraction": 0.0, "crown_area_m2": 60.0, "review_status": "unreviewed" }, "recommended_task": "Field inspection: check irrigation, pruning, stress.", "confidence_score": 0.85, "status": "open", "alert_id": "ALERT-V1-00021" }, "geometry": { "type": "Point", "coordinates": [ 35.391436962175739, 32.926134423834618 ] } },
{ "type": "Feature", "properties": { "alert_type": "low_vigor_tree", "severity": "medium", "grove_code": "MORAN", "tree_code_optional": "KOG-MORAN-0044", "related_rule": "Ba'al rainfed discipline", "evidence": { "final_ndvi_mean": 0.3172445595264435, "health_index": 33.4, "confidence_score": 0.85, "shadow_fraction": 0.0, "crown_area_m2": 52.25, "review_status": "unreviewed" }, "recommended_task": "Field inspection: check irrigation, pruning, stress.", "confidence_score": 0.85, "status": "open", "alert_id": "ALERT-V1-00022" }, "geometry": { "type": "Point", "coordinates": [ 35.391680508520473, 32.92771711760625 ] } },
{ "type": "Feature", "properties": { "alert_type": "low_vigor_tree", "severity": "medium", "grove_code": "MORAN", "tree_code_optional": "KOG-MORAN-0045", "related_rule": "Ba'al rainfed discipline", "evidence": { "final_ndvi_mean": 0.33854714035987854, "health_index": 41.7, "confidence_score": 0.85, "shadow_fraction": 0.0, "crown_area_m2": 58.0, "review_status": "unreviewed" }, "recommended_task": "Field inspection: check irrigation, pruning, stress.", "confidence_score": 0.85, "status": "open", "alert_id": "ALERT-V1-00023" }, "geometry": { "type": "Point", "coordinates": [ 35.392179819703934, 32.9262324723232 ] } },
{ "type": "Feature", "properties": { "alert_type": "low_vigor_tree", "severity": "medium", "grove_code": "MORAN", "tree_code_optional": "KOG-MORAN-0048", "related_rule": "Ba'al rainfed discipline", "evidence": { "final_ndvi_mean": 0.29287248849868774, "health_index": 28.6, "confidence_score": 0.85, "shadow_fraction": 0.0, "crown_area_m2": 47.25, "review_status": "unreviewed" }, "recommended_task": "Field inspection: check irrigation, pruning, stress.", "confidence_score": 0.85, "status": "open", "alert_id": "ALERT-V1-00024" }, "geometry": { "type": "Point", "coordinates": [ 35.391964817034797, 32.926148551543967 ] } },
{ "type": "Feature", "properties": { "alert_type": "low_vigor_tree", "severity": "medium", "grove_code": "MORAN", "tree_code_optional": "KOG-MORAN-0050", "related_rule": "Ba'al rainfed discipline", "evidence": { "final_ndvi_mean": 0.3090399503707886, "health_index": 35.8, "confidence_score": 0.85, "shadow_fraction": 0.0, "crown_area_m2": 51.75, "review_status": "unreviewed" }, "recommended_task": "Field inspection: check irrigation, pruning, stress.", "confidence_score": 0.85, "status": "open", "alert_id": "ALERT-V1-00025" }, "geometry": { "type": "Point", "coordinates": [ 35.392078345960925, 32.92600079580037 ] } },
{ "type": "Feature", "properties": { "alert_type": "low_vigor_tree", "severity": "medium", "grove_code": "MORAN", "tree_code_optional": "KOG-MORAN-0051", "related_rule": "Ba'al rainfed discipline", "evidence": { "final_ndvi_mean": 0.3496025800704956, "health_index": 43.9, "confidence_score": 0.85, "shadow_fraction": 0.0, "crown_area_m2": 40.0, "review_status": "unreviewed" }, "recommended_task": "Field inspection: check irrigation, pruning, stress.", "confidence_score": 0.85, "status": "open", "alert_id": "ALERT-V1-00026" }, "geometry": { "type": "Point", "coordinates": [ 35.39243637983499, 32.927689048883401 ] } },
{ "type": "Feature", "properties": { "alert_type": "low_vigor_tree", "severity": "medium", "grove_code": "MORAN", "tree_code_optional": "KOG-MORAN-0052", "related_rule": "Ba'al rainfed discipline", "evidence": { "final_ndvi_mean": 0.329706072807312, "health_index": 39.9, "confidence_score": 0.85, "shadow_fraction": 0.0, "crown_area_m2": 46.0, "review_status": "unreviewed" }, "recommended_task": "Field inspection: check irrigation, pruning, stress.", "confidence_score": 0.85, "status": "open", "alert_id": "ALERT-V1-00027" }, "geometry": { "type": "Point", "coordinates": [ 35.391770069697778, 32.927634965051261 ] } },
{ "type": "Feature", "properties": { "alert_type": "low_vigor_tree", "severity": "medium", "grove_code": "MORAN", "tree_code_optional": "KOG-MORAN-0053", "related_rule": "Ba'al rainfed discipline", "evidence": { "final_ndvi_mean": 0.33521053194999695, "health_index": 37.0, "confidence_score": 0.85, "shadow_fraction": 0.0, "crown_area_m2": 44.25, "review_status": "unreviewed" }, "recommended_task": "Field inspection: check irrigation, pruning, stress.", "confidence_score": 0.85, "status": "open", "alert_id": "ALERT-V1-00028" }, "geometry": { "type": "Point", "coordinates": [ 35.392594951265451, 32.927491574011086 ] } },
{ "type": "Feature", "properties": { "alert_type": "low_vigor_tree", "severity": "medium", "grove_code": "MORAN", "tree_code_optional": "KOG-MORAN-0054", "related_rule": "Ba'al rainfed discipline", "evidence": { "final_ndvi_mean": 0.31728434562683105, "health_index": 37.5, "confidence_score": 0.85, "shadow_fraction": 0.0, "crown_area_m2": 40.75, "review_status": "unreviewed" }, "recommended_task": "Field inspection: check irrigation, pruning, stress.", "confidence_score": 0.85, "status": "open", "alert_id": "ALERT-V1-00029" }, "geometry": { "type": "Point", "coordinates": [ 35.392490065317823, 32.927478995722034 ] } },
{ "type": "Feature", "properties": { "alert_type": "low_vigor_tree", "severity": "medium", "grove_code": "MORAN", "tree_code_optional": "KOG-MORAN-0055", "related_rule": "Ba'al rainfed discipline", "evidence": { "final_ndvi_mean": 0.3122025728225708, "health_index": 36.4, "confidence_score": 0.85, "shadow_fraction": 0.0, "crown_area_m2": 30.5, "review_status": "unreviewed" }, "recommended_task": "Field inspection: check irrigation, pruning, stress.", "confidence_score": 0.85, "status": "open", "alert_id": "ALERT-V1-00030" }, "geometry": { "type": "Point", "coordinates": [ 35.392471890028233, 32.927174139689164 ] } },
{ "type": "Feature", "properties": { "alert_type": "low_vigor_tree", "severity": "medium", "grove_code": "MORAN", "tree_code_optional": "KOG-MORAN-0056", "related_rule": "Ba'al rainfed discipline", "evidence": { "final_ndvi_mean": 0.3615313470363617, "health_index": 42.3, "confidence_score": 0.85, "shadow_fraction": 0.0, "crown_area_m2": 74.0, "review_status": "unreviewed" }, "recommended_task": "Field inspection: check irrigation, pruning, stress.", "confidence_score": 0.85, "status": "open", "alert_id": "ALERT-V1-00031" }, "geometry": { "type": "Point", "coordinates": [ 35.39252388749216, 32.926656558004211 ] } },
{ "type": "Feature", "properties": { "alert_type": "low_vigor_tree", "severity": "medium", "grove_code": "MORAN", "tree_code_optional": "KOG-MORAN-0058", "related_rule": "Ba'al rainfed discipline", "evidence": { "final_ndvi_mean": 0.30462339520454407, "health_index": 30.9, "confidence_score": 0.85, "shadow_fraction": 0.0, "crown_area_m2": 69.0, "review_status": "unreviewed" }, "recommended_task": "Field inspection: check irrigation, pruning, stress.", "confidence_score": 0.85, "status": "open", "alert_id": "ALERT-V1-00032" }, "geometry": { "type": "Point", "coordinates": [ 35.391940229410949, 32.926373556086318 ] } },
{ "type": "Feature", "properties": { "alert_type": "low_vigor_tree", "severity": "medium", "grove_code": "MORAN", "tree_code_optional": "KOG-MORAN-0059", "related_rule": "Ba'al rainfed discipline", "evidence": { "final_ndvi_mean": 0.34303346276283264, "health_index": 38.6, "confidence_score": 0.85, "shadow_fraction": 0.0, "crown_area_m2": 58.25, "review_status": "unreviewed" }, "recommended_task": "Field inspection: check irrigation, pruning, stress.", "confidence_score": 0.85, "status": "open", "alert_id": "ALERT-V1-00033" }, "geometry": { "type": "Point", "coordinates": [ 35.392309099198251, 32.926357770403783 ] } },
{ "type": "Feature", "properties": { "alert_type": "low_vigor_tree", "severity": "medium", "grove_code": "MORAN", "tree_code_optional": "KOG-MORAN-0060", "related_rule": "Ba'al rainfed discipline", "evidence": { "final_ndvi_mean": 0.3048117160797119, "health_index": 35.0, "confidence_score": 0.85, "shadow_fraction": 0.0, "crown_area_m2": 34.0, "review_status": "unreviewed" }, "recommended_task": "Field inspection: check irrigation, pruning, stress.", "confidence_score": 0.85, "status": "open", "alert_id": "ALERT-V1-00034" }, "geometry": { "type": "Point", "coordinates": [ 35.392382255564513, 32.926265160481812 ] } },
{ "type": "Feature", "properties": { "alert_type": "low_vigor_tree", "severity": "medium", "grove_code": "MORAN", "tree_code_optional": "KOG-MORAN-0061", "related_rule": "Ba'al rainfed discipline", "evidence": { "final_ndvi_mean": 0.3403404951095581, "health_index": 42.1, "confidence_score": 0.85, "shadow_fraction": 0.0, "crown_area_m2": 55.25, "review_status": "unreviewed" }, "recommended_task": "Field inspection: check irrigation, pruning, stress.", "confidence_score": 0.85, "status": "open", "alert_id": "ALERT-V1-00035" }, "geometry": { "type": "Point", "coordinates": [ 35.392038201288578, 32.926235425447885 ] } },
{ "type": "Feature", "properties": { "alert_type": "low_vigor_tree", "severity": "medium", "grove_code": "MORAN", "tree_code_optional": "KOG-MORAN-0062", "related_rule": "Ba'al rainfed discipline", "evidence": { "final_ndvi_mean": 0.32330676913261414, "health_index": 38.7, "confidence_score": 0.85, "shadow_fraction": 0.0, "crown_area_m2": 40.25, "review_status": "unreviewed" }, "recommended_task": "Field inspection: check irrigation, pruning, stress.", "confidence_score": 0.85, "status": "open", "alert_id": "ALERT-V1-00036" }, "geometry": { "type": "Point", "coordinates": [ 35.392034707905601, 32.92614101603791 ] } },
{ "type": "Feature", "properties": { "alert_type": "low_vigor_tree", "severity": "medium", "grove_code": "MORAN", "tree_code_optional": "KOG-MORAN-0063", "related_rule": "Ba'al rainfed discipline", "evidence": { "final_ndvi_mean": 0.3297378420829773, "health_index": 39.9, "confidence_score": 0.85, "shadow_fraction": 0.0, "crown_area_m2": 51.5, "review_status": "unreviewed" }, "recommended_task": "Field inspection: check irrigation, pruning, stress.", "confidence_score": 0.85, "status": "open", "alert_id": "ALERT-V1-00037" }, "geometry": { "type": "Point", "coordinates": [ 35.392079206457261, 32.927371794151234 ] } },
{ "type": "Feature", "properties": { "alert_type": "low_vigor_tree", "severity": "medium", "grove_code": "MORAN", "tree_code_optional": "KOG-MORAN-0064", "related_rule": "Ba'al rainfed discipline", "evidence": { "final_ndvi_mean": 0.3539808690547943, "health_index": 44.8, "confidence_score": 0.85, "shadow_fraction": 0.0, "crown_area_m2": 50.5, "review_status": "unreviewed" }, "recommended_task": "Field inspection: check irrigation, pruning, stress.", "confidence_score": 0.85, "status": "open", "alert_id": "ALERT-V1-00038" }, "geometry": { "type": "Point", "coordinates": [ 35.392318238048695, 32.927306535087382 ] } },
{ "type": "Feature", "properties": { "alert_type": "low_vigor_tree", "severity": "medium", "grove_code": "MORAN", "tree_code_optional": "KOG-MORAN-0066", "related_rule": "Ba'al rainfed discipline", "evidence": { "final_ndvi_mean": 0.3309348225593567, "health_index": 40.2, "confidence_score": 0.85, "shadow_fraction": 0.0, "crown_area_m2": 48.75, "review_status": "unreviewed" }, "recommended_task": "Field inspection: check irrigation, pruning, stress.", "confidence_score": 0.85, "status": "open", "alert_id": "ALERT-V1-00039" }, "geometry": { "type": "Point", "coordinates": [ 35.391521861828906, 32.926084024369679 ] } },
{ "type": "Feature", "properties": { "alert_type": "low_vigor_tree", "severity": "medium", "grove_code": "MORAN", "tree_code_optional": "KOG-MORAN-0067", "related_rule": "Ba'al rainfed discipline", "evidence": { "final_ndvi_mean": 0.3493417501449585, "health_index": 43.9, "confidence_score": 0.85, "shadow_fraction": 0.0, "crown_area_m2": 41.75, "review_status": "unreviewed" }, "recommended_task": "Field inspection: check irrigation, pruning, stress.", "confidence_score": 0.85, "status": "open", "alert_id": "ALERT-V1-00040" }, "geometry": { "type": "Point", "coordinates": [ 35.391491226831832, 32.927867873782915 ] } },
{ "type": "Feature", "properties": { "alert_type": "low_vigor_tree", "severity": "medium", "grove_code": "MORAN", "tree_code_optional": "KOG-MORAN-0068", "related_rule": "Ba'al rainfed discipline", "evidence": { "final_ndvi_mean": 0.32500898838043213, "health_index": 39.0, "confidence_score": 0.85, "shadow_fraction": 0.0, "crown_area_m2": 37.5, "review_status": "unreviewed" }, "recommended_task": "Field inspection: check irrigation, pruning, stress.", "confidence_score": 0.85, "status": "open", "alert_id": "ALERT-V1-00041" }, "geometry": { "type": "Point", "coordinates": [ 35.391620781008122, 32.927804084514442 ] } },
{ "type": "Feature", "properties": { "alert_type": "low_vigor_tree", "severity": "medium", "grove_code": "MORAN", "tree_code_optional": "KOG-MORAN-0069", "related_rule": "Ba'al rainfed discipline", "evidence": { "final_ndvi_mean": 0.3224954903125763, "health_index": 34.5, "confidence_score": 0.85, "shadow_fraction": 0.0, "crown_area_m2": 45.5, "review_status": "unreviewed" }, "recommended_task": "Field inspection: check irrigation, pruning, stress.", "confidence_score": 0.85, "status": "open", "alert_id": "ALERT-V1-00042" }, "geometry": { "type": "Point", "coordinates": [ 35.392161142291918, 32.927441514461279 ] } },
{ "type": "Feature", "properties": { "alert_type": "low_vigor_tree", "severity": "medium", "grove_code": "MORAN", "tree_code_optional": "KOG-MORAN-0072", "related_rule": "Ba'al rainfed discipline", "evidence": { "final_ndvi_mean": 0.3177756071090698, "health_index": 33.6, "confidence_score": 0.85, "shadow_fraction": 0.0, "crown_area_m2": 26.25, "review_status": "unreviewed" }, "recommended_task": "Field inspection: check irrigation, pruning, stress.", "confidence_score": 0.85, "status": "open", "alert_id": "ALERT-V1-00043" }, "geometry": { "type": "Point", "coordinates": [ 35.391977886344513, 32.92619944671457 ] } },
{ "type": "Feature", "properties": { "alert_type": "low_vigor_tree", "severity": "medium", "grove_code": "MORAN", "tree_code_optional": "KOG-MORAN-0073", "related_rule": "Ba'al rainfed discipline", "evidence": { "final_ndvi_mean": 0.3470924496650696, "health_index": 43.4, "confidence_score": 0.85, "shadow_fraction": 0.0, "crown_area_m2": 50.75, "review_status": "unreviewed" }, "recommended_task": "Field inspection: check irrigation, pruning, stress.", "confidence_score": 0.85, "status": "open", "alert_id": "ALERT-V1-00044" }, "geometry": { "type": "Point", "coordinates": [ 35.392030731184654, 32.926067225713069 ] } },
{ "type": "Feature", "properties": { "alert_type": "low_vigor_tree", "severity": "medium", "grove_code": "MORAN", "tree_code_optional": "KOG-MORAN-0074", "related_rule": "Ba'al rainfed discipline", "evidence": { "final_ndvi_mean": 0.3157831132411957, "health_index": 33.2, "confidence_score": 0.85, "shadow_fraction": 0.0, "crown_area_m2": 38.0, "review_status": "unreviewed" }, "recommended_task": "Field inspection: check irrigation, pruning, stress.", "confidence_score": 0.85, "status": "open", "alert_id": "ALERT-V1-00045" }, "geometry": { "type": "Point", "coordinates": [ 35.391255708145088, 32.92753560258663 ] } },
{ "type": "Feature", "properties": { "alert_type": "low_vigor_tree", "severity": "medium", "grove_code": "MORAN", "tree_code_optional": "KOG-MORAN-0075", "related_rule": "Ba'al rainfed discipline", "evidence": { "final_ndvi_mean": 0.3073797821998596, "health_index": 31.5, "confidence_score": 0.85, "shadow_fraction": 0.0, "crown_area_m2": 39.0, "review_status": "unreviewed" }, "recommended_task": "Field inspection: check irrigation, pruning, stress.", "confidence_score": 0.85, "status": "open", "alert_id": "ALERT-V1-00046" }, "geometry": { "type": "Point", "coordinates": [ 35.391342420986732, 32.927529126666904 ] } },
{ "type": "Feature", "properties": { "alert_type": "low_vigor_tree", "severity": "medium", "grove_code": "MORAN", "tree_code_optional": "KOG-MORAN-0076", "related_rule": "Ba'al rainfed discipline", "evidence": { "final_ndvi_mean": 0.3271653652191162, "health_index": 35.4, "confidence_score": 0.85, "shadow_fraction": 0.0, "crown_area_m2": 53.5, "review_status": "unreviewed" }, "recommended_task": "Field inspection: check irrigation, pruning, stress.", "confidence_score": 0.85, "status": "open", "alert_id": "ALERT-V1-00047" }, "geometry": { "type": "Point", "coordinates": [ 35.392401768448323, 32.927472926380091 ] } },
{ "type": "Feature", "properties": { "alert_type": "low_vigor_tree", "severity": "medium", "grove_code": "MORAN", "tree_code_optional": "KOG-MORAN-0077", "related_rule": "Ba'al rainfed discipline", "evidence": { "final_ndvi_mean": 0.3205893635749817, "health_index": 34.1, "confidence_score": 0.85, "shadow_fraction": 0.0, "crown_area_m2": 38.25, "review_status": "unreviewed" }, "recommended_task": "Field inspection: check irrigation, pruning, stress.", "confidence_score": 0.85, "status": "open", "alert_id": "ALERT-V1-00048" }, "geometry": { "type": "Point", "coordinates": [ 35.392211254693152, 32.927367964584818 ] } },
{ "type": "Feature", "properties": { "alert_type": "low_vigor_tree", "severity": "medium", "grove_code": "MORAN", "tree_code_optional": "KOG-MORAN-0079", "related_rule": "Ba'al rainfed discipline", "evidence": { "final_ndvi_mean": 0.3231275975704193, "health_index": 38.6, "confidence_score": 0.85, "shadow_fraction": 0.0, "crown_area_m2": 22.25, "review_status": "unreviewed" }, "recommended_task": "Field inspection: check irrigation, pruning, stress.", "confidence_score": 0.85, "status": "open", "alert_id": "ALERT-V1-00049" }, "geometry": { "type": "Point", "coordinates": [ 35.39237961173059, 32.927704442109075 ] } },
{ "type": "Feature", "properties": { "alert_type": "low_vigor_tree", "severity": "medium", "grove_code": "MORAN", "tree_code_optional": "KOG-MORAN-0080", "related_rule": "Ba'al rainfed discipline", "evidence": { "final_ndvi_mean": 0.34376633167266846, "health_index": 42.8, "confidence_score": 0.85, "shadow_fraction": 0.0, "crown_area_m2": 45.75, "review_status": "unreviewed" }, "recommended_task": "Field inspection: check irrigation, pruning, stress.", "confidence_score": 0.85, "status": "open", "alert_id": "ALERT-V1-00050" }, "geometry": { "type": "Point", "coordinates": [ 35.39141646548935, 32.9275113826479 ] } },
{ "type": "Feature", "properties": { "alert_type": "low_vigor_tree", "severity": "medium", "grove_code": "MORAN", "tree_code_optional": "KOG-MORAN-0082", "related_rule": "Ba'al rainfed discipline", "evidence": { "final_ndvi_mean": 0.33641713857650757, "health_index": 41.3, "confidence_score": 0.85, "shadow_fraction": 0.0, "crown_area_m2": 36.0, "review_status": "unreviewed" }, "recommended_task": "Field inspection: check irrigation, pruning, stress.", "confidence_score": 0.85, "status": "open", "alert_id": "ALERT-V1-00051" }, "geometry": { "type": "Point", "coordinates": [ 35.391894372014256, 32.926170983948325 ] } },
{ "type": "Feature", "properties": { "alert_type": "low_vigor_tree", "severity": "medium", "grove_code": "MORAN", "tree_code_optional": "KOG-MORAN-0083", "related_rule": "Ba'al rainfed discipline", "evidence": { "final_ndvi_mean": 0.329752117395401, "health_index": 40.0, "confidence_score": 0.85, "shadow_fraction": 0.0, "crown_area_m2": 41.75, "review_status": "unreviewed" }, "recommended_task": "Field inspection: check irrigation, pruning, stress.", "confidence_score": 0.85, "status": "open", "alert_id": "ALERT-V1-00052" }, "geometry": { "type": "Point", "coordinates": [ 35.391812999246241, 32.926109640524949 ] } },
{ "type": "Feature", "properties": { "alert_type": "low_vigor_tree", "severity": "medium", "grove_code": "MORAN", "tree_code_optional": "KOG-MORAN-0085", "related_rule": "Ba'al rainfed discipline", "evidence": { "final_ndvi_mean": 0.3154693841934204, "health_index": 37.1, "confidence_score": 0.85, "shadow_fraction": 0.0, "crown_area_m2": 24.25, "review_status": "unreviewed" }, "recommended_task": "Field inspection: check irrigation, pruning, stress.", "confidence_score": 0.85, "status": "open", "alert_id": "ALERT-V1-00053" }, "geometry": { "type": "Point", "coordinates": [ 35.39120031483553, 32.927546374402652 ] } },
{ "type": "Feature", "properties": { "alert_type": "low_vigor_tree", "severity": "medium", "grove_code": "MORAN", "tree_code_optional": "KOG-MORAN-0086", "related_rule": "Ba'al rainfed discipline", "evidence": { "final_ndvi_mean": 0.3030780553817749, "health_index": 30.6, "confidence_score": 0.85, "shadow_fraction": 0.0, "crown_area_m2": 40.0, "review_status": "unreviewed" }, "recommended_task": "Field inspection: check irrigation, pruning, stress.", "confidence_score": 0.85, "status": "open", "alert_id": "ALERT-V1-00054" }, "geometry": { "type": "Point", "coordinates": [ 35.392663924220372, 32.927499217084311 ] } },
{ "type": "Feature", "properties": { "alert_type": "low_vigor_tree", "severity": "medium", "grove_code": "MORAN", "tree_code_optional": "KOG-MORAN-0087", "related_rule": "Ba'al rainfed discipline", "evidence": { "final_ndvi_mean": 0.3008337616920471, "health_index": 30.2, "confidence_score": 0.85, "shadow_fraction": 0.0, "crown_area_m2": 40.0, "review_status": "unreviewed" }, "recommended_task": "Field inspection: check irrigation, pruning, stress.", "confidence_score": 0.85, "status": "open", "alert_id": "ALERT-V1-00055" }, "geometry": { "type": "Point", "coordinates": [ 35.392271115956092, 32.927487973545098 ] } },
{ "type": "Feature", "properties": { "alert_type": "low_vigor_tree", "severity": "medium", "grove_code": "MORAN", "tree_code_optional": "KOG-MORAN-0088", "related_rule": "Ba'al rainfed discipline", "evidence": { "final_ndvi_mean": 0.3531719446182251, "health_index": 44.6, "confidence_score": 0.85, "shadow_fraction": 0.0, "crown_area_m2": 32.75, "review_status": "unreviewed" }, "recommended_task": "Field inspection: check irrigation, pruning, stress.", "confidence_score": 0.85, "status": "open", "alert_id": "ALERT-V1-00056" }, "geometry": { "type": "Point", "coordinates": [ 35.392579505356942, 32.927198678815088 ] } },
{ "type": "Feature", "properties": { "alert_type": "low_vigor_tree", "severity": "medium", "grove_code": "MORAN", "tree_code_optional": "KOG-MORAN-0089", "related_rule": "Ba'al rainfed discipline", "evidence": { "final_ndvi_mean": 0.3425222933292389, "health_index": 42.5, "confidence_score": 0.85, "shadow_fraction": 0.0, "crown_area_m2": 28.5, "review_status": "unreviewed" }, "recommended_task": "Field inspection: check irrigation, pruning, stress.", "confidence_score": 0.85, "status": "open", "alert_id": "ALERT-V1-00057" }, "geometry": { "type": "Point", "coordinates": [ 35.392450355150316, 32.926648317423464 ] } },
{ "type": "Feature", "properties": { "alert_type": "low_vigor_tree", "severity": "medium", "grove_code": "MORAN", "tree_code_optional": "KOG-MORAN-0091", "related_rule": "Ba'al rainfed discipline", "evidence": { "final_ndvi_mean": 0.3153018057346344, "health_index": 37.1, "confidence_score": 0.85, "shadow_fraction": 0.0, "crown_area_m2": 32.5, "review_status": "unreviewed" }, "recommended_task": "Field inspection: check irrigation, pruning, stress.", "confidence_score": 0.85, "status": "open", "alert_id": "ALERT-V1-00058" }, "geometry": { "type": "Point", "coordinates": [ 35.391733836434128, 32.926396066578448 ] } },
{ "type": "Feature", "properties": { "alert_type": "low_vigor_tree", "severity": "medium", "grove_code": "MORAN", "tree_code_optional": "KOG-MORAN-0094", "related_rule": "Ba'al rainfed discipline", "evidence": { "final_ndvi_mean": 0.32489463686943054, "health_index": 39.0, "confidence_score": 0.85, "shadow_fraction": 0.0, "crown_area_m2": 34.25, "review_status": "unreviewed" }, "recommended_task": "Field inspection: check irrigation, pruning, stress.", "confidence_score": 0.85, "status": "open", "alert_id": "ALERT-V1-00059" }, "geometry": { "type": "Point", "coordinates": [ 35.39259106522141, 32.927658112670478 ] } },
{ "type": "Feature", "properties": { "alert_type": "low_vigor_tree", "severity": "medium", "grove_code": "MORAN", "tree_code_optional": "KOG-MORAN-0095", "related_rule": "Ba'al rainfed discipline", "evidence": { "final_ndvi_mean": 0.3153165578842163, "health_index": 33.1, "confidence_score": 0.85, "shadow_fraction": 0.0, "crown_area_m2": 42.5, "review_status": "unreviewed" }, "recommended_task": "Field inspection: check irrigation, pruning, stress.", "confidence_score": 0.85, "status": "open", "alert_id": "ALERT-V1-00060" }, "geometry": { "type": "Point", "coordinates": [ 35.39184826677743, 32.927610893480733 ] } },
{ "type": "Feature", "properties": { "alert_type": "low_vigor_tree", "severity": "medium", "grove_code": "MORAN", "tree_code_optional": "KOG-MORAN-0096", "related_rule": "Ba'al rainfed discipline", "evidence": { "final_ndvi_mean": 0.31782546639442444, "health_index": 37.6, "confidence_score": 0.85, "shadow_fraction": 0.0, "crown_area_m2": 35.5, "review_status": "unreviewed" }, "recommended_task": "Field inspection: check irrigation, pruning, stress.", "confidence_score": 0.85, "status": "open", "alert_id": "ALERT-V1-00061" }, "geometry": { "type": "Point", "coordinates": [ 35.391724761631075, 32.927513352955813 ] } },
{ "type": "Feature", "properties": { "alert_type": "low_vigor_tree", "severity": "medium", "grove_code": "MORAN", "tree_code_optional": "KOG-MORAN-0098", "related_rule": "Ba'al rainfed discipline", "evidence": { "final_ndvi_mean": 0.29354119300842285, "health_index": 32.7, "confidence_score": 0.85, "shadow_fraction": 0.0, "crown_area_m2": 29.5, "review_status": "unreviewed" }, "recommended_task": "Field inspection: check irrigation, pruning, stress.", "confidence_score": 0.85, "status": "open", "alert_id": "ALERT-V1-00062" }, "geometry": { "type": "Point", "coordinates": [ 35.391446849912029, 32.92627414705521 ] } },
{ "type": "Feature", "properties": { "alert_type": "low_vigor_tree", "severity": "medium", "grove_code": "MORAN", "tree_code_optional": "KOG-MORAN-0099", "related_rule": "Ba'al rainfed discipline", "evidence": { "final_ndvi_mean": 0.3124220073223114, "health_index": 36.5, "confidence_score": 0.85, "shadow_fraction": 0.0, "crown_area_m2": 22.25, "review_status": "unreviewed" }, "recommended_task": "Field inspection: check irrigation, pruning, stress.", "confidence_score": 0.85, "status": "open", "alert_id": "ALERT-V1-00063" }, "geometry": { "type": "Point", "coordinates": [ 35.392302104497738, 32.926199413359932 ] } },
{ "type": "Feature", "properties": { "alert_type": "low_vigor_tree", "severity": "medium", "grove_code": "MORAN", "tree_code_optional": "KOG-MORAN-0100", "related_rule": "Ba'al rainfed discipline", "evidence": { "final_ndvi_mean": 0.3210369646549225, "health_index": 34.2, "confidence_score": 0.85, "shadow_fraction": 0.0, "crown_area_m2": 36.25, "review_status": "unreviewed" }, "recommended_task": "Field inspection: check irrigation, pruning, stress.", "confidence_score": 0.85, "status": "open", "alert_id": "ALERT-V1-00064" }, "geometry": { "type": "Point", "coordinates": [ 35.391217147830091, 32.926193217357991 ] } },
{ "type": "Feature", "properties": { "alert_type": "low_vigor_tree", "severity": "medium", "grove_code": "MORAN", "tree_code_optional": "KOG-MORAN-0101", "related_rule": "Ba'al rainfed discipline", "evidence": { "final_ndvi_mean": 0.31476205587387085, "health_index": 37.0, "confidence_score": 0.85, "shadow_fraction": 0.0, "crown_area_m2": 30.5, "review_status": "unreviewed" }, "recommended_task": "Field inspection: check irrigation, pruning, stress.", "confidence_score": 0.85, "status": "open", "alert_id": "ALERT-V1-00065" }, "geometry": { "type": "Point", "coordinates": [ 35.391314715716007, 32.926130341201784 ] } },
{ "type": "Feature", "properties": { "alert_type": "low_vigor_tree", "severity": "medium", "grove_code": "MORAN", "tree_code_optional": "KOG-MORAN-0102", "related_rule": "Ba'al rainfed discipline", "evidence": { "final_ndvi_mean": 0.32098305225372314, "health_index": 38.2, "confidence_score": 0.85, "shadow_fraction": 0.0, "crown_area_m2": 31.0, "review_status": "unreviewed" }, "recommended_task": "Field inspection: check irrigation, pruning, stress.", "confidence_score": 0.85, "status": "open", "alert_id": "ALERT-V1-00066" }, "geometry": { "type": "Point", "coordinates": [ 35.39126127431355, 32.927820209056762 ] } },
{ "type": "Feature", "properties": { "alert_type": "low_vigor_tree", "severity": "medium", "grove_code": "MORAN", "tree_code_optional": "KOG-MORAN-0103", "related_rule": "Ba'al rainfed discipline", "evidence": { "final_ndvi_mean": 0.32092803716659546, "health_index": 38.2, "confidence_score": 0.85, "shadow_fraction": 0.0, "crown_area_m2": 32.25, "review_status": "unreviewed" }, "recommended_task": "Field inspection: check irrigation, pruning, stress.", "confidence_score": 0.85, "status": "open", "alert_id": "ALERT-V1-00067" }, "geometry": { "type": "Point", "coordinates": [ 35.392183512766273, 32.927737148165335 ] } },
{ "type": "Feature", "properties": { "alert_type": "low_vigor_tree", "severity": "medium", "grove_code": "MORAN", "tree_code_optional": "KOG-MORAN-0104", "related_rule": "Ba'al rainfed discipline", "evidence": { "final_ndvi_mean": 0.3036138713359833, "health_index": 30.7, "confidence_score": 0.85, "shadow_fraction": 0.0, "crown_area_m2": 29.5, "review_status": "unreviewed" }, "recommended_task": "Field inspection: check irrigation, pruning, stress.", "confidence_score": 0.85, "status": "open", "alert_id": "ALERT-V1-00068" }, "geometry": { "type": "Point", "coordinates": [ 35.392462842529085, 32.927607240227175 ] } },
{ "type": "Feature", "properties": { "alert_type": "low_vigor_tree", "severity": "medium", "grove_code": "MORAN", "tree_code_optional": "KOG-MORAN-0105", "related_rule": "Ba'al rainfed discipline", "evidence": { "final_ndvi_mean": 0.31760069727897644, "health_index": 37.5, "confidence_score": 0.85, "shadow_fraction": 0.0, "crown_area_m2": 29.25, "review_status": "unreviewed" }, "recommended_task": "Field inspection: check irrigation, pruning, stress.", "confidence_score": 0.85, "status": "open", "alert_id": "ALERT-V1-00069" }, "geometry": { "type": "Point", "coordinates": [ 35.392703515305975, 32.927603051254472 ] } },
{ "type": "Feature", "properties": { "alert_type": "low_vigor_tree", "severity": "medium", "grove_code": "MORAN", "tree_code_optional": "KOG-MORAN-0106", "related_rule": "Ba'al rainfed discipline", "evidence": { "final_ndvi_mean": 0.3243696391582489, "health_index": 38.9, "confidence_score": 0.85, "shadow_fraction": 0.0, "crown_area_m2": 29.0, "review_status": "unreviewed" }, "recommended_task": "Field inspection: check irrigation, pruning, stress.", "confidence_score": 0.85, "status": "open", "alert_id": "ALERT-V1-00070" }, "geometry": { "type": "Point", "coordinates": [ 35.391265760515701, 32.927623665826644 ] } },
{ "type": "Feature", "properties": { "alert_type": "low_vigor_tree", "severity": "medium", "grove_code": "MORAN", "tree_code_optional": "KOG-MORAN-0107", "related_rule": "Ba'al rainfed discipline", "evidence": { "final_ndvi_mean": 0.33369991183280945, "health_index": 40.7, "confidence_score": 0.85, "shadow_fraction": 0.0, "crown_area_m2": 31.25, "review_status": "unreviewed" }, "recommended_task": "Field inspection: check irrigation, pruning, stress.", "confidence_score": 0.85, "status": "open", "alert_id": "ALERT-V1-00071" }, "geometry": { "type": "Point", "coordinates": [ 35.392795556816985, 32.927582599482825 ] } },
{ "type": "Feature", "properties": { "alert_type": "low_vigor_tree", "severity": "medium", "grove_code": "MORAN", "tree_code_optional": "KOG-MORAN-0109", "related_rule": "Ba'al rainfed discipline", "evidence": { "final_ndvi_mean": 0.30773162841796875, "health_index": 35.5, "confidence_score": 0.85, "shadow_fraction": 0.0, "crown_area_m2": 27.75, "review_status": "unreviewed" }, "recommended_task": "Field inspection: check irrigation, pruning, stress.", "confidence_score": 0.85, "status": "open", "alert_id": "ALERT-V1-00072" }, "geometry": { "type": "Point", "coordinates": [ 35.392550212011464, 32.927537265883899 ] } },
{ "type": "Feature", "properties": { "alert_type": "low_vigor_tree", "severity": "medium", "grove_code": "MORAN", "tree_code_optional": "KOG-MORAN-0110", "related_rule": "Ba'al rainfed discipline", "evidence": { "final_ndvi_mean": 0.30874648690223694, "health_index": 31.7, "confidence_score": 0.85, "shadow_fraction": 0.0, "crown_area_m2": 35.0, "review_status": "unreviewed" }, "recommended_task": "Field inspection: check irrigation, pruning, stress.", "confidence_score": 0.85, "status": "open", "alert_id": "ALERT-V1-00073" }, "geometry": { "type": "Point", "coordinates": [ 35.392630592435637, 32.926674178034901 ] } },
{ "type": "Feature", "properties": { "alert_type": "low_vigor_tree", "severity": "medium", "grove_code": "MORAN", "tree_code_optional": "KOG-MORAN-0111", "related_rule": "Ba'al rainfed discipline", "evidence": { "final_ndvi_mean": 0.320991575717926, "health_index": 38.2, "confidence_score": 0.85, "shadow_fraction": 0.0, "crown_area_m2": 34.5, "review_status": "unreviewed" }, "recommended_task": "Field inspection: check irrigation, pruning, stress.", "confidence_score": 0.85, "status": "open", "alert_id": "ALERT-V1-00074" }, "geometry": { "type": "Point", "coordinates": [ 35.391924949105274, 32.926026145650923 ] } },
{ "type": "Feature", "properties": { "alert_type": "low_vigor_tree", "severity": "medium", "grove_code": "MORAN", "tree_code_optional": "KOG-MORAN-0112", "related_rule": "Ba'al rainfed discipline", "evidence": { "final_ndvi_mean": 0.32023048400878906, "health_index": 38.0, "confidence_score": 0.85, "shadow_fraction": 0.0, "crown_area_m2": 28.0, "review_status": "unreviewed" }, "recommended_task": "Field inspection: check irrigation, pruning, stress.", "confidence_score": 0.85, "status": "open", "alert_id": "ALERT-V1-00075" }, "geometry": { "type": "Point", "coordinates": [ 35.391445310674442, 32.927694859463372 ] } },
{ "type": "Feature", "properties": { "alert_type": "low_vigor_tree", "severity": "medium", "grove_code": "MORAN", "tree_code_optional": "KOG-MORAN-0113", "related_rule": "Ba'al rainfed discipline", "evidence": { "final_ndvi_mean": 0.28597474098205566, "health_index": 27.2, "confidence_score": 0.85, "shadow_fraction": 0.0, "crown_area_m2": 32.0, "review_status": "unreviewed" }, "recommended_task": "Field inspection: check irrigation, pruning, stress.", "confidence_score": 0.85, "status": "open", "alert_id": "ALERT-V1-00076" }, "geometry": { "type": "Point", "coordinates": [ 35.392418669191464, 32.927567394666816 ] } },
{ "type": "Feature", "properties": { "alert_type": "low_vigor_tree", "severity": "medium", "grove_code": "MORAN", "tree_code_optional": "KOG-MORAN-0114", "related_rule": "Ba'al rainfed discipline", "evidence": { "final_ndvi_mean": 0.3437073528766632, "health_index": 38.7, "confidence_score": 0.85, "shadow_fraction": 0.0, "crown_area_m2": 25.0, "review_status": "unreviewed" }, "recommended_task": "Field inspection: check irrigation, pruning, stress.", "confidence_score": 0.85, "status": "open", "alert_id": "ALERT-V1-00077" }, "geometry": { "type": "Point", "coordinates": [ 35.392725617404274, 32.926526523266936 ] } },
{ "type": "Feature", "properties": { "alert_type": "low_vigor_tree", "severity": "medium", "grove_code": "MORAN", "tree_code_optional": "KOG-MORAN-0115", "related_rule": "Ba'al rainfed discipline", "evidence": { "final_ndvi_mean": 0.31923365592956543, "health_index": 37.8, "confidence_score": 0.85, "shadow_fraction": 0.0, "crown_area_m2": 29.5, "review_status": "unreviewed" }, "recommended_task": "Field inspection: check irrigation, pruning, stress.", "confidence_score": 0.85, "status": "open", "alert_id": "ALERT-V1-00078" }, "geometry": { "type": "Point", "coordinates": [ 35.392199977338812, 32.926128288496372 ] } },
{ "type": "Feature", "properties": { "alert_type": "low_vigor_tree", "severity": "medium", "grove_code": "MORAN", "tree_code_optional": "KOG-MORAN-0116", "related_rule": "Ba'al rainfed discipline", "evidence": { "final_ndvi_mean": 0.3100326657295227, "health_index": 36.0, "confidence_score": 0.85, "shadow_fraction": 0.0, "crown_area_m2": 28.5, "review_status": "unreviewed" }, "recommended_task": "Field inspection: check irrigation, pruning, stress.", "confidence_score": 0.85, "status": "open", "alert_id": "ALERT-V1-00079" }, "geometry": { "type": "Point", "coordinates": [ 35.391666657077415, 32.927605310836761 ] } },
{ "type": "Feature", "properties": { "alert_type": "low_vigor_tree", "severity": "medium", "grove_code": "MORAN", "tree_code_optional": "KOG-MORAN-0117", "related_rule": "Ba'al rainfed discipline", "evidence": { "final_ndvi_mean": 0.2789705693721771, "health_index": 25.8, "confidence_score": 0.85, "shadow_fraction": 0.0, "crown_area_m2": 31.0, "review_status": "unreviewed" }, "recommended_task": "Field inspection: check irrigation, pruning, stress.", "confidence_score": 0.85, "status": "open", "alert_id": "ALERT-V1-00080" }, "geometry": { "type": "Point", "coordinates": [ 35.39199186210471, 32.926298122929815 ] } },
{ "type": "Feature", "properties": { "alert_type": "low_vigor_tree", "severity": "medium", "grove_code": "MORAN", "tree_code_optional": "KOG-MORAN-0118", "related_rule": "Ba'al rainfed discipline", "evidence": { "final_ndvi_mean": 0.3101835250854492, "health_index": 36.0, "confidence_score": 0.85, "shadow_fraction": 0.0, "crown_area_m2": 27.75, "review_status": "unreviewed" }, "recommended_task": "Field inspection: check irrigation, pruning, stress.", "confidence_score": 0.85, "status": "open", "alert_id": "ALERT-V1-00081" }, "geometry": { "type": "Point", "coordinates": [ 35.391329976709685, 32.927892645695096 ] } },
{ "type": "Feature", "properties": { "alert_type": "low_vigor_tree", "severity": "medium", "grove_code": "MORAN", "tree_code_optional": "KOG-MORAN-0119", "related_rule": "Ba'al rainfed discipline", "evidence": { "final_ndvi_mean": 0.29548153281211853, "health_index": 33.1, "confidence_score": 0.85, "shadow_fraction": 0.0, "crown_area_m2": 20.0, "review_status": "unreviewed" }, "recommended_task": "Field inspection: check irrigation, pruning, stress.", "confidence_score": 0.85, "status": "open", "alert_id": "ALERT-V1-00082" }, "geometry": { "type": "Point", "coordinates": [ 35.391233753072164, 32.927707145887858 ] } },
{ "type": "Feature", "properties": { "alert_type": "low_vigor_tree", "severity": "medium", "grove_code": "MORAN", "tree_code_optional": "KOG-MORAN-0120", "related_rule": "Ba'al rainfed discipline", "evidence": { "final_ndvi_mean": 0.30509525537490845, "health_index": 35.0, "confidence_score": 0.85, "shadow_fraction": 0.0, "crown_area_m2": 21.25, "review_status": "unreviewed" }, "recommended_task": "Field inspection: check irrigation, pruning, stress.", "confidence_score": 0.85, "status": "open", "alert_id": "ALERT-V1-00083" }, "geometry": { "type": "Point", "coordinates": [ 35.391327730668607, 32.927686393998549 ] } },
{ "type": "Feature", "properties": { "alert_type": "low_vigor_tree", "severity": "medium", "grove_code": "MORAN", "tree_code_optional": "KOG-MORAN-0121", "related_rule": "Ba'al rainfed discipline", "evidence": { "final_ndvi_mean": 0.31177452206611633, "health_index": 36.4, "confidence_score": 0.85, "shadow_fraction": 0.0, "crown_area_m2": 23.5, "review_status": "unreviewed" }, "recommended_task": "Field inspection: check irrigation, pruning, stress.", "confidence_score": 0.85, "status": "open", "alert_id": "ALERT-V1-00084" }, "geometry": { "type": "Point", "coordinates": [ 35.391772421502495, 32.927578118051926 ] } },
{ "type": "Feature", "properties": { "alert_type": "low_vigor_tree", "severity": "medium", "grove_code": "MORAN", "tree_code_optional": "KOG-MORAN-0122", "related_rule": "Ba'al rainfed discipline", "evidence": { "final_ndvi_mean": 0.3105739653110504, "health_index": 32.1, "confidence_score": 0.85, "shadow_fraction": 0.0, "crown_area_m2": 28.5, "review_status": "unreviewed" }, "recommended_task": "Field inspection: check irrigation, pruning, stress.", "confidence_score": 0.85, "status": "open", "alert_id": "ALERT-V1-00085" }, "geometry": { "type": "Point", "coordinates": [ 35.391908940999734, 32.927564246679161 ] } },
{ "type": "Feature", "properties": { "alert_type": "low_vigor_tree", "severity": "medium", "grove_code": "MORAN", "tree_code_optional": "KOG-MORAN-0123", "related_rule": "Ba'al rainfed discipline", "evidence": { "final_ndvi_mean": 0.29286155104637146, "health_index": 28.6, "confidence_score": 0.85, "shadow_fraction": 0.0, "crown_area_m2": 30.0, "review_status": "unreviewed" }, "recommended_task": "Field inspection: check irrigation, pruning, stress.", "confidence_score": 0.85, "status": "open", "alert_id": "ALERT-V1-00086" }, "geometry": { "type": "Point", "coordinates": [ 35.392752651531701, 32.927472071959507 ] } },
{ "type": "Feature", "properties": { "alert_type": "low_vigor_tree", "severity": "medium", "grove_code": "MORAN", "tree_code_optional": "KOG-MORAN-0125", "related_rule": "Ba'al rainfed discipline", "evidence": { "final_ndvi_mean": 0.28444963693618774, "health_index": 30.9, "confidence_score": 0.85, "shadow_fraction": 0.0, "crown_area_m2": 23.5, "review_status": "unreviewed" }, "recommended_task": "Field inspection: check irrigation, pruning, stress.", "confidence_score": 0.85, "status": "open", "alert_id": "ALERT-V1-00087" }, "geometry": { "type": "Point", "coordinates": [ 35.391728820390284, 32.926283875034358 ] } },
{ "type": "Feature", "properties": { "alert_type": "low_vigor_tree", "severity": "medium", "grove_code": "MORAN", "tree_code_optional": "KOG-MORAN-0126", "related_rule": "Ba'al rainfed discipline", "evidence": { "final_ndvi_mean": 0.3083120584487915, "health_index": 35.7, "confidence_score": 0.85, "shadow_fraction": 0.0, "crown_area_m2": 23.0, "review_status": "unreviewed" }, "recommended_task": "Field inspection: check irrigation, pruning, stress.", "confidence_score": 0.85, "status": "open", "alert_id": "ALERT-V1-00088" }, "geometry": { "type": "Point", "coordinates": [ 35.391863621893236, 32.926046187573355 ] } },
{ "type": "Feature", "properties": { "alert_type": "low_vigor_tree", "severity": "medium", "grove_code": "MORAN", "tree_code_optional": "KOG-MORAN-0127", "related_rule": "Ba'al rainfed discipline", "evidence": { "final_ndvi_mean": 0.2868114709854126, "health_index": 27.4, "confidence_score": 0.85, "shadow_fraction": 0.0, "crown_area_m2": 22.75, "review_status": "unreviewed" }, "recommended_task": "Field inspection: check irrigation, pruning, stress.", "confidence_score": 0.85, "status": "open", "alert_id": "ALERT-V1-00089" }, "geometry": { "type": "Point", "coordinates": [ 35.392615264870635, 32.927571172000476 ] } },
{ "type": "Feature", "properties": { "alert_type": "low_vigor_tree", "severity": "medium", "grove_code": "MORAN", "tree_code_optional": "KOG-MORAN-0129", "related_rule": "Ba'al rainfed discipline", "evidence": { "final_ndvi_mean": 0.2870497405529022, "health_index": 31.4, "confidence_score": 0.85, "shadow_fraction": 0.0, "crown_area_m2": 18.0, "review_status": "unreviewed" }, "recommended_task": "Field inspection: check irrigation, pruning, stress.", "confidence_score": 0.85, "status": "open", "alert_id": "ALERT-V1-00090" }, "geometry": { "type": "Point", "coordinates": [ 35.392109627752944, 32.926150424280181 ] } },
{ "type": "Feature", "properties": { "alert_type": "low_vigor_tree", "severity": "medium", "grove_code": "MORAN", "tree_code_optional": "KOG-MORAN-0130", "related_rule": "Ba'al rainfed discipline", "evidence": { "final_ndvi_mean": 0.2845701277256012, "health_index": 26.9, "confidence_score": 0.85, "shadow_fraction": 0.0, "crown_area_m2": 21.75, "review_status": "unreviewed" }, "recommended_task": "Field inspection: check irrigation, pruning, stress.", "confidence_score": 0.85, "status": "open", "alert_id": "ALERT-V1-00091" }, "geometry": { "type": "Point", "coordinates": [ 35.391551088771195, 32.926146785650992 ] } },
{ "type": "Feature", "properties": { "alert_type": "low_vigor_tree", "severity": "medium", "grove_code": "MORAN", "tree_code_optional": "KOG-MORAN-0131", "related_rule": "Ba'al rainfed discipline", "evidence": { "final_ndvi_mean": 0.33909764885902405, "health_index": 41.8, "confidence_score": 0.85, "shadow_fraction": 0.0, "crown_area_m2": 27.0, "review_status": "unreviewed" }, "recommended_task": "Field inspection: check irrigation, pruning, stress.", "confidence_score": 0.85, "status": "open", "alert_id": "ALERT-V1-00092" }, "geometry": { "type": "Point", "coordinates": [ 35.391241234334267, 32.92607287092288 ] } },
{ "type": "Feature", "properties": { "alert_type": "low_vigor_tree", "severity": "medium", "grove_code": "MORAN", "tree_code_optional": "KOG-MORAN-0132", "related_rule": "Ba'al rainfed discipline", "evidence": { "final_ndvi_mean": 0.29370394349098206, "health_index": 32.7, "confidence_score": 0.85, "shadow_fraction": 0.0, "crown_area_m2": 19.5, "review_status": "unreviewed" }, "recommended_task": "Field inspection: check irrigation, pruning, stress.", "confidence_score": 0.85, "status": "open", "alert_id": "ALERT-V1-00093" }, "geometry": { "type": "Point", "coordinates": [ 35.391249452366559, 32.927932954224929 ] } },
{ "type": "Feature", "properties": { "alert_type": "low_vigor_tree", "severity": "medium", "grove_code": "MORAN", "tree_code_optional": "KOG-MORAN-0133", "related_rule": "Ba'al rainfed discipline", "evidence": { "final_ndvi_mean": 0.29821574687957764, "health_index": 33.6, "confidence_score": 0.85, "shadow_fraction": 0.0, "crown_area_m2": 18.25, "review_status": "unreviewed" }, "recommended_task": "Field inspection: check irrigation, pruning, stress.", "confidence_score": 0.85, "status": "open", "alert_id": "ALERT-V1-00094" }, "geometry": { "type": "Point", "coordinates": [ 35.392048548327722, 32.927760165007037 ] } },
{ "type": "Feature", "properties": { "alert_type": "low_vigor_tree", "severity": "medium", "grove_code": "MORAN", "tree_code_optional": "KOG-MORAN-0134", "related_rule": "Ba'al rainfed discipline", "evidence": { "final_ndvi_mean": 0.2523547112941742, "health_index": 10.5, "confidence_score": 0.85, "shadow_fraction": 0.0, "crown_area_m2": 16.75, "review_status": "unreviewed" }, "recommended_task": "Field inspection: check irrigation, pruning, stress.", "confidence_score": 0.85, "status": "open", "alert_id": "ALERT-V1-00095" }, "geometry": { "type": "Point", "coordinates": [ 35.391773432493224, 32.927490002548353 ] } },
{ "type": "Feature", "properties": { "alert_type": "low_vigor_tree", "severity": "medium", "grove_code": "MORAN", "tree_code_optional": "KOG-MORAN-0136", "related_rule": "Ba'al rainfed discipline", "evidence": { "final_ndvi_mean": 0.2905815839767456, "health_index": 28.1, "confidence_score": 0.85, "shadow_fraction": 0.0, "crown_area_m2": 20.5, "review_status": "unreviewed" }, "recommended_task": "Field inspection: check irrigation, pruning, stress.", "confidence_score": 0.85, "status": "open", "alert_id": "ALERT-V1-00096" }, "geometry": { "type": "Point", "coordinates": [ 35.391283053230822, 32.926257574582969 ] } },
{ "type": "Feature", "properties": { "alert_type": "low_vigor_tree", "severity": "medium", "grove_code": "MORAN", "tree_code_optional": "KOG-MORAN-0137", "related_rule": "Ba'al rainfed discipline", "evidence": { "final_ndvi_mean": 0.26656660437583923, "health_index": 27.3, "confidence_score": 0.85, "shadow_fraction": 0.0, "crown_area_m2": 16.25, "review_status": "unreviewed" }, "recommended_task": "Field inspection: check irrigation, pruning, stress.", "confidence_score": 0.85, "status": "open", "alert_id": "ALERT-V1-00097" }, "geometry": { "type": "Point", "coordinates": [ 35.392360651842715, 32.927531160707069 ] } },
{ "type": "Feature", "properties": { "alert_type": "low_vigor_tree", "severity": "medium", "grove_code": "MORAN", "tree_code_optional": "KOG-MORAN-0138", "related_rule": "Ba'al rainfed discipline", "evidence": { "final_ndvi_mean": 0.29235580563545227, "health_index": 32.5, "confidence_score": 0.85, "shadow_fraction": 0.0, "crown_area_m2": 14.75, "review_status": "unreviewed" }, "recommended_task": "Field inspection: check irrigation, pruning, stress.", "confidence_score": 0.85, "status": "open", "alert_id": "ALERT-V1-00098" }, "geometry": { "type": "Point", "coordinates": [ 35.391477087563146, 32.927772799911281 ] } },
{ "type": "Feature", "properties": { "alert_type": "low_vigor_tree", "severity": "medium", "grove_code": "MORAN", "tree_code_optional": "KOG-MORAN-0139", "related_rule": "Ba'al rainfed discipline", "evidence": { "final_ndvi_mean": 0.2841196358203888, "health_index": 30.8, "confidence_score": 0.85, "shadow_fraction": 0.0, "crown_area_m2": 14.5, "review_status": "unreviewed" }, "recommended_task": "Field inspection: check irrigation, pruning, stress.", "confidence_score": 0.85, "status": "open", "alert_id": "ALERT-V1-00099" }, "geometry": { "type": "Point", "coordinates": [ 35.391305257730934, 32.92776065589414 ] } },
{ "type": "Feature", "properties": { "alert_type": "low_vigor_tree", "severity": "medium", "grove_code": "MORAN", "tree_code_optional": "KOG-MORAN-0140", "related_rule": "Ba'al rainfed discipline", "evidence": { "final_ndvi_mean": 0.28764694929122925, "health_index": 31.5, "confidence_score": 0.85, "shadow_fraction": 0.0, "crown_area_m2": 15.0, "review_status": "unreviewed" }, "recommended_task": "Field inspection: check irrigation, pruning, stress.", "confidence_score": 0.85, "status": "open", "alert_id": "ALERT-V1-00100" }, "geometry": { "type": "Point", "coordinates": [ 35.391446205822497, 32.92762975713687 ] } },
{ "type": "Feature", "properties": { "alert_type": "low_vigor_tree", "severity": "medium", "grove_code": "MORAN", "tree_code_optional": "KOG-MORAN-0141", "related_rule": "Ba'al rainfed discipline", "evidence": { "final_ndvi_mean": 0.27539685368537903, "health_index": 29.1, "confidence_score": 0.85, "shadow_fraction": 0.0, "crown_area_m2": 22.25, "review_status": "unreviewed" }, "recommended_task": "Field inspection: check irrigation, pruning, stress.", "confidence_score": 0.85, "status": "open", "alert_id": "ALERT-V1-00101" }, "geometry": { "type": "Point", "coordinates": [ 35.392377702966535, 32.927610430589816 ] } },
{ "type": "Feature", "properties": { "alert_type": "low_vigor_tree", "severity": "medium", "grove_code": "MORAN", "tree_code_optional": "KOG-MORAN-0142", "related_rule": "Ba'al rainfed discipline", "evidence": { "final_ndvi_mean": 0.3008536100387573, "health_index": 34.2, "confidence_score": 0.85, "shadow_fraction": 0.0, "crown_area_m2": 17.5, "review_status": "unreviewed" }, "recommended_task": "Field inspection: check irrigation, pruning, stress.", "confidence_score": 0.85, "status": "open", "alert_id": "ALERT-V1-00102" }, "geometry": { "type": "Point", "coordinates": [ 35.392455549783143, 32.926441729825001 ] } },
{ "type": "Feature", "properties": { "alert_type": "low_vigor_tree", "severity": "medium", "grove_code": "MORAN", "tree_code_optional": "KOG-MORAN-0143", "related_rule": "Ba'al rainfed discipline", "evidence": { "final_ndvi_mean": 0.30609482526779175, "health_index": 35.2, "confidence_score": 0.85, "shadow_fraction": 0.0, "crown_area_m2": 19.0, "review_status": "unreviewed" }, "recommended_task": "Field inspection: check irrigation, pruning, stress.", "confidence_score": 0.85, "status": "open", "alert_id": "ALERT-V1-00103" }, "geometry": { "type": "Point", "coordinates": [ 35.391388654955342, 32.926069415960143 ] } },
{ "type": "Feature", "properties": { "alert_type": "low_vigor_tree", "severity": "medium", "grove_code": "MORAN", "tree_code_optional": "KOG-MORAN-0144", "related_rule": "Ba'al rainfed discipline", "evidence": { "final_ndvi_mean": 0.32435551285743713, "health_index": 38.9, "confidence_score": 0.85, "shadow_fraction": 0.0, "crown_area_m2": 14.0, "review_status": "unreviewed" }, "recommended_task": "Field inspection: check irrigation, pruning, stress.", "confidence_score": 0.85, "status": "open", "alert_id": "ALERT-V1-00104" }, "geometry": { "type": "Point", "coordinates": [ 35.391597965677846, 32.926063679811023 ] } },
{ "type": "Feature", "properties": { "alert_type": "low_vigor_tree", "severity": "medium", "grove_code": "MORAN", "tree_code_optional": "KOG-MORAN-0145", "related_rule": "Ba'al rainfed discipline", "evidence": { "final_ndvi_mean": 0.34433072805404663, "health_index": 42.9, "confidence_score": 0.85, "shadow_fraction": 0.0, "crown_area_m2": 10.5, "review_status": "unreviewed" }, "recommended_task": "Field inspection: check irrigation, pruning, stress.", "confidence_score": 0.85, "status": "open", "alert_id": "ALERT-V1-00105" }, "geometry": { "type": "Point", "coordinates": [ 35.391634525792604, 32.926063570242846 ] } },
{ "type": "Feature", "properties": { "alert_type": "low_vigor_tree", "severity": "medium", "grove_code": "MORAN", "tree_code_optional": "KOG-MORAN-0146", "related_rule": "Ba'al rainfed discipline", "evidence": { "final_ndvi_mean": 0.2825153172016144, "health_index": 30.5, "confidence_score": 0.85, "shadow_fraction": 0.0, "crown_area_m2": 12.75, "review_status": "unreviewed" }, "recommended_task": "Field inspection: check irrigation, pruning, stress.", "confidence_score": 0.85, "status": "open", "alert_id": "ALERT-V1-00106" }, "geometry": { "type": "Point", "coordinates": [ 35.391379520210236, 32.927633632917512 ] } },
{ "type": "Feature", "properties": { "alert_type": "low_vigor_tree", "severity": "medium", "grove_code": "MORAN", "tree_code_optional": "KOG-MORAN-0147", "related_rule": "Ba'al rainfed discipline", "evidence": { "final_ndvi_mean": 0.2742290794849396, "health_index": 24.8, "confidence_score": 0.85, "shadow_fraction": 0.0, "crown_area_m2": 18.0, "review_status": "unreviewed" }, "recommended_task": "Field inspection: check irrigation, pruning, stress.", "confidence_score": 0.85, "status": "open", "alert_id": "ALERT-V1-00107" }, "geometry": { "type": "Point", "coordinates": [ 35.392719631786996, 32.927381367319249 ] } },
{ "type": "Feature", "properties": { "alert_type": "low_vigor_tree", "severity": "medium", "grove_code": "MORAN", "tree_code_optional": "KOG-MORAN-0148", "related_rule": "Ba'al rainfed discipline", "evidence": { "final_ndvi_mean": 0.29000890254974365, "health_index": 32.0, "confidence_score": 0.85, "shadow_fraction": 0.0, "crown_area_m2": 11.75, "review_status": "unreviewed" }, "recommended_task": "Field inspection: check irrigation, pruning, stress.", "confidence_score": 0.85, "status": "open", "alert_id": "ALERT-V1-00108" }, "geometry": { "type": "Point", "coordinates": [ 35.392506941521098, 32.92658750320895 ] } },
{ "type": "Feature", "properties": { "alert_type": "low_vigor_tree", "severity": "medium", "grove_code": "MORAN", "tree_code_optional": "KOG-MORAN-0149", "related_rule": "Ba'al rainfed discipline", "evidence": { "final_ndvi_mean": 0.2657408118247986, "health_index": 27.1, "confidence_score": 0.85, "shadow_fraction": 0.0, "crown_area_m2": 11.25, "review_status": "unreviewed" }, "recommended_task": "Field inspection: check irrigation, pruning, stress.", "confidence_score": 0.85, "status": "open", "alert_id": "ALERT-V1-00109" }, "geometry": { "type": "Point", "coordinates": [ 35.392114873569078, 32.926304443569656 ] } },
{ "type": "Feature", "properties": { "alert_type": "low_vigor_tree", "severity": "medium", "grove_code": "MORAN", "tree_code_optional": "KOG-MORAN-0150", "related_rule": "Ba'al rainfed discipline", "evidence": { "final_ndvi_mean": 0.27021524310112, "health_index": 28.0, "confidence_score": 0.85, "shadow_fraction": 0.0, "crown_area_m2": 9.25, "review_status": "unreviewed" }, "recommended_task": "Field inspection: check irrigation, pruning, stress.", "confidence_score": 0.85, "status": "open", "alert_id": "ALERT-V1-00110" }, "geometry": { "type": "Point", "coordinates": [ 35.391833554028821, 32.927552006169776 ] } },
{ "type": "Feature", "properties": { "alert_type": "low_vigor_tree", "severity": "medium", "grove_code": "MORAN", "tree_code_optional": "KOG-MORAN-0152", "related_rule": "Ba'al rainfed discipline", "evidence": { "final_ndvi_mean": 0.2747313380241394, "health_index": 28.9, "confidence_score": 0.85, "shadow_fraction": 0.0, "crown_area_m2": 8.0, "review_status": "unreviewed" }, "recommended_task": "Field inspection: check irrigation, pruning, stress.", "confidence_score": 0.85, "status": "open", "alert_id": "ALERT-V1-00111" }, "geometry": { "type": "Point", "coordinates": [ 35.391529404403094, 32.927729861870844 ] } },
{ "type": "Feature", "properties": { "alert_type": "low_vigor_tree", "severity": "medium", "grove_code": "MORAN", "tree_code_optional": "KOG-MORAN-0154", "related_rule": "Ba'al rainfed discipline", "evidence": { "final_ndvi_mean": 0.3014993965625763, "health_index": 30.3, "confidence_score": 0.85, "shadow_fraction": 0.0, "crown_area_m2": 6.25, "review_status": "unreviewed" }, "recommended_task": "Field inspection: check irrigation, pruning, stress.", "confidence_score": 0.85, "status": "open", "alert_id": "ALERT-V1-00112" }, "geometry": { "type": "Point", "coordinates": [ 35.391558030399352, 32.927660258608469 ] } },
{ "type": "Feature", "properties": { "alert_type": "low_vigor_tree", "severity": "medium", "grove_code": "MORAN", "tree_code_optional": "KOG-MORAN-0155", "related_rule": "Ba'al rainfed discipline", "evidence": { "final_ndvi_mean": 0.29928937554359436, "health_index": 29.9, "confidence_score": 0.85, "shadow_fraction": 0.0, "crown_area_m2": 8.25, "review_status": "unreviewed" }, "recommended_task": "Field inspection: check irrigation, pruning, stress.", "confidence_score": 0.85, "status": "open", "alert_id": "ALERT-V1-00113" }, "geometry": { "type": "Point", "coordinates": [ 35.391599891814373, 32.927630394265556 ] } },
{ "type": "Feature", "properties": { "alert_type": "low_vigor_tree", "severity": "medium", "grove_code": "MORAN", "tree_code_optional": "KOG-MORAN-0156", "related_rule": "Ba'al rainfed discipline", "evidence": { "final_ndvi_mean": 0.2701592743396759, "health_index": 24.0, "confidence_score": 0.85, "shadow_fraction": 0.0, "crown_area_m2": 6.75, "review_status": "unreviewed" }, "recommended_task": "Field inspection: check irrigation, pruning, stress.", "confidence_score": 0.85, "status": "open", "alert_id": "ALERT-V1-00114" }, "geometry": { "type": "Point", "coordinates": [ 35.392159859959612, 32.926995705673967 ] } },
{ "type": "Feature", "properties": { "alert_type": "low_vigor_tree", "severity": "medium", "grove_code": "MORAN", "tree_code_optional": "KOG-MORAN-0157", "related_rule": "Ba'al rainfed discipline", "evidence": { "final_ndvi_mean": 0.28279250860214233, "health_index": 30.6, "confidence_score": 0.85, "shadow_fraction": 0.0, "crown_area_m2": 4.25, "review_status": "unreviewed" }, "recommended_task": "Field inspection: check irrigation, pruning, stress.", "confidence_score": 0.85, "status": "open", "alert_id": "ALERT-V1-00115" }, "geometry": { "type": "Point", "coordinates": [ 35.391182123717364, 32.927812452507482 ] } },
{ "type": "Feature", "properties": { "alert_type": "low_vigor_tree", "severity": "medium", "grove_code": "MORAN", "tree_code_optional": "KOG-MORAN-0158", "related_rule": "Ba'al rainfed discipline", "evidence": { "final_ndvi_mean": 0.2947349548339844, "health_index": 28.9, "confidence_score": 0.85, "shadow_fraction": 0.0, "crown_area_m2": 6.25, "review_status": "unreviewed" }, "recommended_task": "Field inspection: check irrigation, pruning, stress.", "confidence_score": 0.85, "status": "open", "alert_id": "ALERT-V1-00116" }, "geometry": { "type": "Point", "coordinates": [ 35.391648541429845, 32.927519299383242 ] } },
{ "type": "Feature", "properties": { "alert_type": "low_vigor_tree", "severity": "medium", "grove_code": "MORAN", "tree_code_optional": "KOG-MORAN-0160", "related_rule": "Ba'al rainfed discipline", "evidence": { "final_ndvi_mean": 0.27044352889060974, "health_index": 24.1, "confidence_score": 0.85, "shadow_fraction": 0.0, "crown_area_m2": 3.5, "review_status": "unreviewed" }, "recommended_task": "Field inspection: check irrigation, pruning, stress.", "confidence_score": 0.85, "status": "open", "alert_id": "ALERT-V1-00117" }, "geometry": { "type": "Point", "coordinates": [ 35.392050826772106, 32.927271853507428 ] } },
{ "type": "Feature", "properties": { "alert_type": "low_vigor_tree", "severity": "medium", "grove_code": "MENEZLEH", "tree_code_optional": "KOG-MENEZLEH-0001", "related_rule": "Ba'al rainfed discipline", "evidence": { "final_ndvi_mean": 0.3906089663505554, "health_index": 42.1, "confidence_score": 0.85, "shadow_fraction": 0.0, "crown_area_m2": 167.0, "review_status": "unreviewed" }, "recommended_task": "Field inspection: check irrigation, pruning, stress.", "confidence_score": 0.85, "status": "open", "alert_id": "ALERT-V1-00118" }, "geometry": { "type": "Point", "coordinates": [ 35.367011278867714, 32.933615114825926 ] } },
{ "type": "Feature", "properties": { "alert_type": "low_vigor_tree", "severity": "medium", "grove_code": "MENEZLEH", "tree_code_optional": "KOG-MENEZLEH-0002", "related_rule": "Ba'al rainfed discipline", "evidence": { "final_ndvi_mean": 0.40711265802383423, "health_index": 55.4, "confidence_score": 0.85, "shadow_fraction": 0.0, "crown_area_m2": 82.5, "review_status": "unreviewed" }, "recommended_task": "Field inspection: check irrigation, pruning, stress.", "confidence_score": 0.85, "status": "open", "alert_id": "ALERT-V1-00119" }, "geometry": { "type": "Point", "coordinates": [ 35.36706626415252, 32.933760315869797 ] } },
{ "type": "Feature", "properties": { "alert_type": "low_vigor_tree", "severity": "medium", "grove_code": "MENEZLEH", "tree_code_optional": "KOG-MENEZLEH-0003", "related_rule": "Ba'al rainfed discipline", "evidence": { "final_ndvi_mean": 0.3303469121456146, "health_index": 40.1, "confidence_score": 0.85, "shadow_fraction": 0.0, "crown_area_m2": 83.25, "review_status": "unreviewed" }, "recommended_task": "Field inspection: check irrigation, pruning, stress.", "confidence_score": 0.85, "status": "open", "alert_id": "ALERT-V1-00120" }, "geometry": { "type": "Point", "coordinates": [ 35.367346000626178, 32.933739844946189 ] } },
{ "type": "Feature", "properties": { "alert_type": "low_vigor_tree", "severity": "medium", "grove_code": "MENEZLEH", "tree_code_optional": "KOG-MENEZLEH-0005", "related_rule": "Ba'al rainfed discipline", "evidence": { "final_ndvi_mean": 0.2648018002510071, "health_index": 17.0, "confidence_score": 0.85, "shadow_fraction": 0.0, "crown_area_m2": 107.75, "review_status": "unreviewed" }, "recommended_task": "Field inspection: check irrigation, pruning, stress.", "confidence_score": 0.85, "status": "open", "alert_id": "ALERT-V1-00121" }, "geometry": { "type": "Point", "coordinates": [ 35.367244631052039, 32.933633124270692 ] } },
{ "type": "Feature", "properties": { "alert_type": "low_vigor_tree", "severity": "medium", "grove_code": "MENEZLEH", "tree_code_optional": "KOG-MENEZLEH-0006", "related_rule": "Ba'al rainfed discipline", "evidence": { "final_ndvi_mean": 0.36637982726097107, "health_index": 43.3, "confidence_score": 0.85, "shadow_fraction": 0.0, "crown_area_m2": 79.75, "review_status": "unreviewed" }, "recommended_task": "Field inspection: check irrigation, pruning, stress.", "confidence_score": 0.85, "status": "open", "alert_id": "ALERT-V1-00122" }, "geometry": { "type": "Point", "coordinates": [ 35.367101132869735, 32.933835730271426 ] } },
{ "type": "Feature", "properties": { "alert_type": "low_vigor_tree", "severity": "medium", "grove_code": "MENEZLEH", "tree_code_optional": "KOG-MENEZLEH-0007", "related_rule": "Ba'al rainfed discipline", "evidence": { "final_ndvi_mean": 0.3584979176521301, "health_index": 41.7, "confidence_score": 0.85, "shadow_fraction": 0.0, "crown_area_m2": 57.75, "review_status": "unreviewed" }, "recommended_task": "Field inspection: check irrigation, pruning, stress.", "confidence_score": 0.85, "status": "open", "alert_id": "ALERT-V1-00123" }, "geometry": { "type": "Point", "coordinates": [ 35.367366136599749, 32.933803051607249 ] } },
{ "type": "Feature", "properties": { "alert_type": "low_vigor_tree", "severity": "medium", "grove_code": "MENEZLEH", "tree_code_optional": "KOG-MENEZLEH-0008", "related_rule": "Ba'al rainfed discipline", "evidence": { "final_ndvi_mean": 0.3081221580505371, "health_index": 31.6, "confidence_score": 0.85, "shadow_fraction": 0.0, "crown_area_m2": 114.25, "review_status": "unreviewed" }, "recommended_task": "Field inspection: check irrigation, pruning, stress.", "confidence_score": 0.85, "status": "open", "alert_id": "ALERT-V1-00124" }, "geometry": { "type": "Point", "coordinates": [ 35.367525991523955, 32.933923731973174 ] } },
{ "type": "Feature", "properties": { "alert_type": "low_vigor_tree", "severity": "medium", "grove_code": "MENEZLEH", "tree_code_optional": "KOG-MENEZLEH-0010", "related_rule": "Ba'al rainfed discipline", "evidence": { "final_ndvi_mean": 0.32699984312057495, "health_index": 39.4, "confidence_score": 0.85, "shadow_fraction": 0.0, "crown_area_m2": 48.5, "review_status": "unreviewed" }, "recommended_task": "Field inspection: check irrigation, pruning, stress.", "confidence_score": 0.85, "status": "open", "alert_id": "ALERT-V1-00125" }, "geometry": { "type": "Point", "coordinates": [ 35.367167663576019, 32.934047345756426 ] } },
{ "type": "Feature", "properties": { "alert_type": "low_vigor_tree", "severity": "medium", "grove_code": "MENEZLEH", "tree_code_optional": "KOG-MENEZLEH-0011", "related_rule": "Ba'al rainfed discipline", "evidence": { "final_ndvi_mean": 0.32314401865005493, "health_index": 38.6, "confidence_score": 0.85, "shadow_fraction": 0.0, "crown_area_m2": 60.75, "review_status": "unreviewed" }, "recommended_task": "Field inspection: check irrigation, pruning, stress.", "confidence_score": 0.85, "status": "open", "alert_id": "ALERT-V1-00126" }, "geometry": { "type": "Point", "coordinates": [ 35.367406701937163, 32.933861620972181 ] } },
{ "type": "Feature", "properties": { "alert_type": "low_vigor_tree", "severity": "medium", "grove_code": "MENEZLEH", "tree_code_optional": "KOG-MENEZLEH-0012", "related_rule": "Ba'al rainfed discipline", "evidence": { "final_ndvi_mean": 0.3293680250644684, "health_index": 39.9, "confidence_score": 0.85, "shadow_fraction": 0.0, "crown_area_m2": 44.75, "review_status": "unreviewed" }, "recommended_task": "Field inspection: check irrigation, pruning, stress.", "confidence_score": 0.85, "status": "open", "alert_id": "ALERT-V1-00127" }, "geometry": { "type": "Point", "coordinates": [ 35.367134975529773, 32.933899843229838 ] } },
{ "type": "Feature", "properties": { "alert_type": "low_vigor_tree", "severity": "medium", "grove_code": "MENEZLEH", "tree_code_optional": "KOG-MENEZLEH-0013", "related_rule": "Ba'al rainfed discipline", "evidence": { "final_ndvi_mean": 0.32673394680023193, "health_index": 35.3, "confidence_score": 0.85, "shadow_fraction": 0.0, "crown_area_m2": 55.0, "review_status": "unreviewed" }, "recommended_task": "Field inspection: check irrigation, pruning, stress.", "confidence_score": 0.85, "status": "open", "alert_id": "ALERT-V1-00128" }, "geometry": { "type": "Point", "coordinates": [ 35.367398315680497, 32.933609938861856 ] } },
{ "type": "Feature", "properties": { "alert_type": "low_vigor_tree", "severity": "medium", "grove_code": "MENEZLEH", "tree_code_optional": "KOG-MENEZLEH-0014", "related_rule": "Ba'al rainfed discipline", "evidence": { "final_ndvi_mean": 0.35083454847335815, "health_index": 44.2, "confidence_score": 0.85, "shadow_fraction": 0.0, "crown_area_m2": 50.75, "review_status": "unreviewed" }, "recommended_task": "Field inspection: check irrigation, pruning, stress.", "confidence_score": 0.85, "status": "open", "alert_id": "ALERT-V1-00129" }, "geometry": { "type": "Point", "coordinates": [ 35.367390814526722, 32.934055069678664 ] } },
{ "type": "Feature", "properties": { "alert_type": "low_vigor_tree", "severity": "medium", "grove_code": "MENEZLEH", "tree_code_optional": "KOG-MENEZLEH-0015", "related_rule": "Ba'al rainfed discipline", "evidence": { "final_ndvi_mean": 0.30699121952056885, "health_index": 31.4, "confidence_score": 0.85, "shadow_fraction": 0.0, "crown_area_m2": 45.5, "review_status": "unreviewed" }, "recommended_task": "Field inspection: check irrigation, pruning, stress.", "confidence_score": 0.85, "status": "open", "alert_id": "ALERT-V1-00130" }, "geometry": { "type": "Point", "coordinates": [ 35.367174040446955, 32.933802520866095 ] } },
{ "type": "Feature", "properties": { "alert_type": "low_vigor_tree", "severity": "medium", "grove_code": "MENEZLEH", "tree_code_optional": "KOG-MENEZLEH-0016", "related_rule": "Ba'al rainfed discipline", "evidence": { "final_ndvi_mean": 0.3300587236881256, "health_index": 36.0, "confidence_score": 0.85, "shadow_fraction": 0.0, "crown_area_m2": 45.5, "review_status": "unreviewed" }, "recommended_task": "Field inspection: check irrigation, pruning, stress.", "confidence_score": 0.85, "status": "open", "alert_id": "ALERT-V1-00131" }, "geometry": { "type": "Point", "coordinates": [ 35.367207952792093, 32.933567081433317 ] } },
{ "type": "Feature", "properties": { "alert_type": "low_vigor_tree", "severity": "medium", "grove_code": "MENEZLEH", "tree_code_optional": "KOG-MENEZLEH-0017", "related_rule": "Ba'al rainfed discipline", "evidence": { "final_ndvi_mean": 0.3282541036605835, "health_index": 39.7, "confidence_score": 0.85, "shadow_fraction": 0.0, "crown_area_m2": 42.25, "review_status": "unreviewed" }, "recommended_task": "Field inspection: check irrigation, pruning, stress.", "confidence_score": 0.85, "status": "open", "alert_id": "ALERT-V1-00132" }, "geometry": { "type": "Point", "coordinates": [ 35.36747980882236, 32.933997798685311 ] } },
{ "type": "Feature", "properties": { "alert_type": "low_vigor_tree", "severity": "medium", "grove_code": "MENEZLEH", "tree_code_optional": "KOG-MENEZLEH-0018", "related_rule": "Ba'al rainfed discipline", "evidence": { "final_ndvi_mean": 0.33334505558013916, "health_index": 40.7, "confidence_score": 0.85, "shadow_fraction": 0.0, "crown_area_m2": 49.25, "review_status": "unreviewed" }, "recommended_task": "Field inspection: check irrigation, pruning, stress.", "confidence_score": 0.85, "status": "open", "alert_id": "ALERT-V1-00133" }, "geometry": { "type": "Point", "coordinates": [ 35.367211679648342, 32.933867990268681 ] } },
{ "type": "Feature", "properties": { "alert_type": "low_vigor_tree", "severity": "medium", "grove_code": "MENEZLEH", "tree_code_optional": "KOG-MENEZLEH-0019", "related_rule": "Ba'al rainfed discipline", "evidence": { "final_ndvi_mean": 0.33147162199020386, "health_index": 36.3, "confidence_score": 0.85, "shadow_fraction": 0.0, "crown_area_m2": 43.0, "review_status": "unreviewed" }, "recommended_task": "Field inspection: check irrigation, pruning, stress.", "confidence_score": 0.85, "status": "open", "alert_id": "ALERT-V1-00134" }, "geometry": { "type": "Point", "coordinates": [ 35.367334654831076, 32.934173078338141 ] } },
{ "type": "Feature", "properties": { "alert_type": "low_vigor_tree", "severity": "medium", "grove_code": "MENEZLEH", "tree_code_optional": "KOG-MENEZLEH-0020", "related_rule": "Ba'al rainfed discipline", "evidence": { "final_ndvi_mean": 0.31437569856643677, "health_index": 32.9, "confidence_score": 0.85, "shadow_fraction": 0.0, "crown_area_m2": 38.25, "review_status": "unreviewed" }, "recommended_task": "Field inspection: check irrigation, pruning, stress.", "confidence_score": 0.85, "status": "open", "alert_id": "ALERT-V1-00135" }, "geometry": { "type": "Point", "coordinates": [ 35.367311548449365, 32.933847868518541 ] } },
{ "type": "Feature", "properties": { "alert_type": "low_vigor_tree", "severity": "medium", "grove_code": "MENEZLEH", "tree_code_optional": "KOG-MENEZLEH-0023", "related_rule": "Ba'al rainfed discipline", "evidence": { "final_ndvi_mean": 0.3218919038772583, "health_index": 38.4, "confidence_score": 0.85, "shadow_fraction": 0.0, "crown_area_m2": 35.0, "review_status": "unreviewed" }, "recommended_task": "Field inspection: check irrigation, pruning, stress.", "confidence_score": 0.85, "status": "open", "alert_id": "ALERT-V1-00136" }, "geometry": { "type": "Point", "coordinates": [ 35.367343861393209, 32.934250690052096 ] } },
{ "type": "Feature", "properties": { "alert_type": "low_vigor_tree", "severity": "medium", "grove_code": "MENEZLEH", "tree_code_optional": "KOG-MENEZLEH-0024", "related_rule": "Ba'al rainfed discipline", "evidence": { "final_ndvi_mean": 0.3297131359577179, "health_index": 39.9, "confidence_score": 0.85, "shadow_fraction": 0.0, "crown_area_m2": 37.5, "review_status": "unreviewed" }, "recommended_task": "Field inspection: check irrigation, pruning, stress.", "confidence_score": 0.85, "status": "open", "alert_id": "ALERT-V1-00137" }, "geometry": { "type": "Point", "coordinates": [ 35.367276225728574, 32.934024716652331 ] } },
{ "type": "Feature", "properties": { "alert_type": "low_vigor_tree", "severity": "medium", "grove_code": "MENEZLEH", "tree_code_optional": "KOG-MENEZLEH-0025", "related_rule": "Ba'al rainfed discipline", "evidence": { "final_ndvi_mean": 0.3155497908592224, "health_index": 37.1, "confidence_score": 0.85, "shadow_fraction": 0.0, "crown_area_m2": 32.0, "review_status": "unreviewed" }, "recommended_task": "Field inspection: check irrigation, pruning, stress.", "confidence_score": 0.85, "status": "open", "alert_id": "ALERT-V1-00138" }, "geometry": { "type": "Point", "coordinates": [ 35.367124773399716, 32.933585243276589 ] } },
{ "type": "Feature", "properties": { "alert_type": "low_vigor_tree", "severity": "medium", "grove_code": "MENEZLEH", "tree_code_optional": "KOG-MENEZLEH-0026", "related_rule": "Ba'al rainfed discipline", "evidence": { "final_ndvi_mean": 0.31047794222831726, "health_index": 36.1, "confidence_score": 0.85, "shadow_fraction": 0.0, "crown_area_m2": 33.75, "review_status": "unreviewed" }, "recommended_task": "Field inspection: check irrigation, pruning, stress.", "confidence_score": 0.85, "status": "open", "alert_id": "ALERT-V1-00139" }, "geometry": { "type": "Point", "coordinates": [ 35.367238401596403, 32.93421706458146 ] } },
{ "type": "Feature", "properties": { "alert_type": "low_vigor_tree", "severity": "medium", "grove_code": "MENEZLEH", "tree_code_optional": "KOG-MENEZLEH-0027", "related_rule": "Ba'al rainfed discipline", "evidence": { "final_ndvi_mean": 0.3220479488372803, "health_index": 38.4, "confidence_score": 0.85, "shadow_fraction": 0.0, "crown_area_m2": 33.0, "review_status": "unreviewed" }, "recommended_task": "Field inspection: check irrigation, pruning, stress.", "confidence_score": 0.85, "status": "open", "alert_id": "ALERT-V1-00140" }, "geometry": { "type": "Point", "coordinates": [ 35.367417470658033, 32.934136206748541 ] } },
{ "type": "Feature", "properties": { "alert_type": "low_vigor_tree", "severity": "medium", "grove_code": "MENEZLEH", "tree_code_optional": "KOG-MENEZLEH-0028", "related_rule": "Ba'al rainfed discipline", "evidence": { "final_ndvi_mean": 0.30310022830963135, "health_index": 34.6, "confidence_score": 0.85, "shadow_fraction": 0.0, "crown_area_m2": 31.5, "review_status": "unreviewed" }, "recommended_task": "Field inspection: check irrigation, pruning, stress.", "confidence_score": 0.85, "status": "open", "alert_id": "ALERT-V1-00141" }, "geometry": { "type": "Point", "coordinates": [ 35.367188386506264, 32.933724646765022 ] } },
{ "type": "Feature", "properties": { "alert_type": "low_vigor_tree", "severity": "medium", "grove_code": "MENEZLEH", "tree_code_optional": "KOG-MENEZLEH-0029", "related_rule": "Ba'al rainfed discipline", "evidence": { "final_ndvi_mean": 0.30800342559814453, "health_index": 35.6, "confidence_score": 0.85, "shadow_fraction": 0.0, "crown_area_m2": 27.25, "review_status": "unreviewed" }, "recommended_task": "Field inspection: check irrigation, pruning, stress.", "confidence_score": 0.85, "status": "open", "alert_id": "ALERT-V1-00142" }, "geometry": { "type": "Point", "coordinates": [ 35.367237423424697, 32.933783939753987 ] } },
{ "type": "Feature", "properties": { "alert_type": "low_vigor_tree", "severity": "medium", "grove_code": "MENEZLEH", "tree_code_optional": "KOG-MENEZLEH-0030", "related_rule": "Ba'al rainfed discipline", "evidence": { "final_ndvi_mean": 0.30498406291007996, "health_index": 31.0, "confidence_score": 0.85, "shadow_fraction": 0.0, "crown_area_m2": 28.0, "review_status": "unreviewed" }, "recommended_task": "Field inspection: check irrigation, pruning, stress.", "confidence_score": 0.85, "status": "open", "alert_id": "ALERT-V1-00143" }, "geometry": { "type": "Point", "coordinates": [ 35.367256947017729, 32.934285645055468 ] } },
{ "type": "Feature", "properties": { "alert_type": "low_vigor_tree", "severity": "medium", "grove_code": "MENEZLEH", "tree_code_optional": "KOG-MENEZLEH-0031", "related_rule": "Ba'al rainfed discipline", "evidence": { "final_ndvi_mean": 0.30019018054008484, "health_index": 34.0, "confidence_score": 0.85, "shadow_fraction": 0.0, "crown_area_m2": 23.5, "review_status": "unreviewed" }, "recommended_task": "Field inspection: check irrigation, pruning, stress.", "confidence_score": 0.85, "status": "open", "alert_id": "ALERT-V1-00144" }, "geometry": { "type": "Point", "coordinates": [ 35.367199717582736, 32.934139130496028 ] } },
{ "type": "Feature", "properties": { "alert_type": "low_vigor_tree", "severity": "medium", "grove_code": "MENEZLEH", "tree_code_optional": "KOG-MENEZLEH-0032", "related_rule": "Ba'al rainfed discipline", "evidence": { "final_ndvi_mean": 0.31196126341819763, "health_index": 36.4, "confidence_score": 0.85, "shadow_fraction": 0.0, "crown_area_m2": 28.0, "review_status": "unreviewed" }, "recommended_task": "Field inspection: check irrigation, pruning, stress.", "confidence_score": 0.85, "status": "open", "alert_id": "ALERT-V1-00145" }, "geometry": { "type": "Point", "coordinates": [ 35.367300204751807, 32.934097877170501 ] } },
{ "type": "Feature", "properties": { "alert_type": "low_vigor_tree", "severity": "medium", "grove_code": "MENEZLEH", "tree_code_optional": "KOG-MENEZLEH-0033", "related_rule": "Ba'al rainfed discipline", "evidence": { "final_ndvi_mean": 0.31056931614875793, "health_index": 36.1, "confidence_score": 0.85, "shadow_fraction": 0.0, "crown_area_m2": 27.5, "review_status": "unreviewed" }, "recommended_task": "Field inspection: check irrigation, pruning, stress.", "confidence_score": 0.85, "status": "open", "alert_id": "ALERT-V1-00146" }, "geometry": { "type": "Point", "coordinates": [ 35.367363018303195, 32.933970623700986 ] } },
{ "type": "Feature", "properties": { "alert_type": "low_vigor_tree", "severity": "medium", "grove_code": "MENEZLEH", "tree_code_optional": "KOG-MENEZLEH-0034", "related_rule": "Ba'al rainfed discipline", "evidence": { "final_ndvi_mean": 0.3043728768825531, "health_index": 34.9, "confidence_score": 0.85, "shadow_fraction": 0.0, "crown_area_m2": 27.75, "review_status": "unreviewed" }, "recommended_task": "Field inspection: check irrigation, pruning, stress.", "confidence_score": 0.85, "status": "open", "alert_id": "ALERT-V1-00147" }, "geometry": { "type": "Point", "coordinates": [ 35.36723723846098, 32.933946433955605 ] } },
{ "type": "Feature", "properties": { "alert_type": "low_vigor_tree", "severity": "medium", "grove_code": "MENEZLEH", "tree_code_optional": "KOG-MENEZLEH-0035", "related_rule": "Ba'al rainfed discipline", "evidence": { "final_ndvi_mean": 0.2847949266433716, "health_index": 31.0, "confidence_score": 0.85, "shadow_fraction": 0.0, "crown_area_m2": 16.75, "review_status": "unreviewed" }, "recommended_task": "Field inspection: check irrigation, pruning, stress.", "confidence_score": 0.85, "status": "open", "alert_id": "ALERT-V1-00148" }, "geometry": { "type": "Point", "coordinates": [ 35.367312669281809, 32.933679577064375 ] } },
{ "type": "Feature", "properties": { "alert_type": "low_vigor_tree", "severity": "medium", "grove_code": "MENEZLEH", "tree_code_optional": "KOG-MENEZLEH-0036", "related_rule": "Ba'al rainfed discipline", "evidence": { "final_ndvi_mean": 0.29910364747047424, "health_index": 33.8, "confidence_score": 0.85, "shadow_fraction": 0.0, "crown_area_m2": 18.25, "review_status": "unreviewed" }, "recommended_task": "Field inspection: check irrigation, pruning, stress.", "confidence_score": 0.85, "status": "open", "alert_id": "ALERT-V1-00149" }, "geometry": { "type": "Point", "coordinates": [ 35.367146339493118, 32.93365705018492 ] } },
{ "type": "Feature", "properties": { "alert_type": "low_vigor_tree", "severity": "medium", "grove_code": "MENEZLEH", "tree_code_optional": "KOG-MENEZLEH-0037", "related_rule": "Ba'al rainfed discipline", "evidence": { "final_ndvi_mean": 0.29272758960723877, "health_index": 32.5, "confidence_score": 0.85, "shadow_fraction": 0.0, "crown_area_m2": 21.0, "review_status": "unreviewed" }, "recommended_task": "Field inspection: check irrigation, pruning, stress.", "confidence_score": 0.85, "status": "open", "alert_id": "ALERT-V1-00150" }, "geometry": { "type": "Point", "coordinates": [ 35.367332333433616, 32.933912265906514 ] } },
{ "type": "Feature", "properties": { "alert_type": "low_vigor_tree", "severity": "medium", "grove_code": "MENEZLEH", "tree_code_optional": "KOG-MENEZLEH-0038", "related_rule": "Ba'al rainfed discipline", "evidence": { "final_ndvi_mean": 0.297906756401062, "health_index": 33.6, "confidence_score": 0.85, "shadow_fraction": 0.0, "crown_area_m2": 13.0, "review_status": "unreviewed" }, "recommended_task": "Field inspection: check irrigation, pruning, stress.", "confidence_score": 0.85, "status": "open", "alert_id": "ALERT-V1-00151" }, "geometry": { "type": "Point", "coordinates": [ 35.367283020429291, 32.934366575999476 ] } },
{ "type": "Feature", "properties": { "alert_type": "low_vigor_tree", "severity": "medium", "grove_code": "ALMAFAREQ", "tree_code_optional": "KOG-ALMAFAREQ-0001", "related_rule": "Ba'al rainfed discipline", "evidence": { "final_ndvi_mean": 0.3293490409851074, "health_index": 35.9, "confidence_score": 0.85, "shadow_fraction": 0.0, "crown_area_m2": 249.25, "review_status": "unreviewed" }, "recommended_task": "Field inspection: check irrigation, pruning, stress.", "confidence_score": 0.85, "status": "open", "alert_id": "ALERT-V1-00152" }, "geometry": { "type": "Point", "coordinates": [ 35.375630557537058, 32.929311878013259 ] } },
{ "type": "Feature", "properties": { "alert_type": "low_vigor_tree", "severity": "medium", "grove_code": "ALMAFAREQ", "tree_code_optional": "KOG-ALMAFAREQ-0002", "related_rule": "Ba'al rainfed discipline", "evidence": { "final_ndvi_mean": 0.30416083335876465, "health_index": 34.8, "confidence_score": 0.85, "shadow_fraction": 0.0, "crown_area_m2": 162.0, "review_status": "unreviewed" }, "recommended_task": "Field inspection: check irrigation, pruning, stress.", "confidence_score": 0.85, "status": "open", "alert_id": "ALERT-V1-00153" }, "geometry": { "type": "Point", "coordinates": [ 35.376889854669578, 32.929870196255195 ] } },
{ "type": "Feature", "properties": { "alert_type": "low_vigor_tree", "severity": "medium", "grove_code": "ALMAFAREQ", "tree_code_optional": "KOG-ALMAFAREQ-0003", "related_rule": "Ba'al rainfed discipline", "evidence": { "final_ndvi_mean": 0.2894747257232666, "health_index": 31.9, "confidence_score": 0.85, "shadow_fraction": 0.0, "crown_area_m2": 163.5, "review_status": "unreviewed" }, "recommended_task": "Field inspection: check irrigation, pruning, stress.", "confidence_score": 0.85, "status": "open", "alert_id": "ALERT-V1-00154" }, "geometry": { "type": "Point", "coordinates": [ 35.37573516368866, 32.929282611234065 ] } },
{ "type": "Feature", "properties": { "alert_type": "low_vigor_tree", "severity": "medium", "grove_code": "ALMAFAREQ", "tree_code_optional": "KOG-ALMAFAREQ-0004", "related_rule": "Ba'al rainfed discipline", "evidence": { "final_ndvi_mean": 0.32153627276420593, "health_index": 38.3, "confidence_score": 0.85, "shadow_fraction": 0.0, "crown_area_m2": 110.5, "review_status": "unreviewed" }, "recommended_task": "Field inspection: check irrigation, pruning, stress.", "confidence_score": 0.85, "status": "open", "alert_id": "ALERT-V1-00155" }, "geometry": { "type": "Point", "coordinates": [ 35.375922918319731, 32.929220700707624 ] } },
{ "type": "Feature", "properties": { "alert_type": "low_vigor_tree", "severity": "medium", "grove_code": "ALMAFAREQ", "tree_code_optional": "KOG-ALMAFAREQ-0005", "related_rule": "Ba'al rainfed discipline", "evidence": { "final_ndvi_mean": 0.3041859567165375, "health_index": 34.8, "confidence_score": 0.85, "shadow_fraction": 0.0, "crown_area_m2": 96.0, "review_status": "unreviewed" }, "recommended_task": "Field inspection: check irrigation, pruning, stress.", "confidence_score": 0.85, "status": "open", "alert_id": "ALERT-V1-00156" }, "geometry": { "type": "Point", "coordinates": [ 35.375999129414559, 32.929228847166982 ] } },
{ "type": "Feature", "properties": { "alert_type": "low_vigor_tree", "severity": "medium", "grove_code": "ALMAFAREQ", "tree_code_optional": "KOG-ALMAFAREQ-0006", "related_rule": "Ba'al rainfed discipline", "evidence": { "final_ndvi_mean": 0.2966727018356323, "health_index": 29.3, "confidence_score": 0.85, "shadow_fraction": 0.0, "crown_area_m2": 143.25, "review_status": "unreviewed" }, "recommended_task": "Field inspection: check irrigation, pruning, stress.", "confidence_score": 0.85, "status": "open", "alert_id": "ALERT-V1-00157" }, "geometry": { "type": "Point", "coordinates": [ 35.375639274716363, 32.929660264507028 ] } },
{ "type": "Feature", "properties": { "alert_type": "low_vigor_tree", "severity": "medium", "grove_code": "ALMAFAREQ", "tree_code_optional": "KOG-ALMAFAREQ-0007", "related_rule": "Ba'al rainfed discipline", "evidence": { "final_ndvi_mean": 0.31010815501213074, "health_index": 36.0, "confidence_score": 0.85, "shadow_fraction": 0.0, "crown_area_m2": 87.0, "review_status": "unreviewed" }, "recommended_task": "Field inspection: check irrigation, pruning, stress.", "confidence_score": 0.85, "status": "open", "alert_id": "ALERT-V1-00158" }, "geometry": { "type": "Point", "coordinates": [ 35.376755744218826, 32.929882578273045 ] } },
{ "type": "Feature", "properties": { "alert_type": "low_vigor_tree", "severity": "medium", "grove_code": "ALMAFAREQ", "tree_code_optional": "KOG-ALMAFAREQ-0008", "related_rule": "Ba'al rainfed discipline", "evidence": { "final_ndvi_mean": 0.30405864119529724, "health_index": 30.8, "confidence_score": 0.85, "shadow_fraction": 0.0, "crown_area_m2": 124.75, "review_status": "unreviewed" }, "recommended_task": "Field inspection: check irrigation, pruning, stress.", "confidence_score": 0.85, "status": "open", "alert_id": "ALERT-V1-00159" }, "geometry": { "type": "Point", "coordinates": [ 35.37557959556581, 32.929423316814791 ] } },
{ "type": "Feature", "properties": { "alert_type": "low_vigor_tree", "severity": "medium", "grove_code": "ALMAFAREQ", "tree_code_optional": "KOG-ALMAFAREQ-0010", "related_rule": "Ba'al rainfed discipline", "evidence": { "final_ndvi_mean": 0.3333737850189209, "health_index": 40.7, "confidence_score": 0.85, "shadow_fraction": 0.0, "crown_area_m2": 66.5, "review_status": "unreviewed" }, "recommended_task": "Field inspection: check irrigation, pruning, stress.", "confidence_score": 0.85, "status": "open", "alert_id": "ALERT-V1-00160" }, "geometry": { "type": "Point", "coordinates": [ 35.376538614966627, 32.929833726994225 ] } },
{ "type": "Feature", "properties": { "alert_type": "low_vigor_tree", "severity": "medium", "grove_code": "ALMAFAREQ", "tree_code_optional": "KOG-ALMAFAREQ-0011", "related_rule": "Ba'al rainfed discipline", "evidence": { "final_ndvi_mean": 0.3323947489261627, "health_index": 36.5, "confidence_score": 0.85, "shadow_fraction": 0.0, "crown_area_m2": 70.0, "review_status": "unreviewed" }, "recommended_task": "Field inspection: check irrigation, pruning, stress.", "confidence_score": 0.85, "status": "open", "alert_id": "ALERT-V1-00161" }, "geometry": { "type": "Point", "coordinates": [ 35.376637475082795, 32.929715932397855 ] } },
{ "type": "Feature", "properties": { "alert_type": "low_vigor_tree", "severity": "medium", "grove_code": "ALMAFAREQ", "tree_code_optional": "KOG-ALMAFAREQ-0012", "related_rule": "Ba'al rainfed discipline", "evidence": { "final_ndvi_mean": 0.31584295630455017, "health_index": 37.2, "confidence_score": 0.85, "shadow_fraction": 0.0, "crown_area_m2": 60.0, "review_status": "unreviewed" }, "recommended_task": "Field inspection: check irrigation, pruning, stress.", "confidence_score": 0.85, "status": "open", "alert_id": "ALERT-V1-00162" }, "geometry": { "type": "Point", "coordinates": [ 35.375893722757631, 32.929777135239988 ] } },
{ "type": "Feature", "properties": { "alert_type": "low_vigor_tree", "severity": "medium", "grove_code": "ALMAFAREQ", "tree_code_optional": "KOG-ALMAFAREQ-0013", "related_rule": "Ba'al rainfed discipline", "evidence": { "final_ndvi_mean": 0.3303711414337158, "health_index": 36.1, "confidence_score": 0.85, "shadow_fraction": 0.0, "crown_area_m2": 94.75, "review_status": "unreviewed" }, "recommended_task": "Field inspection: check irrigation, pruning, stress.", "confidence_score": 0.85, "status": "open", "alert_id": "ALERT-V1-00163" }, "geometry": { "type": "Point", "coordinates": [ 35.376174563903355, 32.929676605579701 ] } },
{ "type": "Feature", "properties": { "alert_type": "low_vigor_tree", "severity": "medium", "grove_code": "ALMAFAREQ", "tree_code_optional": "KOG-ALMAFAREQ-0014", "related_rule": "Ba'al rainfed discipline", "evidence": { "final_ndvi_mean": 0.3327377140522003, "health_index": 40.5, "confidence_score": 0.85, "shadow_fraction": 0.0, "crown_area_m2": 60.25, "review_status": "unreviewed" }, "recommended_task": "Field inspection: check irrigation, pruning, stress.", "confidence_score": 0.85, "status": "open", "alert_id": "ALERT-V1-00164" }, "geometry": { "type": "Point", "coordinates": [ 35.376223209223461, 32.929781343080727 ] } },
{ "type": "Feature", "properties": { "alert_type": "low_vigor_tree", "severity": "medium", "grove_code": "ALMAFAREQ", "tree_code_optional": "KOG-ALMAFAREQ-0015", "related_rule": "Ba'al rainfed discipline", "evidence": { "final_ndvi_mean": 0.3178882300853729, "health_index": 33.6, "confidence_score": 0.85, "shadow_fraction": 0.0, "crown_area_m2": 53.0, "review_status": "unreviewed" }, "recommended_task": "Field inspection: check irrigation, pruning, stress.", "confidence_score": 0.85, "status": "open", "alert_id": "ALERT-V1-00165" }, "geometry": { "type": "Point", "coordinates": [ 35.376463137383709, 32.929993213496147 ] } },
{ "type": "Feature", "properties": { "alert_type": "low_vigor_tree", "severity": "medium", "grove_code": "ALMAFAREQ", "tree_code_optional": "KOG-ALMAFAREQ-0016", "related_rule": "Ba'al rainfed discipline", "evidence": { "final_ndvi_mean": 0.323153018951416, "health_index": 34.6, "confidence_score": 0.85, "shadow_fraction": 0.0, "crown_area_m2": 51.5, "review_status": "unreviewed" }, "recommended_task": "Field inspection: check irrigation, pruning, stress.", "confidence_score": 0.85, "status": "open", "alert_id": "ALERT-V1-00166" }, "geometry": { "type": "Point", "coordinates": [ 35.376667955532817, 32.930054851399923 ] } },
{ "type": "Feature", "properties": { "alert_type": "low_vigor_tree", "severity": "medium", "grove_code": "ALMAFAREQ", "tree_code_optional": "KOG-ALMAFAREQ-0017", "related_rule": "Ba'al rainfed discipline", "evidence": { "final_ndvi_mean": 0.3272389769554138, "health_index": 39.4, "confidence_score": 0.85, "shadow_fraction": 0.0, "crown_area_m2": 45.5, "review_status": "unreviewed" }, "recommended_task": "Field inspection: check irrigation, pruning, stress.", "confidence_score": 0.85, "status": "open", "alert_id": "ALERT-V1-00167" }, "geometry": { "type": "Point", "coordinates": [ 35.376855751915429, 32.930036687298497 ] } },
{ "type": "Feature", "properties": { "alert_type": "low_vigor_tree", "severity": "medium", "grove_code": "ALMAFAREQ", "tree_code_optional": "KOG-ALMAFAREQ-0018", "related_rule": "Ba'al rainfed discipline", "evidence": { "final_ndvi_mean": 0.34710797667503357, "health_index": 43.4, "confidence_score": 0.85, "shadow_fraction": 0.0, "crown_area_m2": 55.25, "review_status": "unreviewed" }, "recommended_task": "Field inspection: check irrigation, pruning, stress.", "confidence_score": 0.85, "status": "open", "alert_id": "ALERT-V1-00168" }, "geometry": { "type": "Point", "coordinates": [ 35.375991179762053, 32.930041822362256 ] } },
{ "type": "Feature", "properties": { "alert_type": "low_vigor_tree", "severity": "medium", "grove_code": "ALMAFAREQ", "tree_code_optional": "KOG-ALMAFAREQ-0019", "related_rule": "Ba'al rainfed discipline", "evidence": { "final_ndvi_mean": 0.3201030492782593, "health_index": 38.0, "confidence_score": 0.85, "shadow_fraction": 0.0, "crown_area_m2": 46.75, "review_status": "unreviewed" }, "recommended_task": "Field inspection: check irrigation, pruning, stress.", "confidence_score": 0.85, "status": "open", "alert_id": "ALERT-V1-00169" }, "geometry": { "type": "Point", "coordinates": [ 35.376678319081336, 32.929883263928282 ] } },
{ "type": "Feature", "properties": { "alert_type": "low_vigor_tree", "severity": "medium", "grove_code": "ALMAFAREQ", "tree_code_optional": "KOG-ALMAFAREQ-0020", "related_rule": "Ba'al rainfed discipline", "evidence": { "final_ndvi_mean": 0.2988433837890625, "health_index": 29.8, "confidence_score": 0.85, "shadow_fraction": 0.0, "crown_area_m2": 59.5, "review_status": "unreviewed" }, "recommended_task": "Field inspection: check irrigation, pruning, stress.", "confidence_score": 0.85, "status": "open", "alert_id": "ALERT-V1-00170" }, "geometry": { "type": "Point", "coordinates": [ 35.37593264596417, 32.929363742479786 ] } },
{ "type": "Feature", "properties": { "alert_type": "low_vigor_tree", "severity": "medium", "grove_code": "ALMAFAREQ", "tree_code_optional": "KOG-ALMAFAREQ-0021", "related_rule": "Ba'al rainfed discipline", "evidence": { "final_ndvi_mean": 0.3319474756717682, "health_index": 40.4, "confidence_score": 0.85, "shadow_fraction": 0.0, "crown_area_m2": 42.5, "review_status": "unreviewed" }, "recommended_task": "Field inspection: check irrigation, pruning, stress.", "confidence_score": 0.85, "status": "open", "alert_id": "ALERT-V1-00171" }, "geometry": { "type": "Point", "coordinates": [ 35.376794298023292, 32.930030249703485 ] } },
{ "type": "Feature", "properties": { "alert_type": "low_vigor_tree", "severity": "medium", "grove_code": "ALMAFAREQ", "tree_code_optional": "KOG-ALMAFAREQ-0022", "related_rule": "Ba'al rainfed discipline", "evidence": { "final_ndvi_mean": 0.3396468460559845, "health_index": 41.9, "confidence_score": 0.85, "shadow_fraction": 0.0, "crown_area_m2": 52.75, "review_status": "unreviewed" }, "recommended_task": "Field inspection: check irrigation, pruning, stress.", "confidence_score": 0.85, "status": "open", "alert_id": "ALERT-V1-00172" }, "geometry": { "type": "Point", "coordinates": [ 35.376252498131734, 32.930084047130364 ] } },
{ "type": "Feature", "properties": { "alert_type": "low_vigor_tree", "severity": "medium", "grove_code": "ALMAFAREQ", "tree_code_optional": "KOG-ALMAFAREQ-0023", "related_rule": "Ba'al rainfed discipline", "evidence": { "final_ndvi_mean": 0.33201831579208374, "health_index": 40.4, "confidence_score": 0.85, "shadow_fraction": 0.0, "crown_area_m2": 50.25, "review_status": "unreviewed" }, "recommended_task": "Field inspection: check irrigation, pruning, stress.", "confidence_score": 0.85, "status": "open", "alert_id": "ALERT-V1-00173" }, "geometry": { "type": "Point", "coordinates": [ 35.376376627917381, 32.930004868179125 ] } },
{ "type": "Feature", "properties": { "alert_type": "low_vigor_tree", "severity": "medium", "grove_code": "ALMAFAREQ", "tree_code_optional": "KOG-ALMAFAREQ-0024", "related_rule": "Ba'al rainfed discipline", "evidence": { "final_ndvi_mean": 0.33466753363609314, "health_index": 36.9, "confidence_score": 0.85, "shadow_fraction": 0.0, "crown_area_m2": 47.25, "review_status": "unreviewed" }, "recommended_task": "Field inspection: check irrigation, pruning, stress.", "confidence_score": 0.85, "status": "open", "alert_id": "ALERT-V1-00174" }, "geometry": { "type": "Point", "coordinates": [ 35.376103573218188, 32.929943750531251 ] } },
{ "type": "Feature", "properties": { "alert_type": "low_vigor_tree", "severity": "medium", "grove_code": "ALMAFAREQ", "tree_code_optional": "KOG-ALMAFAREQ-0025", "related_rule": "Ba'al rainfed discipline", "evidence": { "final_ndvi_mean": 0.3032590448856354, "health_index": 34.7, "confidence_score": 0.85, "shadow_fraction": 0.0, "crown_area_m2": 43.75, "review_status": "unreviewed" }, "recommended_task": "Field inspection: check irrigation, pruning, stress.", "confidence_score": 0.85, "status": "open", "alert_id": "ALERT-V1-00175" }, "geometry": { "type": "Point", "coordinates": [ 35.376294534752802, 32.929800182859374 ] } },
{ "type": "Feature", "properties": { "alert_type": "low_vigor_tree", "severity": "medium", "grove_code": "ALMAFAREQ", "tree_code_optional": "KOG-ALMAFAREQ-0026", "related_rule": "Ba'al rainfed discipline", "evidence": { "final_ndvi_mean": 0.34001585841178894, "health_index": 42.0, "confidence_score": 0.85, "shadow_fraction": 0.0, "crown_area_m2": 51.5, "review_status": "unreviewed" }, "recommended_task": "Field inspection: check irrigation, pruning, stress.", "confidence_score": 0.85, "status": "open", "alert_id": "ALERT-V1-00176" }, "geometry": { "type": "Point", "coordinates": [ 35.376373894051255, 32.930123173323054 ] } },
{ "type": "Feature", "properties": { "alert_type": "low_vigor_tree", "severity": "medium", "grove_code": "ALMAFAREQ", "tree_code_optional": "KOG-ALMAFAREQ-0027", "related_rule": "Ba'al rainfed discipline", "evidence": { "final_ndvi_mean": 0.3362258970737457, "health_index": 41.2, "confidence_score": 0.85, "shadow_fraction": 0.0, "crown_area_m2": 45.25, "review_status": "unreviewed" }, "recommended_task": "Field inspection: check irrigation, pruning, stress.", "confidence_score": 0.85, "status": "open", "alert_id": "ALERT-V1-00177" }, "geometry": { "type": "Point", "coordinates": [ 35.376482539448382, 32.93009046128104 ] } },
{ "type": "Feature", "properties": { "alert_type": "low_vigor_tree", "severity": "medium", "grove_code": "ALMAFAREQ", "tree_code_optional": "KOG-ALMAFAREQ-0028", "related_rule": "Ba'al rainfed discipline", "evidence": { "final_ndvi_mean": 0.31163501739501953, "health_index": 32.3, "confidence_score": 0.85, "shadow_fraction": 0.0, "crown_area_m2": 76.0, "review_status": "unreviewed" }, "recommended_task": "Field inspection: check irrigation, pruning, stress.", "confidence_score": 0.85, "status": "open", "alert_id": "ALERT-V1-00178" }, "geometry": { "type": "Point", "coordinates": [ 35.375673513097638, 32.93002083840728 ] } },
{ "type": "Feature", "properties": { "alert_type": "low_vigor_tree", "severity": "medium", "grove_code": "ALMAFAREQ", "tree_code_optional": "KOG-ALMAFAREQ-0029", "related_rule": "Ba'al rainfed discipline", "evidence": { "final_ndvi_mean": 0.3213649392127991, "health_index": 38.3, "confidence_score": 0.85, "shadow_fraction": 0.0, "crown_area_m2": 49.5, "review_status": "unreviewed" }, "recommended_task": "Field inspection: check irrigation, pruning, stress.", "confidence_score": 0.85, "status": "open", "alert_id": "ALERT-V1-00179" }, "geometry": { "type": "Point", "coordinates": [ 35.376565850284109, 32.929983547865717 ] } },
{ "type": "Feature", "properties": { "alert_type": "low_vigor_tree", "severity": "medium", "grove_code": "ALMAFAREQ", "tree_code_optional": "KOG-ALMAFAREQ-0030", "related_rule": "Ba'al rainfed discipline", "evidence": { "final_ndvi_mean": 0.3079262971878052, "health_index": 35.6, "confidence_score": 0.85, "shadow_fraction": 0.0, "crown_area_m2": 46.75, "review_status": "unreviewed" }, "recommended_task": "Field inspection: check irrigation, pruning, stress.", "confidence_score": 0.85, "status": "open", "alert_id": "ALERT-V1-00180" }, "geometry": { "type": "Point", "coordinates": [ 35.376532675551353, 32.929916124833426 ] } },
{ "type": "Feature", "properties": { "alert_type": "low_vigor_tree", "severity": "medium", "grove_code": "ALMAFAREQ", "tree_code_optional": "KOG-ALMAFAREQ-0031", "related_rule": "Ba'al rainfed discipline", "evidence": { "final_ndvi_mean": 0.317160427570343, "health_index": 33.4, "confidence_score": 0.85, "shadow_fraction": 0.0, "crown_area_m2": 50.0, "review_status": "unreviewed" }, "recommended_task": "Field inspection: check irrigation, pruning, stress.", "confidence_score": 0.85, "status": "open", "alert_id": "ALERT-V1-00181" }, "geometry": { "type": "Point", "coordinates": [ 35.375809801527666, 32.929771882114302 ] } },
{ "type": "Feature", "properties": { "alert_type": "low_vigor_tree", "severity": "medium", "grove_code": "ALMAFAREQ", "tree_code_optional": "KOG-ALMAFAREQ-0032", "related_rule": "Ba'al rainfed discipline", "evidence": { "final_ndvi_mean": 0.3035944104194641, "health_index": 30.7, "confidence_score": 0.85, "shadow_fraction": 0.0, "crown_area_m2": 39.25, "review_status": "unreviewed" }, "recommended_task": "Field inspection: check irrigation, pruning, stress.", "confidence_score": 0.85, "status": "open", "alert_id": "ALERT-V1-00182" }, "geometry": { "type": "Point", "coordinates": [ 35.375851442674112, 32.929367552353739 ] } },
{ "type": "Feature", "properties": { "alert_type": "low_vigor_tree", "severity": "medium", "grove_code": "ALMAFAREQ", "tree_code_optional": "KOG-ALMAFAREQ-0033", "related_rule": "Ba'al rainfed discipline", "evidence": { "final_ndvi_mean": 0.3132244944572449, "health_index": 36.6, "confidence_score": 0.85, "shadow_fraction": 0.0, "crown_area_m2": 46.0, "review_status": "unreviewed" }, "recommended_task": "Field inspection: check irrigation, pruning, stress.", "confidence_score": 0.85, "status": "open", "alert_id": "ALERT-V1-00183" }, "geometry": { "type": "Point", "coordinates": [ 35.376728832158321, 32.930094373360205 ] } },
{ "type": "Feature", "properties": { "alert_type": "low_vigor_tree", "severity": "medium", "grove_code": "ALMAFAREQ", "tree_code_optional": "KOG-ALMAFAREQ-0034", "related_rule": "Ba'al rainfed discipline", "evidence": { "final_ndvi_mean": 0.332194060087204, "health_index": 40.4, "confidence_score": 0.85, "shadow_fraction": 0.0, "crown_area_m2": 46.5, "review_status": "unreviewed" }, "recommended_task": "Field inspection: check irrigation, pruning, stress.", "confidence_score": 0.85, "status": "open", "alert_id": "ALERT-V1-00184" }, "geometry": { "type": "Point", "coordinates": [ 35.376270532538392, 32.929937221547817 ] } },
{ "type": "Feature", "properties": { "alert_type": "low_vigor_tree", "severity": "medium", "grove_code": "ALMAFAREQ", "tree_code_optional": "KOG-ALMAFAREQ-0035", "related_rule": "Ba'al rainfed discipline", "evidence": { "final_ndvi_mean": 0.3414163291454315, "health_index": 42.3, "confidence_score": 0.85, "shadow_fraction": 0.0, "crown_area_m2": 53.5, "review_status": "unreviewed" }, "recommended_task": "Field inspection: check irrigation, pruning, stress.", "confidence_score": 0.85, "status": "open", "alert_id": "ALERT-V1-00185" }, "geometry": { "type": "Point", "coordinates": [ 35.37576384328122, 32.929909753885866 ] } },
{ "type": "Feature", "properties": { "alert_type": "low_vigor_tree", "severity": "medium", "grove_code": "ALMAFAREQ", "tree_code_optional": "KOG-ALMAFAREQ-0036", "related_rule": "Ba'al rainfed discipline", "evidence": { "final_ndvi_mean": 0.3366853892803192, "health_index": 41.3, "confidence_score": 0.85, "shadow_fraction": 0.0, "crown_area_m2": 38.75, "review_status": "unreviewed" }, "recommended_task": "Field inspection: check irrigation, pruning, stress.", "confidence_score": 0.85, "status": "open", "alert_id": "ALERT-V1-00186" }, "geometry": { "type": "Point", "coordinates": [ 35.375906988811273, 32.929838508891301 ] } },
{ "type": "Feature", "properties": { "alert_type": "low_vigor_tree", "severity": "medium", "grove_code": "ALMAFAREQ", "tree_code_optional": "KOG-ALMAFAREQ-0037", "related_rule": "Ba'al rainfed discipline", "evidence": { "final_ndvi_mean": 0.3293852210044861, "health_index": 39.9, "confidence_score": 0.85, "shadow_fraction": 0.0, "crown_area_m2": 46.0, "review_status": "unreviewed" }, "recommended_task": "Field inspection: check irrigation, pruning, stress.", "confidence_score": 0.85, "status": "open", "alert_id": "ALERT-V1-00187" }, "geometry": { "type": "Point", "coordinates": [ 35.37684726086836, 32.929784748149295 ] } },
{ "type": "Feature", "properties": { "alert_type": "low_vigor_tree", "severity": "medium", "grove_code": "ALMAFAREQ", "tree_code_optional": "KOG-ALMAFAREQ-0038", "related_rule": "Ba'al rainfed discipline", "evidence": { "final_ndvi_mean": 0.331996351480484, "health_index": 40.4, "confidence_score": 0.85, "shadow_fraction": 0.0, "crown_area_m2": 46.25, "review_status": "unreviewed" }, "recommended_task": "Field inspection: check irrigation, pruning, stress.", "confidence_score": 0.85, "status": "open", "alert_id": "ALERT-V1-00188" }, "geometry": { "type": "Point", "coordinates": [ 35.376838422893734, 32.929682100633585 ] } },
{ "type": "Feature", "properties": { "alert_type": "low_vigor_tree", "severity": "medium", "grove_code": "ALMAFAREQ", "tree_code_optional": "KOG-ALMAFAREQ-0039", "related_rule": "Ba'al rainfed discipline", "evidence": { "final_ndvi_mean": 0.3228616714477539, "health_index": 38.6, "confidence_score": 0.85, "shadow_fraction": 0.0, "crown_area_m2": 45.5, "review_status": "unreviewed" }, "recommended_task": "Field inspection: check irrigation, pruning, stress.", "confidence_score": 0.85, "status": "open", "alert_id": "ALERT-V1-00189" }, "geometry": { "type": "Point", "coordinates": [ 35.376017355105759, 32.930200432586844 ] } },
{ "type": "Feature", "properties": { "alert_type": "low_vigor_tree", "severity": "medium", "grove_code": "ALMAFAREQ", "tree_code_optional": "KOG-ALMAFAREQ-0040", "related_rule": "Ba'al rainfed discipline", "evidence": { "final_ndvi_mean": 0.32908499240875244, "health_index": 35.8, "confidence_score": 0.85, "shadow_fraction": 0.0, "crown_area_m2": 44.0, "review_status": "unreviewed" }, "recommended_task": "Field inspection: check irrigation, pruning, stress.", "confidence_score": 0.85, "status": "open", "alert_id": "ALERT-V1-00190" }, "geometry": { "type": "Point", "coordinates": [ 35.375675808065338, 32.930197521677165 ] } },
{ "type": "Feature", "properties": { "alert_type": "low_vigor_tree", "severity": "medium", "grove_code": "ALMAFAREQ", "tree_code_optional": "KOG-ALMAFAREQ-0041", "related_rule": "Ba'al rainfed discipline", "evidence": { "final_ndvi_mean": 0.3283676207065582, "health_index": 35.7, "confidence_score": 0.85, "shadow_fraction": 0.0, "crown_area_m2": 45.5, "review_status": "unreviewed" }, "recommended_task": "Field inspection: check irrigation, pruning, stress.", "confidence_score": 0.85, "status": "open", "alert_id": "ALERT-V1-00191" }, "geometry": { "type": "Point", "coordinates": [ 35.375718757945968, 32.930124758493228 ] } },
{ "type": "Feature", "properties": { "alert_type": "low_vigor_tree", "severity": "medium", "grove_code": "ALMAFAREQ", "tree_code_optional": "KOG-ALMAFAREQ-0042", "related_rule": "Ba'al rainfed discipline", "evidence": { "final_ndvi_mean": 0.32247933745384216, "health_index": 34.5, "confidence_score": 0.85, "shadow_fraction": 0.0, "crown_area_m2": 50.75, "review_status": "unreviewed" }, "recommended_task": "Field inspection: check irrigation, pruning, stress.", "confidence_score": 0.85, "status": "open", "alert_id": "ALERT-V1-00192" }, "geometry": { "type": "Point", "coordinates": [ 35.376138920596226, 32.930110730329574 ] } },
{ "type": "Feature", "properties": { "alert_type": "low_vigor_tree", "severity": "medium", "grove_code": "ALMAFAREQ", "tree_code_optional": "KOG-ALMAFAREQ-0043", "related_rule": "Ba'al rainfed discipline", "evidence": { "final_ndvi_mean": 0.3113992214202881, "health_index": 36.3, "confidence_score": 0.85, "shadow_fraction": 0.0, "crown_area_m2": 37.25, "review_status": "unreviewed" }, "recommended_task": "Field inspection: check irrigation, pruning, stress.", "confidence_score": 0.85, "status": "open", "alert_id": "ALERT-V1-00193" }, "geometry": { "type": "Point", "coordinates": [ 35.376456647685906, 32.929929733977829 ] } },
{ "type": "Feature", "properties": { "alert_type": "low_vigor_tree", "severity": "medium", "grove_code": "ALMAFAREQ", "tree_code_optional": "KOG-ALMAFAREQ-0044", "related_rule": "Ba'al rainfed discipline", "evidence": { "final_ndvi_mean": 0.3231634497642517, "health_index": 34.6, "confidence_score": 0.85, "shadow_fraction": 0.0, "crown_area_m2": 43.75, "review_status": "unreviewed" }, "recommended_task": "Field inspection: check irrigation, pruning, stress.", "confidence_score": 0.85, "status": "open", "alert_id": "ALERT-V1-00194" }, "geometry": { "type": "Point", "coordinates": [ 35.376413770550649, 32.929853795803815 ] } },
{ "type": "Feature", "properties": { "alert_type": "low_vigor_tree", "severity": "medium", "grove_code": "ALMAFAREQ", "tree_code_optional": "KOG-ALMAFAREQ-0045", "related_rule": "Ba'al rainfed discipline", "evidence": { "final_ndvi_mean": 0.3364228308200836, "health_index": 41.3, "confidence_score": 0.85, "shadow_fraction": 0.0, "crown_area_m2": 45.25, "review_status": "unreviewed" }, "recommended_task": "Field inspection: check irrigation, pruning, stress.", "confidence_score": 0.85, "status": "open", "alert_id": "ALERT-V1-00195" }, "geometry": { "type": "Point", "coordinates": [ 35.376433090462356, 32.929745855818126 ] } },
{ "type": "Feature", "properties": { "alert_type": "low_vigor_tree", "severity": "medium", "grove_code": "ALMAFAREQ", "tree_code_optional": "KOG-ALMAFAREQ-0046", "related_rule": "Ba'al rainfed discipline", "evidence": { "final_ndvi_mean": 0.337478369474411, "health_index": 41.5, "confidence_score": 0.85, "shadow_fraction": 0.0, "crown_area_m2": 44.0, "review_status": "unreviewed" }, "recommended_task": "Field inspection: check irrigation, pruning, stress.", "confidence_score": 0.85, "status": "open", "alert_id": "ALERT-V1-00196" }, "geometry": { "type": "Point", "coordinates": [ 35.37590192141456, 32.930134634165192 ] } },
{ "type": "Feature", "properties": { "alert_type": "low_vigor_tree", "severity": "medium", "grove_code": "ALMAFAREQ", "tree_code_optional": "KOG-ALMAFAREQ-0047", "related_rule": "Ba'al rainfed discipline", "evidence": { "final_ndvi_mean": 0.31833964586257935, "health_index": 37.7, "confidence_score": 0.85, "shadow_fraction": 0.0, "crown_area_m2": 41.75, "review_status": "unreviewed" }, "recommended_task": "Field inspection: check irrigation, pruning, stress.", "confidence_score": 0.85, "status": "open", "alert_id": "ALERT-V1-00197" }, "geometry": { "type": "Point", "coordinates": [ 35.376077962172282, 32.92983297070343 ] } },
{ "type": "Feature", "properties": { "alert_type": "low_vigor_tree", "severity": "medium", "grove_code": "ALMAFAREQ", "tree_code_optional": "KOG-ALMAFAREQ-0048", "related_rule": "Ba'al rainfed discipline", "evidence": { "final_ndvi_mean": 0.32070305943489075, "health_index": 34.1, "confidence_score": 0.85, "shadow_fraction": 0.0, "crown_area_m2": 41.75, "review_status": "unreviewed" }, "recommended_task": "Field inspection: check irrigation, pruning, stress.", "confidence_score": 0.85, "status": "open", "alert_id": "ALERT-V1-00198" }, "geometry": { "type": "Point", "coordinates": [ 35.375997850498607, 32.929836060491851 ] } },
{ "type": "Feature", "properties": { "alert_type": "low_vigor_tree", "severity": "medium", "grove_code": "ALMAFAREQ", "tree_code_optional": "KOG-ALMAFAREQ-0049", "related_rule": "Ba'al rainfed discipline", "evidence": { "final_ndvi_mean": 0.3226521611213684, "health_index": 38.5, "confidence_score": 0.85, "shadow_fraction": 0.0, "crown_area_m2": 43.75, "review_status": "unreviewed" }, "recommended_task": "Field inspection: check irrigation, pruning, stress.", "confidence_score": 0.85, "status": "open", "alert_id": "ALERT-V1-00199" }, "geometry": { "type": "Point", "coordinates": [ 35.375729036011073, 32.929767656889808 ] } },
{ "type": "Feature", "properties": { "alert_type": "low_vigor_tree", "severity": "medium", "grove_code": "ALMAFAREQ", "tree_code_optional": "KOG-ALMAFAREQ-0050", "related_rule": "Ba'al rainfed discipline", "evidence": { "final_ndvi_mean": 0.281843900680542, "health_index": 30.4, "confidence_score": 0.85, "shadow_fraction": 0.0, "crown_area_m2": 63.75, "review_status": "unreviewed" }, "recommended_task": "Field inspection: check irrigation, pruning, stress.", "confidence_score": 0.85, "status": "open", "alert_id": "ALERT-V1-00200" }, "geometry": { "type": "Point", "coordinates": [ 35.376404374837868, 32.929625369637321 ] } },
{ "type": "Feature", "properties": { "alert_type": "low_vigor_tree", "severity": "medium", "grove_code": "ALMAFAREQ", "tree_code_optional": "KOG-ALMAFAREQ-0051", "related_rule": "Ba'al rainfed discipline", "evidence": { "final_ndvi_mean": 0.3104492127895355, "health_index": 32.1, "confidence_score": 0.85, "shadow_fraction": 0.0, "crown_area_m2": 41.75, "review_status": "unreviewed" }, "recommended_task": "Field inspection: check irrigation, pruning, stress.", "confidence_score": 0.85, "status": "open", "alert_id": "ALERT-V1-00201" }, "geometry": { "type": "Point", "coordinates": [ 35.375976902578742, 32.929763834725975 ] } },
{ "type": "Feature", "properties": { "alert_type": "low_vigor_tree", "severity": "medium", "grove_code": "ALMAFAREQ", "tree_code_optional": "KOG-ALMAFAREQ-0052", "related_rule": "Ba'al rainfed discipline", "evidence": { "final_ndvi_mean": 0.30609095096588135, "health_index": 35.2, "confidence_score": 0.85, "shadow_fraction": 0.0, "crown_area_m2": 29.25, "review_status": "unreviewed" }, "recommended_task": "Field inspection: check irrigation, pruning, stress.", "confidence_score": 0.85, "status": "open", "alert_id": "ALERT-V1-00202" }, "geometry": { "type": "Point", "coordinates": [ 35.376131393758676, 32.929603507877182 ] } },
{ "type": "Feature", "properties": { "alert_type": "low_vigor_tree", "severity": "medium", "grove_code": "ALMAFAREQ", "tree_code_optional": "KOG-ALMAFAREQ-0053", "related_rule": "Ba'al rainfed discipline", "evidence": { "final_ndvi_mean": 0.31809958815574646, "health_index": 37.6, "confidence_score": 0.85, "shadow_fraction": 0.0, "crown_area_m2": 42.25, "review_status": "unreviewed" }, "recommended_task": "Field inspection: check irrigation, pruning, stress.", "confidence_score": 0.85, "status": "open", "alert_id": "ALERT-V1-00203" }, "geometry": { "type": "Point", "coordinates": [ 35.376572296548467, 32.930059497993099 ] } },
{ "type": "Feature", "properties": { "alert_type": "low_vigor_tree", "severity": "medium", "grove_code": "ALMAFAREQ", "tree_code_optional": "KOG-ALMAFAREQ-0054", "related_rule": "Ba'al rainfed discipline", "evidence": { "final_ndvi_mean": 0.30606570839881897, "health_index": 35.2, "confidence_score": 0.85, "shadow_fraction": 0.0, "crown_area_m2": 33.75, "review_status": "unreviewed" }, "recommended_task": "Field inspection: check irrigation, pruning, stress.", "confidence_score": 0.85, "status": "open", "alert_id": "ALERT-V1-00204" }, "geometry": { "type": "Point", "coordinates": [ 35.376206467156273, 32.92995439348725 ] } },
{ "type": "Feature", "properties": { "alert_type": "low_vigor_tree", "severity": "medium", "grove_code": "ALMAFAREQ", "tree_code_optional": "KOG-ALMAFAREQ-0055", "related_rule": "Ba'al rainfed discipline", "evidence": { "final_ndvi_mean": 0.3307633101940155, "health_index": 40.2, "confidence_score": 0.85, "shadow_fraction": 0.0, "crown_area_m2": 35.0, "review_status": "unreviewed" }, "recommended_task": "Field inspection: check irrigation, pruning, stress.", "confidence_score": 0.85, "status": "open", "alert_id": "ALERT-V1-00205" }, "geometry": { "type": "Point", "coordinates": [ 35.375965304135697, 32.929937582920047 ] } },
{ "type": "Feature", "properties": { "alert_type": "low_vigor_tree", "severity": "medium", "grove_code": "ALMAFAREQ", "tree_code_optional": "KOG-ALMAFAREQ-0056", "related_rule": "Ba'al rainfed discipline", "evidence": { "final_ndvi_mean": 0.3194926977157593, "health_index": 37.9, "confidence_score": 0.85, "shadow_fraction": 0.0, "crown_area_m2": 34.25, "review_status": "unreviewed" }, "recommended_task": "Field inspection: check irrigation, pruning, stress.", "confidence_score": 0.85, "status": "open", "alert_id": "ALERT-V1-00206" }, "geometry": { "type": "Point", "coordinates": [ 35.375624729051502, 32.929774898795024 ] } },
{ "type": "Feature", "properties": { "alert_type": "low_vigor_tree", "severity": "medium", "grove_code": "ALMAFAREQ", "tree_code_optional": "KOG-ALMAFAREQ-0057", "related_rule": "Ba'al rainfed discipline", "evidence": { "final_ndvi_mean": 0.30440402030944824, "health_index": 34.9, "confidence_score": 0.85, "shadow_fraction": 0.0, "crown_area_m2": 35.0, "review_status": "unreviewed" }, "recommended_task": "Field inspection: check irrigation, pruning, stress.", "confidence_score": 0.85, "status": "open", "alert_id": "ALERT-V1-00207" }, "geometry": { "type": "Point", "coordinates": [ 35.375906534591728, 32.929712044920471 ] } },
{ "type": "Feature", "properties": { "alert_type": "low_vigor_tree", "severity": "medium", "grove_code": "ALMAFAREQ", "tree_code_optional": "KOG-ALMAFAREQ-0058", "related_rule": "Ba'al rainfed discipline", "evidence": { "final_ndvi_mean": 0.3139071762561798, "health_index": 36.8, "confidence_score": 0.85, "shadow_fraction": 0.0, "crown_area_m2": 39.25, "review_status": "unreviewed" }, "recommended_task": "Field inspection: check irrigation, pruning, stress.", "confidence_score": 0.85, "status": "open", "alert_id": "ALERT-V1-00208" }, "geometry": { "type": "Point", "coordinates": [ 35.375934052994623, 32.929553391212899 ] } },
{ "type": "Feature", "properties": { "alert_type": "low_vigor_tree", "severity": "medium", "grove_code": "ALMAFAREQ", "tree_code_optional": "KOG-ALMAFAREQ-0059", "related_rule": "Ba'al rainfed discipline", "evidence": { "final_ndvi_mean": 0.28840380907058716, "health_index": 27.7, "confidence_score": 0.85, "shadow_fraction": 0.0, "crown_area_m2": 35.75, "review_status": "unreviewed" }, "recommended_task": "Field inspection: check irrigation, pruning, stress.", "confidence_score": 0.85, "status": "open", "alert_id": "ALERT-V1-00209" }, "geometry": { "type": "Point", "coordinates": [ 35.375745796381459, 32.929403406419326 ] } },
{ "type": "Feature", "properties": { "alert_type": "low_vigor_tree", "severity": "medium", "grove_code": "ALMAFAREQ", "tree_code_optional": "KOG-ALMAFAREQ-0060", "related_rule": "Ba'al rainfed discipline", "evidence": { "final_ndvi_mean": 0.28785648941993713, "health_index": 31.6, "confidence_score": 0.85, "shadow_fraction": 0.0, "crown_area_m2": 27.25, "review_status": "unreviewed" }, "recommended_task": "Field inspection: check irrigation, pruning, stress.", "confidence_score": 0.85, "status": "open", "alert_id": "ALERT-V1-00210" }, "geometry": { "type": "Point", "coordinates": [ 35.37601738448322, 32.929297656775539 ] } },
{ "type": "Feature", "properties": { "alert_type": "low_vigor_tree", "severity": "medium", "grove_code": "ALMAFAREQ", "tree_code_optional": "KOG-ALMAFAREQ-0061", "related_rule": "Ba'al rainfed discipline", "evidence": { "final_ndvi_mean": 0.3259676694869995, "health_index": 39.2, "confidence_score": 0.85, "shadow_fraction": 0.0, "crown_area_m2": 43.75, "review_status": "unreviewed" }, "recommended_task": "Field inspection: check irrigation, pruning, stress.", "confidence_score": 0.85, "status": "open", "alert_id": "ALERT-V1-00211" }, "geometry": { "type": "Point", "coordinates": [ 35.37695783421934, 32.930007738472781 ] } },
{ "type": "Feature", "properties": { "alert_type": "low_vigor_tree", "severity": "medium", "grove_code": "ALMAFAREQ", "tree_code_optional": "KOG-ALMAFAREQ-0062", "related_rule": "Ba'al rainfed discipline", "evidence": { "final_ndvi_mean": 0.31872010231018066, "health_index": 37.7, "confidence_score": 0.85, "shadow_fraction": 0.0, "crown_area_m2": 38.25, "review_status": "unreviewed" }, "recommended_task": "Field inspection: check irrigation, pruning, stress.", "confidence_score": 0.85, "status": "open", "alert_id": "ALERT-V1-00212" }, "geometry": { "type": "Point", "coordinates": [ 35.376688041286101, 32.929974157241887 ] } },
{ "type": "Feature", "properties": { "alert_type": "low_vigor_tree", "severity": "medium", "grove_code": "ALMAFAREQ", "tree_code_optional": "KOG-ALMAFAREQ-0063", "related_rule": "Ba'al rainfed discipline", "evidence": { "final_ndvi_mean": 0.3120286464691162, "health_index": 36.4, "confidence_score": 0.85, "shadow_fraction": 0.0, "crown_area_m2": 37.0, "review_status": "unreviewed" }, "recommended_task": "Field inspection: check irrigation, pruning, stress.", "confidence_score": 0.85, "status": "open", "alert_id": "ALERT-V1-00213" }, "geometry": { "type": "Point", "coordinates": [ 35.376610327048212, 32.929903087108023 ] } },
{ "type": "Feature", "properties": { "alert_type": "low_vigor_tree", "severity": "medium", "grove_code": "ALMAFAREQ", "tree_code_optional": "KOG-ALMAFAREQ-0064", "related_rule": "Ba'al rainfed discipline", "evidence": { "final_ndvi_mean": 0.31818339228630066, "health_index": 33.6, "confidence_score": 0.85, "shadow_fraction": 0.0, "crown_area_m2": 48.75, "review_status": "unreviewed" }, "recommended_task": "Field inspection: check irrigation, pruning, stress.", "confidence_score": 0.85, "status": "open", "alert_id": "ALERT-V1-00214" }, "geometry": { "type": "Point", "coordinates": [ 35.375644100914904, 32.929865430266318 ] } },
{ "type": "Feature", "properties": { "alert_type": "low_vigor_tree", "severity": "medium", "grove_code": "ALMAFAREQ", "tree_code_optional": "KOG-ALMAFAREQ-0065", "related_rule": "Ba'al rainfed discipline", "evidence": { "final_ndvi_mean": 0.3285132348537445, "health_index": 39.7, "confidence_score": 0.85, "shadow_fraction": 0.0, "crown_area_m2": 35.75, "review_status": "unreviewed" }, "recommended_task": "Field inspection: check irrigation, pruning, stress.", "confidence_score": 0.85, "status": "open", "alert_id": "ALERT-V1-00215" }, "geometry": { "type": "Point", "coordinates": [ 35.37606783380614, 32.929738518892059 ] } },
{ "type": "Feature", "properties": { "alert_type": "low_vigor_tree", "severity": "medium", "grove_code": "ALMAFAREQ", "tree_code_optional": "KOG-ALMAFAREQ-0066", "related_rule": "Ba'al rainfed discipline", "evidence": { "final_ndvi_mean": 0.2984280288219452, "health_index": 29.7, "confidence_score": 0.85, "shadow_fraction": 0.0, "crown_area_m2": 36.25, "review_status": "unreviewed" }, "recommended_task": "Field inspection: check irrigation, pruning, stress.", "confidence_score": 0.85, "status": "open", "alert_id": "ALERT-V1-00216" }, "geometry": { "type": "Point", "coordinates": [ 35.375867006965592, 32.929641611314146 ] } },
{ "type": "Feature", "properties": { "alert_type": "low_vigor_tree", "severity": "medium", "grove_code": "ALMAFAREQ", "tree_code_optional": "KOG-ALMAFAREQ-0067", "related_rule": "Ba'al rainfed discipline", "evidence": { "final_ndvi_mean": 0.3240757882595062, "health_index": 38.8, "confidence_score": 0.85, "shadow_fraction": 0.0, "crown_area_m2": 21.75, "review_status": "unreviewed" }, "recommended_task": "Field inspection: check irrigation, pruning, stress.", "confidence_score": 0.85, "status": "open", "alert_id": "ALERT-V1-00217" }, "geometry": { "type": "Point", "coordinates": [ 35.375511614867357, 32.929560954846586 ] } },
{ "type": "Feature", "properties": { "alert_type": "low_vigor_tree", "severity": "medium", "grove_code": "ALMAFAREQ", "tree_code_optional": "KOG-ALMAFAREQ-0068", "related_rule": "Ba'al rainfed discipline", "evidence": { "final_ndvi_mean": 0.28817543387413025, "health_index": 27.6, "confidence_score": 0.85, "shadow_fraction": 0.0, "crown_area_m2": 35.5, "review_status": "unreviewed" }, "recommended_task": "Field inspection: check irrigation, pruning, stress.", "confidence_score": 0.85, "status": "open", "alert_id": "ALERT-V1-00218" }, "geometry": { "type": "Point", "coordinates": [ 35.376027240889762, 32.929426868315467 ] } },
{ "type": "Feature", "properties": { "alert_type": "low_vigor_tree", "severity": "medium", "grove_code": "ALMAFAREQ", "tree_code_optional": "KOG-ALMAFAREQ-0069", "related_rule": "Ba'al rainfed discipline", "evidence": { "final_ndvi_mean": 0.30568212270736694, "health_index": 35.1, "confidence_score": 0.85, "shadow_fraction": 0.0, "crown_area_m2": 32.75, "review_status": "unreviewed" }, "recommended_task": "Field inspection: check irrigation, pruning, stress.", "confidence_score": 0.85, "status": "open", "alert_id": "ALERT-V1-00219" }, "geometry": { "type": "Point", "coordinates": [ 35.375912528929994, 32.930232594503572 ] } },
{ "type": "Feature", "properties": { "alert_type": "low_vigor_tree", "severity": "medium", "grove_code": "ALMAFAREQ", "tree_code_optional": "KOG-ALMAFAREQ-0070", "related_rule": "Ba'al rainfed discipline", "evidence": { "final_ndvi_mean": 0.3140223026275635, "health_index": 36.8, "confidence_score": 0.85, "shadow_fraction": 0.0, "crown_area_m2": 35.25, "review_status": "unreviewed" }, "recommended_task": "Field inspection: check irrigation, pruning, stress.", "confidence_score": 0.85, "status": "open", "alert_id": "ALERT-V1-00220" }, "geometry": { "type": "Point", "coordinates": [ 35.376125599130184, 32.930031966974923 ] } },
{ "type": "Feature", "properties": { "alert_type": "low_vigor_tree", "severity": "medium", "grove_code": "ALMAFAREQ", "tree_code_optional": "KOG-ALMAFAREQ-0071", "related_rule": "Ba'al rainfed discipline", "evidence": { "final_ndvi_mean": 0.29916101694107056, "health_index": 29.8, "confidence_score": 0.85, "shadow_fraction": 0.0, "crown_area_m2": 31.75, "review_status": "unreviewed" }, "recommended_task": "Field inspection: check irrigation, pruning, stress.", "confidence_score": 0.85, "status": "open", "alert_id": "ALERT-V1-00221" }, "geometry": { "type": "Point", "coordinates": [ 35.376734907439662, 32.929693719751953 ] } },
{ "type": "Feature", "properties": { "alert_type": "low_vigor_tree", "severity": "medium", "grove_code": "ALMAFAREQ", "tree_code_optional": "KOG-ALMAFAREQ-0072", "related_rule": "Ba'al rainfed discipline", "evidence": { "final_ndvi_mean": 0.2870892882347107, "health_index": 31.4, "confidence_score": 0.85, "shadow_fraction": 0.0, "crown_area_m2": 27.75, "review_status": "unreviewed" }, "recommended_task": "Field inspection: check irrigation, pruning, stress.", "confidence_score": 0.85, "status": "open", "alert_id": "ALERT-V1-00222" }, "geometry": { "type": "Point", "coordinates": [ 35.375725940025376, 32.929648803662907 ] } },
{ "type": "Feature", "properties": { "alert_type": "low_vigor_tree", "severity": "medium", "grove_code": "ALMAFAREQ", "tree_code_optional": "KOG-ALMAFAREQ-0073", "related_rule": "Ba'al rainfed discipline", "evidence": { "final_ndvi_mean": 0.2965719401836395, "health_index": 33.3, "confidence_score": 0.85, "shadow_fraction": 0.0, "crown_area_m2": 30.25, "review_status": "unreviewed" }, "recommended_task": "Field inspection: check irrigation, pruning, stress.", "confidence_score": 0.85, "status": "open", "alert_id": "ALERT-V1-00223" }, "geometry": { "type": "Point", "coordinates": [ 35.375772521646454, 32.929520862312259 ] } },
{ "type": "Feature", "properties": { "alert_type": "low_vigor_tree", "severity": "medium", "grove_code": "ALMAFAREQ", "tree_code_optional": "KOG-ALMAFAREQ-0074", "related_rule": "Ba'al rainfed discipline", "evidence": { "final_ndvi_mean": 0.3142078220844269, "health_index": 36.8, "confidence_score": 0.85, "shadow_fraction": 0.0, "crown_area_m2": 29.0, "review_status": "unreviewed" }, "recommended_task": "Field inspection: check irrigation, pruning, stress.", "confidence_score": 0.85, "status": "open", "alert_id": "ALERT-V1-00224" }, "geometry": { "type": "Point", "coordinates": [ 35.376958921589299, 32.930105384042108 ] } },
{ "type": "Feature", "properties": { "alert_type": "low_vigor_tree", "severity": "medium", "grove_code": "ALMAFAREQ", "tree_code_optional": "KOG-ALMAFAREQ-0075", "related_rule": "Ba'al rainfed discipline", "evidence": { "final_ndvi_mean": 0.306450754404068, "health_index": 35.3, "confidence_score": 0.85, "shadow_fraction": 0.0, "crown_area_m2": 33.0, "review_status": "unreviewed" }, "recommended_task": "Field inspection: check irrigation, pruning, stress.", "confidence_score": 0.85, "status": "open", "alert_id": "ALERT-V1-00225" }, "geometry": { "type": "Point", "coordinates": [ 35.376030928668698, 32.93011143874449 ] } },
{ "type": "Feature", "properties": { "alert_type": "low_vigor_tree", "severity": "medium", "grove_code": "ALMAFAREQ", "tree_code_optional": "KOG-ALMAFAREQ-0076", "related_rule": "Ba'al rainfed discipline", "evidence": { "final_ndvi_mean": 0.30753645300865173, "health_index": 35.5, "confidence_score": 0.85, "shadow_fraction": 0.0, "crown_area_m2": 30.25, "review_status": "unreviewed" }, "recommended_task": "Field inspection: check irrigation, pruning, stress.", "confidence_score": 0.85, "status": "open", "alert_id": "ALERT-V1-00226" }, "geometry": { "type": "Point", "coordinates": [ 35.376335311372003, 32.929909674530876 ] } },
{ "type": "Feature", "properties": { "alert_type": "low_vigor_tree", "severity": "medium", "grove_code": "ALMAFAREQ", "tree_code_optional": "KOG-ALMAFAREQ-0077", "related_rule": "Ba'al rainfed discipline", "evidence": { "final_ndvi_mean": 0.29218703508377075, "health_index": 28.4, "confidence_score": 0.85, "shadow_fraction": 0.0, "crown_area_m2": 30.5, "review_status": "unreviewed" }, "recommended_task": "Field inspection: check irrigation, pruning, stress.", "confidence_score": 0.85, "status": "open", "alert_id": "ALERT-V1-00227" }, "geometry": { "type": "Point", "coordinates": [ 35.376251905006676, 32.929859067697443 ] } },
{ "type": "Feature", "properties": { "alert_type": "low_vigor_tree", "severity": "medium", "grove_code": "ALMAFAREQ", "tree_code_optional": "KOG-ALMAFAREQ-0078", "related_rule": "Ba'al rainfed discipline", "evidence": { "final_ndvi_mean": 0.2988908290863037, "health_index": 33.8, "confidence_score": 0.85, "shadow_fraction": 0.0, "crown_area_m2": 31.0, "review_status": "unreviewed" }, "recommended_task": "Field inspection: check irrigation, pruning, stress.", "confidence_score": 0.85, "status": "open", "alert_id": "ALERT-V1-00228" }, "geometry": { "type": "Point", "coordinates": [ 35.376185712154275, 32.929850783329059 ] } },
{ "type": "Feature", "properties": { "alert_type": "low_vigor_tree", "severity": "medium", "grove_code": "ALMAFAREQ", "tree_code_optional": "KOG-ALMAFAREQ-0079", "related_rule": "Ba'al rainfed discipline", "evidence": { "final_ndvi_mean": 0.30154746770858765, "health_index": 30.3, "confidence_score": 0.85, "shadow_fraction": 0.0, "crown_area_m2": 38.0, "review_status": "unreviewed" }, "recommended_task": "Field inspection: check irrigation, pruning, stress.", "confidence_score": 0.85, "status": "open", "alert_id": "ALERT-V1-00229" }, "geometry": { "type": "Point", "coordinates": [ 35.376279771085429, 32.929702570266684 ] } },
{ "type": "Feature", "properties": { "alert_type": "low_vigor_tree", "severity": "medium", "grove_code": "ALMAFAREQ", "tree_code_optional": "KOG-ALMAFAREQ-0080", "related_rule": "Ba'al rainfed discipline", "evidence": { "final_ndvi_mean": 0.2846675515174866, "health_index": 30.9, "confidence_score": 0.85, "shadow_fraction": 0.0, "crown_area_m2": 33.0, "review_status": "unreviewed" }, "recommended_task": "Field inspection: check irrigation, pruning, stress.", "confidence_score": 0.85, "status": "open", "alert_id": "ALERT-V1-00230" }, "geometry": { "type": "Point", "coordinates": [ 35.376290119148301, 32.929632075980678 ] } },
{ "type": "Feature", "properties": { "alert_type": "low_vigor_tree", "severity": "medium", "grove_code": "ALMAFAREQ", "tree_code_optional": "KOG-ALMAFAREQ-0081", "related_rule": "Ba'al rainfed discipline", "evidence": { "final_ndvi_mean": 0.3055812120437622, "health_index": 31.1, "confidence_score": 0.85, "shadow_fraction": 0.0, "crown_area_m2": 31.0, "review_status": "unreviewed" }, "recommended_task": "Field inspection: check irrigation, pruning, stress.", "confidence_score": 0.85, "status": "open", "alert_id": "ALERT-V1-00231" }, "geometry": { "type": "Point", "coordinates": [ 35.376189478090083, 32.9301720978535 ] } },
{ "type": "Feature", "properties": { "alert_type": "low_vigor_tree", "severity": "medium", "grove_code": "ALMAFAREQ", "tree_code_optional": "KOG-ALMAFAREQ-0082", "related_rule": "Ba'al rainfed discipline", "evidence": { "final_ndvi_mean": 0.30653899908065796, "health_index": 35.3, "confidence_score": 0.85, "shadow_fraction": 0.0, "crown_area_m2": 31.25, "review_status": "unreviewed" }, "recommended_task": "Field inspection: check irrigation, pruning, stress.", "confidence_score": 0.85, "status": "open", "alert_id": "ALERT-V1-00232" }, "geometry": { "type": "Point", "coordinates": [ 35.376279975812615, 32.930173229173036 ] } },
{ "type": "Feature", "properties": { "alert_type": "low_vigor_tree", "severity": "medium", "grove_code": "ALMAFAREQ", "tree_code_optional": "KOG-ALMAFAREQ-0083", "related_rule": "Ba'al rainfed discipline", "evidence": { "final_ndvi_mean": 0.3031950891017914, "health_index": 34.6, "confidence_score": 0.85, "shadow_fraction": 0.0, "crown_area_m2": 30.25, "review_status": "unreviewed" }, "recommended_task": "Field inspection: check irrigation, pruning, stress.", "confidence_score": 0.85, "status": "open", "alert_id": "ALERT-V1-00233" }, "geometry": { "type": "Point", "coordinates": [ 35.376853899762253, 32.930112719611159 ] } },
{ "type": "Feature", "properties": { "alert_type": "low_vigor_tree", "severity": "medium", "grove_code": "ALMAFAREQ", "tree_code_optional": "KOG-ALMAFAREQ-0084", "related_rule": "Ba'al rainfed discipline", "evidence": { "final_ndvi_mean": 0.29990631341934204, "health_index": 30.0, "confidence_score": 0.85, "shadow_fraction": 0.0, "crown_area_m2": 29.25, "review_status": "unreviewed" }, "recommended_task": "Field inspection: check irrigation, pruning, stress.", "confidence_score": 0.85, "status": "open", "alert_id": "ALERT-V1-00234" }, "geometry": { "type": "Point", "coordinates": [ 35.375793750384581, 32.930028733211351 ] } },
{ "type": "Feature", "properties": { "alert_type": "low_vigor_tree", "severity": "medium", "grove_code": "ALMAFAREQ", "tree_code_optional": "KOG-ALMAFAREQ-0085", "related_rule": "Ba'al rainfed discipline", "evidence": { "final_ndvi_mean": 0.2958754003047943, "health_index": 29.2, "confidence_score": 0.85, "shadow_fraction": 0.0, "crown_area_m2": 22.25, "review_status": "unreviewed" }, "recommended_task": "Field inspection: check irrigation, pruning, stress.", "confidence_score": 0.85, "status": "open", "alert_id": "ALERT-V1-00235" }, "geometry": { "type": "Point", "coordinates": [ 35.375569311191306, 32.929575866358803 ] } },
{ "type": "Feature", "properties": { "alert_type": "low_vigor_tree", "severity": "medium", "grove_code": "ALMAFAREQ", "tree_code_optional": "KOG-ALMAFAREQ-0086", "related_rule": "Ba'al rainfed discipline", "evidence": { "final_ndvi_mean": 0.29161596298217773, "health_index": 28.3, "confidence_score": 0.85, "shadow_fraction": 0.0, "crown_area_m2": 46.25, "review_status": "unreviewed" }, "recommended_task": "Field inspection: check irrigation, pruning, stress.", "confidence_score": 0.85, "status": "open", "alert_id": "ALERT-V1-00236" }, "geometry": { "type": "Point", "coordinates": [ 35.376037019824246, 32.929554216635907 ] } },
{ "type": "Feature", "properties": { "alert_type": "low_vigor_tree", "severity": "medium", "grove_code": "ALMAFAREQ", "tree_code_optional": "KOG-ALMAFAREQ-0087", "related_rule": "Ba'al rainfed discipline", "evidence": { "final_ndvi_mean": 0.29123029112815857, "health_index": 32.2, "confidence_score": 0.85, "shadow_fraction": 0.0, "crown_area_m2": 24.5, "review_status": "unreviewed" }, "recommended_task": "Field inspection: check irrigation, pruning, stress.", "confidence_score": 0.85, "status": "open", "alert_id": "ALERT-V1-00237" }, "geometry": { "type": "Point", "coordinates": [ 35.375772358836329, 32.92944358161516 ] } },
{ "type": "Feature", "properties": { "alert_type": "low_vigor_tree", "severity": "medium", "grove_code": "ALMAFAREQ", "tree_code_optional": "KOG-ALMAFAREQ-0088", "related_rule": "Ba'al rainfed discipline", "evidence": { "final_ndvi_mean": 0.2932111918926239, "health_index": 32.6, "confidence_score": 0.85, "shadow_fraction": 0.0, "crown_area_m2": 28.25, "review_status": "unreviewed" }, "recommended_task": "Field inspection: check irrigation, pruning, stress.", "confidence_score": 0.85, "status": "open", "alert_id": "ALERT-V1-00238" }, "geometry": { "type": "Point", "coordinates": [ 35.376642350588227, 32.93011372450858 ] } },
{ "type": "Feature", "properties": { "alert_type": "low_vigor_tree", "severity": "medium", "grove_code": "ALMAFAREQ", "tree_code_optional": "KOG-ALMAFAREQ-0089", "related_rule": "Ba'al rainfed discipline", "evidence": { "final_ndvi_mean": 0.2942424714565277, "health_index": 28.8, "confidence_score": 0.85, "shadow_fraction": 0.0, "crown_area_m2": 27.25, "review_status": "unreviewed" }, "recommended_task": "Field inspection: check irrigation, pruning, stress.", "confidence_score": 0.85, "status": "open", "alert_id": "ALERT-V1-00239" }, "geometry": { "type": "Point", "coordinates": [ 35.375664908010847, 32.929951827010854 ] } },
{ "type": "Feature", "properties": { "alert_type": "low_vigor_tree", "severity": "medium", "grove_code": "ALMAFAREQ", "tree_code_optional": "KOG-ALMAFAREQ-0090", "related_rule": "Ba'al rainfed discipline", "evidence": { "final_ndvi_mean": 0.34408578276634216, "health_index": 42.8, "confidence_score": 0.85, "shadow_fraction": 0.0, "crown_area_m2": 24.25, "review_status": "unreviewed" }, "recommended_task": "Field inspection: check irrigation, pruning, stress.", "confidence_score": 0.85, "status": "open", "alert_id": "ALERT-V1-00240" }, "geometry": { "type": "Point", "coordinates": [ 35.375538774123953, 32.929801211824177 ] } },
{ "type": "Feature", "properties": { "alert_type": "low_vigor_tree", "severity": "medium", "grove_code": "ALMAFAREQ", "tree_code_optional": "KOG-ALMAFAREQ-0091", "related_rule": "Ba'al rainfed discipline", "evidence": { "final_ndvi_mean": 0.28791555762290955, "health_index": 31.6, "confidence_score": 0.85, "shadow_fraction": 0.0, "crown_area_m2": 24.0, "review_status": "unreviewed" }, "recommended_task": "Field inspection: check irrigation, pruning, stress.", "confidence_score": 0.85, "status": "open", "alert_id": "ALERT-V1-00241" }, "geometry": { "type": "Point", "coordinates": [ 35.375739620788458, 32.929706509722756 ] } },
{ "type": "Feature", "properties": { "alert_type": "low_vigor_tree", "severity": "medium", "grove_code": "ALMAFAREQ", "tree_code_optional": "KOG-ALMAFAREQ-0092", "related_rule": "Ba'al rainfed discipline", "evidence": { "final_ndvi_mean": 0.30341413617134094, "health_index": 34.7, "confidence_score": 0.85, "shadow_fraction": 0.0, "crown_area_m2": 29.5, "review_status": "unreviewed" }, "recommended_task": "Field inspection: check irrigation, pruning, stress.", "confidence_score": 0.85, "status": "open", "alert_id": "ALERT-V1-00242" }, "geometry": { "type": "Point", "coordinates": [ 35.376554534909104, 32.92968671771547 ] } },
{ "type": "Feature", "properties": { "alert_type": "low_vigor_tree", "severity": "medium", "grove_code": "ALMAFAREQ", "tree_code_optional": "KOG-ALMAFAREQ-0093", "related_rule": "Ba'al rainfed discipline", "evidence": { "final_ndvi_mean": 0.2972933053970337, "health_index": 33.5, "confidence_score": 0.85, "shadow_fraction": 0.0, "crown_area_m2": 27.75, "review_status": "unreviewed" }, "recommended_task": "Field inspection: check irrigation, pruning, stress.", "confidence_score": 0.85, "status": "open", "alert_id": "ALERT-V1-00243" }, "geometry": { "type": "Point", "coordinates": [ 35.376383280628332, 32.929675414954296 ] } },
{ "type": "Feature", "properties": { "alert_type": "low_vigor_tree", "severity": "medium", "grove_code": "ALMAFAREQ", "tree_code_optional": "KOG-ALMAFAREQ-0094", "related_rule": "Ba'al rainfed discipline", "evidence": { "final_ndvi_mean": 0.2911885380744934, "health_index": 32.2, "confidence_score": 0.85, "shadow_fraction": 0.0, "crown_area_m2": 24.5, "review_status": "unreviewed" }, "recommended_task": "Field inspection: check irrigation, pruning, stress.", "confidence_score": 0.85, "status": "open", "alert_id": "ALERT-V1-00244" }, "geometry": { "type": "Point", "coordinates": [ 35.376089391394061, 32.930186767903898 ] } },
{ "type": "Feature", "properties": { "alert_type": "low_vigor_tree", "severity": "medium", "grove_code": "ALMAFAREQ", "tree_code_optional": "KOG-ALMAFAREQ-0095", "related_rule": "Ba'al rainfed discipline", "evidence": { "final_ndvi_mean": 0.2947843670845032, "health_index": 33.0, "confidence_score": 0.85, "shadow_fraction": 0.0, "crown_area_m2": 20.0, "review_status": "unreviewed" }, "recommended_task": "Field inspection: check irrigation, pruning, stress.", "confidence_score": 0.85, "status": "open", "alert_id": "ALERT-V1-00245" }, "geometry": { "type": "Point", "coordinates": [ 35.37578876496012, 32.930192217184583 ] } },
{ "type": "Feature", "properties": { "alert_type": "low_vigor_tree", "severity": "medium", "grove_code": "ALMAFAREQ", "tree_code_optional": "KOG-ALMAFAREQ-0096", "related_rule": "Ba'al rainfed discipline", "evidence": { "final_ndvi_mean": 0.30809149146080017, "health_index": 35.6, "confidence_score": 0.85, "shadow_fraction": 0.0, "crown_area_m2": 29.5, "review_status": "unreviewed" }, "recommended_task": "Field inspection: check irrigation, pruning, stress.", "confidence_score": 0.85, "status": "open", "alert_id": "ALERT-V1-00246" }, "geometry": { "type": "Point", "coordinates": [ 35.375584356388387, 32.930152254597282 ] } },
{ "type": "Feature", "properties": { "alert_type": "low_vigor_tree", "severity": "medium", "grove_code": "ALMAFAREQ", "tree_code_optional": "KOG-ALMAFAREQ-0097", "related_rule": "Ba'al rainfed discipline", "evidence": { "final_ndvi_mean": 0.27770301699638367, "health_index": 29.5, "confidence_score": 0.85, "shadow_fraction": 0.0, "crown_area_m2": 24.0, "review_status": "unreviewed" }, "recommended_task": "Field inspection: check irrigation, pruning, stress.", "confidence_score": 0.85, "status": "open", "alert_id": "ALERT-V1-00247" }, "geometry": { "type": "Point", "coordinates": [ 35.376232484271782, 32.930014758942505 ] } },
{ "type": "Feature", "properties": { "alert_type": "low_vigor_tree", "severity": "medium", "grove_code": "ALMAFAREQ", "tree_code_optional": "KOG-ALMAFAREQ-0100", "related_rule": "Ba'al rainfed discipline", "evidence": { "final_ndvi_mean": 0.3463573157787323, "health_index": 39.3, "confidence_score": 0.85, "shadow_fraction": 0.0, "crown_area_m2": 23.5, "review_status": "unreviewed" }, "recommended_task": "Field inspection: check irrigation, pruning, stress.", "confidence_score": 0.85, "status": "open", "alert_id": "ALERT-V1-00248" }, "geometry": { "type": "Point", "coordinates": [ 35.375527302350534, 32.929755321486041 ] } },
{ "type": "Feature", "properties": { "alert_type": "low_vigor_tree", "severity": "medium", "grove_code": "ALMAFAREQ", "tree_code_optional": "KOG-ALMAFAREQ-0101", "related_rule": "Ba'al rainfed discipline", "evidence": { "final_ndvi_mean": 0.2955757975578308, "health_index": 29.1, "confidence_score": 0.85, "shadow_fraction": 0.0, "crown_area_m2": 24.25, "review_status": "unreviewed" }, "recommended_task": "Field inspection: check irrigation, pruning, stress.", "confidence_score": 0.85, "status": "open", "alert_id": "ALERT-V1-00249" }, "geometry": { "type": "Point", "coordinates": [ 35.375819017023382, 32.929686977121214 ] } },
{ "type": "Feature", "properties": { "alert_type": "low_vigor_tree", "severity": "medium", "grove_code": "ALMAFAREQ", "tree_code_optional": "KOG-ALMAFAREQ-0102", "related_rule": "Ba'al rainfed discipline", "evidence": { "final_ndvi_mean": 0.2978026866912842, "health_index": 33.6, "confidence_score": 0.85, "shadow_fraction": 0.0, "crown_area_m2": 13.75, "review_status": "unreviewed" }, "recommended_task": "Field inspection: check irrigation, pruning, stress.", "confidence_score": 0.85, "status": "open", "alert_id": "ALERT-V1-00250" }, "geometry": { "type": "Point", "coordinates": [ 35.376055511825015, 32.929691018430205 ] } },
{ "type": "Feature", "properties": { "alert_type": "low_vigor_tree", "severity": "medium", "grove_code": "ALMAFAREQ", "tree_code_optional": "KOG-ALMAFAREQ-0103", "related_rule": "Ba'al rainfed discipline", "evidence": { "final_ndvi_mean": 0.30258601903915405, "health_index": 30.5, "confidence_score": 0.85, "shadow_fraction": 0.0, "crown_area_m2": 18.75, "review_status": "unreviewed" }, "recommended_task": "Field inspection: check irrigation, pruning, stress.", "confidence_score": 0.85, "status": "open", "alert_id": "ALERT-V1-00251" }, "geometry": { "type": "Point", "coordinates": [ 35.376052008130806, 32.92965936063333 ] } },
{ "type": "Feature", "properties": { "alert_type": "low_vigor_tree", "severity": "medium", "grove_code": "ALMAFAREQ", "tree_code_optional": "KOG-ALMAFAREQ-0104", "related_rule": "Ba'al rainfed discipline", "evidence": { "final_ndvi_mean": 0.2876133322715759, "health_index": 27.5, "confidence_score": 0.85, "shadow_fraction": 0.0, "crown_area_m2": 24.75, "review_status": "unreviewed" }, "recommended_task": "Field inspection: check irrigation, pruning, stress.", "confidence_score": 0.85, "status": "open", "alert_id": "ALERT-V1-00252" }, "geometry": { "type": "Point", "coordinates": [ 35.37564353545234, 32.929520193894923 ] } },
{ "type": "Feature", "properties": { "alert_type": "low_vigor_tree", "severity": "medium", "grove_code": "ALMAFAREQ", "tree_code_optional": "KOG-ALMAFAREQ-0105", "related_rule": "Ba'al rainfed discipline", "evidence": { "final_ndvi_mean": 0.2901983857154846, "health_index": 32.0, "confidence_score": 0.85, "shadow_fraction": 0.0, "crown_area_m2": 16.0, "review_status": "unreviewed" }, "recommended_task": "Field inspection: check irrigation, pruning, stress.", "confidence_score": 0.85, "status": "open", "alert_id": "ALERT-V1-00253" }, "geometry": { "type": "Point", "coordinates": [ 35.375759354156855, 32.929479199381724 ] } },
{ "type": "Feature", "properties": { "alert_type": "low_vigor_tree", "severity": "medium", "grove_code": "ALMAFAREQ", "tree_code_optional": "KOG-ALMAFAREQ-0106", "related_rule": "Ba'al rainfed discipline", "evidence": { "final_ndvi_mean": 0.2996169626712799, "health_index": 33.9, "confidence_score": 0.85, "shadow_fraction": 0.0, "crown_area_m2": 18.0, "review_status": "unreviewed" }, "recommended_task": "Field inspection: check irrigation, pruning, stress.", "confidence_score": 0.85, "status": "open", "alert_id": "ALERT-V1-00254" }, "geometry": { "type": "Point", "coordinates": [ 35.375819449455037, 32.930259225607159 ] } },
{ "type": "Feature", "properties": { "alert_type": "low_vigor_tree", "severity": "medium", "grove_code": "ALMAFAREQ", "tree_code_optional": "KOG-ALMAFAREQ-0107", "related_rule": "Ba'al rainfed discipline", "evidence": { "final_ndvi_mean": 0.2883785367012024, "health_index": 31.7, "confidence_score": 0.85, "shadow_fraction": 0.0, "crown_area_m2": 22.0, "review_status": "unreviewed" }, "recommended_task": "Field inspection: check irrigation, pruning, stress.", "confidence_score": 0.85, "status": "open", "alert_id": "ALERT-V1-00255" }, "geometry": { "type": "Point", "coordinates": [ 35.375885395218575, 32.930023282769199 ] } },
{ "type": "Feature", "properties": { "alert_type": "low_vigor_tree", "severity": "medium", "grove_code": "ALMAFAREQ", "tree_code_optional": "KOG-ALMAFAREQ-0108", "related_rule": "Ba'al rainfed discipline", "evidence": { "final_ndvi_mean": 0.28407537937164307, "health_index": 26.8, "confidence_score": 0.85, "shadow_fraction": 0.0, "crown_area_m2": 21.0, "review_status": "unreviewed" }, "recommended_task": "Field inspection: check irrigation, pruning, stress.", "confidence_score": 0.85, "status": "open", "alert_id": "ALERT-V1-00256" }, "geometry": { "type": "Point", "coordinates": [ 35.375778915382718, 32.929845469867992 ] } },
{ "type": "Feature", "properties": { "alert_type": "low_vigor_tree", "severity": "medium", "grove_code": "ALMAFAREQ", "tree_code_optional": "KOG-ALMAFAREQ-0109", "related_rule": "Ba'al rainfed discipline", "evidence": { "final_ndvi_mean": 0.29089853167533875, "health_index": 32.2, "confidence_score": 0.85, "shadow_fraction": 0.0, "crown_area_m2": 22.25, "review_status": "unreviewed" }, "recommended_task": "Field inspection: check irrigation, pruning, stress.", "confidence_score": 0.85, "status": "open", "alert_id": "ALERT-V1-00257" }, "geometry": { "type": "Point", "coordinates": [ 35.376033548983791, 32.929616783418815 ] } },
{ "type": "Feature", "properties": { "alert_type": "low_vigor_tree", "severity": "medium", "grove_code": "ALMAFAREQ", "tree_code_optional": "KOG-ALMAFAREQ-0110", "related_rule": "Ba'al rainfed discipline", "evidence": { "final_ndvi_mean": 0.2740373909473419, "health_index": 28.8, "confidence_score": 0.85, "shadow_fraction": 0.0, "crown_area_m2": 19.5, "review_status": "unreviewed" }, "recommended_task": "Field inspection: check irrigation, pruning, stress.", "confidence_score": 0.85, "status": "open", "alert_id": "ALERT-V1-00258" }, "geometry": { "type": "Point", "coordinates": [ 35.376205694090601, 32.929598414306724 ] } },
{ "type": "Feature", "properties": { "alert_type": "low_vigor_tree", "severity": "medium", "grove_code": "ALMAFAREQ", "tree_code_optional": "KOG-ALMAFAREQ-0111", "related_rule": "Ba'al rainfed discipline", "evidence": { "final_ndvi_mean": 0.2820511758327484, "health_index": 26.4, "confidence_score": 0.85, "shadow_fraction": 0.0, "crown_area_m2": 24.0, "review_status": "unreviewed" }, "recommended_task": "Field inspection: check irrigation, pruning, stress.", "confidence_score": 0.85, "status": "open", "alert_id": "ALERT-V1-00259" }, "geometry": { "type": "Point", "coordinates": [ 35.375857679146648, 32.929566797575461 ] } },
{ "type": "Feature", "properties": { "alert_type": "low_vigor_tree", "severity": "medium", "grove_code": "ALMAFAREQ", "tree_code_optional": "KOG-ALMAFAREQ-0112", "related_rule": "Ba'al rainfed discipline", "evidence": { "final_ndvi_mean": 0.2807270884513855, "health_index": 30.1, "confidence_score": 0.85, "shadow_fraction": 0.0, "crown_area_m2": 19.5, "review_status": "unreviewed" }, "recommended_task": "Field inspection: check irrigation, pruning, stress.", "confidence_score": 0.85, "status": "open", "alert_id": "ALERT-V1-00260" }, "geometry": { "type": "Point", "coordinates": [ 35.375920617082706, 32.929498057495131 ] } },
{ "type": "Feature", "properties": { "alert_type": "low_vigor_tree", "severity": "medium", "grove_code": "ALMAFAREQ", "tree_code_optional": "KOG-ALMAFAREQ-0113", "related_rule": "Ba'al rainfed discipline", "evidence": { "final_ndvi_mean": 0.287494033575058, "health_index": 27.5, "confidence_score": 0.85, "shadow_fraction": 0.0, "crown_area_m2": 21.0, "review_status": "unreviewed" }, "recommended_task": "Field inspection: check irrigation, pruning, stress.", "confidence_score": 0.85, "status": "open", "alert_id": "ALERT-V1-00261" }, "geometry": { "type": "Point", "coordinates": [ 35.375693040344828, 32.929492638016619 ] } },
{ "type": "Feature", "properties": { "alert_type": "low_vigor_tree", "severity": "medium", "grove_code": "ALMAFAREQ", "tree_code_optional": "KOG-ALMAFAREQ-0114", "related_rule": "Ba'al rainfed discipline", "evidence": { "final_ndvi_mean": 0.2858896851539612, "health_index": 31.2, "confidence_score": 0.85, "shadow_fraction": 0.0, "crown_area_m2": 17.5, "review_status": "unreviewed" }, "recommended_task": "Field inspection: check irrigation, pruning, stress.", "confidence_score": 0.85, "status": "open", "alert_id": "ALERT-V1-00262" }, "geometry": { "type": "Point", "coordinates": [ 35.375859266628773, 32.929916541414563 ] } },
{ "type": "Feature", "properties": { "alert_type": "low_vigor_tree", "severity": "medium", "grove_code": "ALMAFAREQ", "tree_code_optional": "KOG-ALMAFAREQ-0115", "related_rule": "Ba'al rainfed discipline", "evidence": { "final_ndvi_mean": 0.2753794193267822, "health_index": 29.1, "confidence_score": 0.85, "shadow_fraction": 0.0, "crown_area_m2": 17.0, "review_status": "unreviewed" }, "recommended_task": "Field inspection: check irrigation, pruning, stress.", "confidence_score": 0.85, "status": "open", "alert_id": "ALERT-V1-00263" }, "geometry": { "type": "Point", "coordinates": [ 35.376641518313583, 32.929648755324017 ] } },
{ "type": "Feature", "properties": { "alert_type": "low_vigor_tree", "severity": "medium", "grove_code": "ALMAFAREQ", "tree_code_optional": "KOG-ALMAFAREQ-0116", "related_rule": "Ba'al rainfed discipline", "evidence": { "final_ndvi_mean": 0.28053054213523865, "health_index": 26.1, "confidence_score": 0.85, "shadow_fraction": 0.0, "crown_area_m2": 16.75, "review_status": "unreviewed" }, "recommended_task": "Field inspection: check irrigation, pruning, stress.", "confidence_score": 0.85, "status": "open", "alert_id": "ALERT-V1-00264" }, "geometry": { "type": "Point", "coordinates": [ 35.376346354427582, 32.929606978902939 ] } },
{ "type": "Feature", "properties": { "alert_type": "low_vigor_tree", "severity": "medium", "grove_code": "ALMAFAREQ", "tree_code_optional": "KOG-ALMAFAREQ-0117", "related_rule": "Ba'al rainfed discipline", "evidence": { "final_ndvi_mean": 0.28432899713516235, "health_index": 26.9, "confidence_score": 0.85, "shadow_fraction": 0.0, "crown_area_m2": 16.25, "review_status": "unreviewed" }, "recommended_task": "Field inspection: check irrigation, pruning, stress.", "confidence_score": 0.85, "status": "open", "alert_id": "ALERT-V1-00265" }, "geometry": { "type": "Point", "coordinates": [ 35.375624857388026, 32.930114673327829 ] } },
{ "type": "Feature", "properties": { "alert_type": "low_vigor_tree", "severity": "medium", "grove_code": "ALMAFAREQ", "tree_code_optional": "KOG-ALMAFAREQ-0118", "related_rule": "Ba'al rainfed discipline", "evidence": { "final_ndvi_mean": 0.28806746006011963, "health_index": 31.6, "confidence_score": 0.85, "shadow_fraction": 0.0, "crown_area_m2": 16.75, "review_status": "unreviewed" }, "recommended_task": "Field inspection: check irrigation, pruning, stress.", "confidence_score": 0.85, "status": "open", "alert_id": "ALERT-V1-00266" }, "geometry": { "type": "Point", "coordinates": [ 35.37581451028263, 32.930098915074836 ] } },
{ "type": "Feature", "properties": { "alert_type": "low_vigor_tree", "severity": "medium", "grove_code": "ALMAFAREQ", "tree_code_optional": "KOG-ALMAFAREQ-0119", "related_rule": "Ba'al rainfed discipline", "evidence": { "final_ndvi_mean": 0.27436020970344543, "health_index": 28.9, "confidence_score": 0.85, "shadow_fraction": 0.0, "crown_area_m2": 13.0, "review_status": "unreviewed" }, "recommended_task": "Field inspection: check irrigation, pruning, stress.", "confidence_score": 0.85, "status": "open", "alert_id": "ALERT-V1-00267" }, "geometry": { "type": "Point", "coordinates": [ 35.376278689415479, 32.929588095069313 ] } },
{ "type": "Feature", "properties": { "alert_type": "low_vigor_tree", "severity": "medium", "grove_code": "ALMAFAREQ", "tree_code_optional": "KOG-ALMAFAREQ-0120", "related_rule": "Ba'al rainfed discipline", "evidence": { "final_ndvi_mean": 0.27566951513290405, "health_index": 25.1, "confidence_score": 0.85, "shadow_fraction": 0.0, "crown_area_m2": 16.75, "review_status": "unreviewed" }, "recommended_task": "Field inspection: check irrigation, pruning, stress.", "confidence_score": 0.85, "status": "open", "alert_id": "ALERT-V1-00268" }, "geometry": { "type": "Point", "coordinates": [ 35.375848689801224, 32.929518130540572 ] } },
{ "type": "Feature", "properties": { "alert_type": "low_vigor_tree", "severity": "medium", "grove_code": "ALMAFAREQ", "tree_code_optional": "KOG-ALMAFAREQ-0121", "related_rule": "Ba'al rainfed discipline", "evidence": { "final_ndvi_mean": 0.3101354241371155, "health_index": 32.0, "confidence_score": 0.85, "shadow_fraction": 0.0, "crown_area_m2": 16.0, "review_status": "unreviewed" }, "recommended_task": "Field inspection: check irrigation, pruning, stress.", "confidence_score": 0.85, "status": "open", "alert_id": "ALERT-V1-00269" }, "geometry": { "type": "Point", "coordinates": [ 35.376809250861669, 32.929576873265496 ] } },
{ "type": "Feature", "properties": { "alert_type": "low_vigor_tree", "severity": "medium", "grove_code": "ALMAFAREQ", "tree_code_optional": "KOG-ALMAFAREQ-0122", "related_rule": "Ba'al rainfed discipline", "evidence": { "final_ndvi_mean": 0.27032366394996643, "health_index": 24.1, "confidence_score": 0.85, "shadow_fraction": 0.0, "crown_area_m2": 14.0, "review_status": "unreviewed" }, "recommended_task": "Field inspection: check irrigation, pruning, stress.", "confidence_score": 0.85, "status": "open", "alert_id": "ALERT-V1-00270" }, "geometry": { "type": "Point", "coordinates": [ 35.375652761003792, 32.929582208262673 ] } },
{ "type": "Feature", "properties": { "alert_type": "low_vigor_tree", "severity": "medium", "grove_code": "ALMAFAREQ", "tree_code_optional": "KOG-ALMAFAREQ-0123", "related_rule": "Ba'al rainfed discipline", "evidence": { "final_ndvi_mean": 0.2731923758983612, "health_index": 28.6, "confidence_score": 0.85, "shadow_fraction": 0.0, "crown_area_m2": 12.0, "review_status": "unreviewed" }, "recommended_task": "Field inspection: check irrigation, pruning, stress.", "confidence_score": 0.85, "status": "open", "alert_id": "ALERT-V1-00271" }, "geometry": { "type": "Point", "coordinates": [ 35.375848481857723, 32.929420723421686 ] } },
{ "type": "Feature", "properties": { "alert_type": "low_vigor_tree", "severity": "medium", "grove_code": "ALMAFAREQ", "tree_code_optional": "KOG-ALMAFAREQ-0124", "related_rule": "Ba'al rainfed discipline", "evidence": { "final_ndvi_mean": 0.31366264820098877, "health_index": 32.7, "confidence_score": 0.85, "shadow_fraction": 0.0, "crown_area_m2": 15.5, "review_status": "unreviewed" }, "recommended_task": "Field inspection: check irrigation, pruning, stress.", "confidence_score": 0.85, "status": "open", "alert_id": "ALERT-V1-00272" }, "geometry": { "type": "Point", "coordinates": [ 35.375585178839856, 32.930219079763781 ] } },
{ "type": "Feature", "properties": { "alert_type": "low_vigor_tree", "severity": "medium", "grove_code": "ALMAFAREQ", "tree_code_optional": "KOG-ALMAFAREQ-0125", "related_rule": "Ba'al rainfed discipline", "evidence": { "final_ndvi_mean": 0.30073294043540955, "health_index": 30.1, "confidence_score": 0.85, "shadow_fraction": 0.0, "crown_area_m2": 12.75, "review_status": "unreviewed" }, "recommended_task": "Field inspection: check irrigation, pruning, stress.", "confidence_score": 0.85, "status": "open", "alert_id": "ALERT-V1-00273" }, "geometry": { "type": "Point", "coordinates": [ 35.376739459719857, 32.929603882838592 ] } },
{ "type": "Feature", "properties": { "alert_type": "low_vigor_tree", "severity": "medium", "grove_code": "ALMAFAREQ", "tree_code_optional": "KOG-ALMAFAREQ-0126", "related_rule": "Ba'al rainfed discipline", "evidence": { "final_ndvi_mean": 0.27220970392227173, "health_index": 28.4, "confidence_score": 0.85, "shadow_fraction": 0.0, "crown_area_m2": 8.25, "review_status": "unreviewed" }, "recommended_task": "Field inspection: check irrigation, pruning, stress.", "confidence_score": 0.85, "status": "open", "alert_id": "ALERT-V1-00274" }, "geometry": { "type": "Point", "coordinates": [ 35.376019973125757, 32.9294974129661 ] } },
{ "type": "Feature", "properties": { "alert_type": "low_vigor_tree", "severity": "medium", "grove_code": "ALMAFAREQ", "tree_code_optional": "KOG-ALMAFAREQ-0127", "related_rule": "Ba'al rainfed discipline", "evidence": { "final_ndvi_mean": 0.2661858797073364, "health_index": 27.2, "confidence_score": 0.85, "shadow_fraction": 0.0, "crown_area_m2": 7.75, "review_status": "unreviewed" }, "recommended_task": "Field inspection: check irrigation, pruning, stress.", "confidence_score": 0.85, "status": "open", "alert_id": "ALERT-V1-00275" }, "geometry": { "type": "Point", "coordinates": [ 35.376531747179456, 32.930138970639938 ] } },
{ "type": "Feature", "properties": { "alert_type": "low_vigor_tree", "severity": "medium", "grove_code": "ALMAFAREQ", "tree_code_optional": "KOG-ALMAFAREQ-0129", "related_rule": "Ba'al rainfed discipline", "evidence": { "final_ndvi_mean": 0.26967716217041016, "health_index": 23.9, "confidence_score": 0.85, "shadow_fraction": 0.0, "crown_area_m2": 11.0, "review_status": "unreviewed" }, "recommended_task": "Field inspection: check irrigation, pruning, stress.", "confidence_score": 0.85, "status": "open", "alert_id": "ALERT-V1-00276" }, "geometry": { "type": "Point", "coordinates": [ 35.375965573828751, 32.929681969981338 ] } },
{ "type": "Feature", "properties": { "alert_type": "low_vigor_tree", "severity": "medium", "grove_code": "ALMAFAREQ", "tree_code_optional": "KOG-ALMAFAREQ-0130", "related_rule": "Ba'al rainfed discipline", "evidence": { "final_ndvi_mean": 0.26044943928718567, "health_index": 22.1, "confidence_score": 0.85, "shadow_fraction": 0.0, "crown_area_m2": 11.5, "review_status": "unreviewed" }, "recommended_task": "Field inspection: check irrigation, pruning, stress.", "confidence_score": 0.85, "status": "open", "alert_id": "ALERT-V1-00277" }, "geometry": { "type": "Point", "coordinates": [ 35.375928153291355, 32.929429070644588 ] } },
{ "type": "Feature", "properties": { "alert_type": "low_vigor_tree", "severity": "medium", "grove_code": "ALMAFAREQ", "tree_code_optional": "KOG-ALMAFAREQ-0131", "related_rule": "Ba'al rainfed discipline", "evidence": { "final_ndvi_mean": 0.2760041058063507, "health_index": 25.2, "confidence_score": 0.85, "shadow_fraction": 0.0, "crown_area_m2": 10.25, "review_status": "unreviewed" }, "recommended_task": "Field inspection: check irrigation, pruning, stress.", "confidence_score": 0.85, "status": "open", "alert_id": "ALERT-V1-00278" }, "geometry": { "type": "Point", "coordinates": [ 35.376041949048734, 32.929362905315074 ] } },
{ "type": "Feature", "properties": { "alert_type": "low_vigor_tree", "severity": "medium", "grove_code": "ALMAFAREQ", "tree_code_optional": "KOG-ALMAFAREQ-0132", "related_rule": "Ba'al rainfed discipline", "evidence": { "final_ndvi_mean": 0.26006895303726196, "health_index": 26.0, "confidence_score": 0.85, "shadow_fraction": 0.0, "crown_area_m2": 5.5, "review_status": "unreviewed" }, "recommended_task": "Field inspection: check irrigation, pruning, stress.", "confidence_score": 0.85, "status": "open", "alert_id": "ALERT-V1-00279" }, "geometry": { "type": "Point", "coordinates": [ 35.376758044368842, 32.930159052459736 ] } },
{ "type": "Feature", "properties": { "alert_type": "low_vigor_tree", "severity": "medium", "grove_code": "ALMAFAREQ", "tree_code_optional": "KOG-ALMAFAREQ-0134", "related_rule": "Ba'al rainfed discipline", "evidence": { "final_ndvi_mean": 0.2598704397678375, "health_index": 26.0, "confidence_score": 0.85, "shadow_fraction": 0.0, "crown_area_m2": 4.5, "review_status": "unreviewed" }, "recommended_task": "Field inspection: check irrigation, pruning, stress.", "confidence_score": 0.85, "status": "open", "alert_id": "ALERT-V1-00280" }, "geometry": { "type": "Point", "coordinates": [ 35.375951961757465, 32.929616728351533 ] } },
{ "type": "Feature", "properties": { "alert_type": "low_vigor_tree", "severity": "medium", "grove_code": "EIN_ATEYYE", "tree_code_optional": "KOG-EIN_ATEYYE-0001", "related_rule": "Ba'al rainfed discipline", "evidence": { "final_ndvi_mean": 0.3020663559436798, "health_index": 20.4, "confidence_score": 0.85, "shadow_fraction": 0.0, "crown_area_m2": 468.5, "review_status": "unreviewed" }, "recommended_task": "Field inspection: check irrigation, pruning, stress.", "confidence_score": 0.85, "status": "open", "alert_id": "ALERT-V1-00281" }, "geometry": { "type": "Point", "coordinates": [ 35.403058826923363, 32.912470623710391 ] } },
{ "type": "Feature", "properties": { "alert_type": "low_vigor_tree", "severity": "medium", "grove_code": "EIN_ATEYYE", "tree_code_optional": "KOG-EIN_ATEYYE-0002", "related_rule": "Ba'al rainfed discipline", "evidence": { "final_ndvi_mean": 0.3581130802631378, "health_index": 41.6, "confidence_score": 0.85, "shadow_fraction": 0.0, "crown_area_m2": 361.25, "review_status": "unreviewed" }, "recommended_task": "Field inspection: check irrigation, pruning, stress.", "confidence_score": 0.85, "status": "open", "alert_id": "ALERT-V1-00282" }, "geometry": { "type": "Point", "coordinates": [ 35.403140621114225, 32.912524900096393 ] } },
{ "type": "Feature", "properties": { "alert_type": "low_vigor_tree", "severity": "medium", "grove_code": "EIN_ATEYYE", "tree_code_optional": "KOG-EIN_ATEYYE-0003", "related_rule": "Ba'al rainfed discipline", "evidence": { "final_ndvi_mean": 0.32826048135757446, "health_index": 35.7, "confidence_score": 0.85, "shadow_fraction": 0.0, "crown_area_m2": 328.0, "review_status": "unreviewed" }, "recommended_task": "Field inspection: check irrigation, pruning, stress.", "confidence_score": 0.85, "status": "open", "alert_id": "ALERT-V1-00283" }, "geometry": { "type": "Point", "coordinates": [ 35.402295738458648, 32.912540426966167 ] } },
{ "type": "Feature", "properties": { "alert_type": "low_vigor_tree", "severity": "medium", "grove_code": "EIN_ATEYYE", "tree_code_optional": "KOG-EIN_ATEYYE-0004", "related_rule": "Ba'al rainfed discipline", "evidence": { "final_ndvi_mean": 0.3193879723548889, "health_index": 33.9, "confidence_score": 0.85, "shadow_fraction": 0.0, "crown_area_m2": 296.5, "review_status": "unreviewed" }, "recommended_task": "Field inspection: check irrigation, pruning, stress.", "confidence_score": 0.85, "status": "open", "alert_id": "ALERT-V1-00284" }, "geometry": { "type": "Point", "coordinates": [ 35.402620285749471, 32.912324261866374 ] } },
{ "type": "Feature", "properties": { "alert_type": "low_vigor_tree", "severity": "medium", "grove_code": "EIN_ATEYYE", "tree_code_optional": "KOG-EIN_ATEYYE-0005", "related_rule": "Ba'al rainfed discipline", "evidence": { "final_ndvi_mean": 0.3470803201198578, "health_index": 39.4, "confidence_score": 0.85, "shadow_fraction": 0.0, "crown_area_m2": 251.0, "review_status": "unreviewed" }, "recommended_task": "Field inspection: check irrigation, pruning, stress.", "confidence_score": 0.85, "status": "open", "alert_id": "ALERT-V1-00285" }, "geometry": { "type": "Point", "coordinates": [ 35.403081053647981, 32.912074101830079 ] } },
{ "type": "Feature", "properties": { "alert_type": "low_vigor_tree", "severity": "medium", "grove_code": "EIN_ATEYYE", "tree_code_optional": "KOG-EIN_ATEYYE-0007", "related_rule": "Ba'al rainfed discipline", "evidence": { "final_ndvi_mean": 0.3693512976169586, "health_index": 43.9, "confidence_score": 0.85, "shadow_fraction": 0.0, "crown_area_m2": 85.25, "review_status": "unreviewed" }, "recommended_task": "Field inspection: check irrigation, pruning, stress.", "confidence_score": 0.85, "status": "open", "alert_id": "ALERT-V1-00286" }, "geometry": { "type": "Point", "coordinates": [ 35.402349320889719, 32.91264977454933 ] } },
{ "type": "Feature", "properties": { "alert_type": "low_vigor_tree", "severity": "medium", "grove_code": "EIN_ATEYYE", "tree_code_optional": "KOG-EIN_ATEYYE-0008", "related_rule": "Ba'al rainfed discipline", "evidence": { "final_ndvi_mean": 0.3212459981441498, "health_index": 34.2, "confidence_score": 0.85, "shadow_fraction": 0.0, "crown_area_m2": 161.5, "review_status": "unreviewed" }, "recommended_task": "Field inspection: check irrigation, pruning, stress.", "confidence_score": 0.85, "status": "open", "alert_id": "ALERT-V1-00287" }, "geometry": { "type": "Point", "coordinates": [ 35.402849614620216, 32.911938090608743 ] } },
{ "type": "Feature", "properties": { "alert_type": "low_vigor_tree", "severity": "medium", "grove_code": "EIN_ATEYYE", "tree_code_optional": "KOG-EIN_ATEYYE-0009", "related_rule": "Ba'al rainfed discipline", "evidence": { "final_ndvi_mean": 0.3235299289226532, "health_index": 34.7, "confidence_score": 0.85, "shadow_fraction": 0.0, "crown_area_m2": 175.75, "review_status": "unreviewed" }, "recommended_task": "Field inspection: check irrigation, pruning, stress.", "confidence_score": 0.85, "status": "open", "alert_id": "ALERT-V1-00288" }, "geometry": { "type": "Point", "coordinates": [ 35.402747270742466, 32.912006188878685 ] } },
{ "type": "Feature", "properties": { "alert_type": "low_vigor_tree", "severity": "medium", "grove_code": "EIN_ATEYYE", "tree_code_optional": "KOG-EIN_ATEYYE-0012", "related_rule": "Ba'al rainfed discipline", "evidence": { "final_ndvi_mean": 0.35320529341697693, "health_index": 40.6, "confidence_score": 0.85, "shadow_fraction": 0.0, "crown_area_m2": 79.25, "review_status": "unreviewed" }, "recommended_task": "Field inspection: check irrigation, pruning, stress.", "confidence_score": 0.85, "status": "open", "alert_id": "ALERT-V1-00289" }, "geometry": { "type": "Point", "coordinates": [ 35.402398458056496, 32.912698260552197 ] } },
{ "type": "Feature", "properties": { "alert_type": "low_vigor_tree", "severity": "medium", "grove_code": "EIN_ATEYYE", "tree_code_optional": "KOG-EIN_ATEYYE-0013", "related_rule": "Ba'al rainfed discipline", "evidence": { "final_ndvi_mean": 0.31490612030029297, "health_index": 23.0, "confidence_score": 0.85, "shadow_fraction": 0.0, "crown_area_m2": 200.5, "review_status": "unreviewed" }, "recommended_task": "Field inspection: check irrigation, pruning, stress.", "confidence_score": 0.85, "status": "open", "alert_id": "ALERT-V1-00290" }, "geometry": { "type": "Point", "coordinates": [ 35.401766002178199, 32.912274723956692 ] } },
{ "type": "Feature", "properties": { "alert_type": "low_vigor_tree", "severity": "medium", "grove_code": "EIN_ATEYYE", "tree_code_optional": "KOG-EIN_ATEYYE-0015", "related_rule": "Ba'al rainfed discipline", "evidence": { "final_ndvi_mean": 0.2954496741294861, "health_index": 29.1, "confidence_score": 0.85, "shadow_fraction": 0.0, "crown_area_m2": 89.75, "review_status": "unreviewed" }, "recommended_task": "Field inspection: check irrigation, pruning, stress.", "confidence_score": 0.85, "status": "open", "alert_id": "ALERT-V1-00291" }, "geometry": { "type": "Point", "coordinates": [ 35.403108495784274, 32.91265897867418 ] } },
{ "type": "Feature", "properties": { "alert_type": "low_vigor_tree", "severity": "medium", "grove_code": "EIN_ATEYYE", "tree_code_optional": "KOG-EIN_ATEYYE-0016", "related_rule": "Ba'al rainfed discipline", "evidence": { "final_ndvi_mean": 0.3719351887702942, "health_index": 44.4, "confidence_score": 0.85, "shadow_fraction": 0.0, "crown_area_m2": 126.0, "review_status": "unreviewed" }, "recommended_task": "Field inspection: check irrigation, pruning, stress.", "confidence_score": 0.85, "status": "open", "alert_id": "ALERT-V1-00292" }, "geometry": { "type": "Point", "coordinates": [ 35.401835058259344, 32.9121470846192 ] } },
{ "type": "Feature", "properties": { "alert_type": "low_vigor_tree", "severity": "medium", "grove_code": "EIN_ATEYYE", "tree_code_optional": "KOG-EIN_ATEYYE-0017", "related_rule": "Ba'al rainfed discipline", "evidence": { "final_ndvi_mean": 0.34646522998809814, "health_index": 43.3, "confidence_score": 0.85, "shadow_fraction": 0.0, "crown_area_m2": 88.25, "review_status": "unreviewed" }, "recommended_task": "Field inspection: check irrigation, pruning, stress.", "confidence_score": 0.85, "status": "open", "alert_id": "ALERT-V1-00293" }, "geometry": { "type": "Point", "coordinates": [ 35.402258010449067, 32.91266603016323 ] } },
{ "type": "Feature", "properties": { "alert_type": "low_vigor_tree", "severity": "medium", "grove_code": "EIN_ATEYYE", "tree_code_optional": "KOG-EIN_ATEYYE-0018", "related_rule": "Ba'al rainfed discipline", "evidence": { "final_ndvi_mean": 0.341699481010437, "health_index": 38.3, "confidence_score": 0.85, "shadow_fraction": 0.0, "crown_area_m2": 99.5, "review_status": "unreviewed" }, "recommended_task": "Field inspection: check irrigation, pruning, stress.", "confidence_score": 0.85, "status": "open", "alert_id": "ALERT-V1-00294" }, "geometry": { "type": "Point", "coordinates": [ 35.403016919261013, 32.912728397050138 ] } },
{ "type": "Feature", "properties": { "alert_type": "low_vigor_tree", "severity": "medium", "grove_code": "EIN_ATEYYE", "tree_code_optional": "KOG-EIN_ATEYYE-0019", "related_rule": "Ba'al rainfed discipline", "evidence": { "final_ndvi_mean": 0.35281065106391907, "health_index": 44.6, "confidence_score": 0.85, "shadow_fraction": 0.0, "crown_area_m2": 94.0, "review_status": "unreviewed" }, "recommended_task": "Field inspection: check irrigation, pruning, stress.", "confidence_score": 0.85, "status": "open", "alert_id": "ALERT-V1-00295" }, "geometry": { "type": "Point", "coordinates": [ 35.402820667926036, 32.912628842688257 ] } },
{ "type": "Feature", "properties": { "alert_type": "low_vigor_tree", "severity": "medium", "grove_code": "EIN_ATEYYE", "tree_code_optional": "KOG-EIN_ATEYYE-0021", "related_rule": "Ba'al rainfed discipline", "evidence": { "final_ndvi_mean": 0.34550008177757263, "health_index": 43.1, "confidence_score": 0.85, "shadow_fraction": 0.0, "crown_area_m2": 116.25, "review_status": "unreviewed" }, "recommended_task": "Field inspection: check irrigation, pruning, stress.", "confidence_score": 0.85, "status": "open", "alert_id": "ALERT-V1-00296" }, "geometry": { "type": "Point", "coordinates": [ 35.402612430385886, 32.912665888485385 ] } },
{ "type": "Feature", "properties": { "alert_type": "low_vigor_tree", "severity": "medium", "grove_code": "EIN_ATEYYE", "tree_code_optional": "KOG-EIN_ATEYYE-0022", "related_rule": "Ba'al rainfed discipline", "evidence": { "final_ndvi_mean": 0.33345359563827515, "health_index": 40.7, "confidence_score": 0.85, "shadow_fraction": 0.0, "crown_area_m2": 98.0, "review_status": "unreviewed" }, "recommended_task": "Field inspection: check irrigation, pruning, stress.", "confidence_score": 0.85, "status": "open", "alert_id": "ALERT-V1-00297" }, "geometry": { "type": "Point", "coordinates": [ 35.402497568657843, 32.912270542106548 ] } },
{ "type": "Feature", "properties": { "alert_type": "low_vigor_tree", "severity": "medium", "grove_code": "EIN_ATEYYE", "tree_code_optional": "KOG-EIN_ATEYYE-0024", "related_rule": "Ba'al rainfed discipline", "evidence": { "final_ndvi_mean": 0.32003527879714966, "health_index": 34.0, "confidence_score": 0.85, "shadow_fraction": 0.0, "crown_area_m2": 118.75, "review_status": "unreviewed" }, "recommended_task": "Field inspection: check irrigation, pruning, stress.", "confidence_score": 0.85, "status": "open", "alert_id": "ALERT-V1-00298" }, "geometry": { "type": "Point", "coordinates": [ 35.402773403967721, 32.912101135572129 ] } },
{ "type": "Feature", "properties": { "alert_type": "low_vigor_tree", "severity": "medium", "grove_code": "EIN_ATEYYE", "tree_code_optional": "KOG-EIN_ATEYYE-0025", "related_rule": "Ba'al rainfed discipline", "evidence": { "final_ndvi_mean": 0.361201673746109, "health_index": 42.2, "confidence_score": 0.85, "shadow_fraction": 0.0, "crown_area_m2": 78.5, "review_status": "unreviewed" }, "recommended_task": "Field inspection: check irrigation, pruning, stress.", "confidence_score": 0.85, "status": "open", "alert_id": "ALERT-V1-00299" }, "geometry": { "type": "Point", "coordinates": [ 35.402594479707858, 32.911884998149915 ] } },
{ "type": "Feature", "properties": { "alert_type": "low_vigor_tree", "severity": "medium", "grove_code": "EIN_ATEYYE", "tree_code_optional": "KOG-EIN_ATEYYE-0026", "related_rule": "Ba'al rainfed discipline", "evidence": { "final_ndvi_mean": 0.3357583284378052, "health_index": 37.2, "confidence_score": 0.85, "shadow_fraction": 0.0, "crown_area_m2": 94.0, "review_status": "unreviewed" }, "recommended_task": "Field inspection: check irrigation, pruning, stress.", "confidence_score": 0.85, "status": "open", "alert_id": "ALERT-V1-00300" }, "geometry": { "type": "Point", "coordinates": [ 35.40251643643392, 32.912727899319343 ] } },
{ "type": "Feature", "properties": { "alert_type": "low_vigor_tree", "severity": "medium", "grove_code": "EIN_ATEYYE", "tree_code_optional": "KOG-EIN_ATEYYE-0028", "related_rule": "Ba'al rainfed discipline", "evidence": { "final_ndvi_mean": 0.3503463864326477, "health_index": 44.1, "confidence_score": 0.85, "shadow_fraction": 0.0, "crown_area_m2": 86.5, "review_status": "unreviewed" }, "recommended_task": "Field inspection: check irrigation, pruning, stress.", "confidence_score": 0.85, "status": "open", "alert_id": "ALERT-V1-00301" }, "geometry": { "type": "Point", "coordinates": [ 35.402534677834211, 32.912944647006306 ] } },
{ "type": "Feature", "properties": { "alert_type": "low_vigor_tree", "severity": "medium", "grove_code": "EIN_ATEYYE", "tree_code_optional": "KOG-EIN_ATEYYE-0029", "related_rule": "Ba'al rainfed discipline", "evidence": { "final_ndvi_mean": 0.3473891019821167, "health_index": 39.5, "confidence_score": 0.85, "shadow_fraction": 0.0, "crown_area_m2": 92.5, "review_status": "unreviewed" }, "recommended_task": "Field inspection: check irrigation, pruning, stress.", "confidence_score": 0.85, "status": "open", "alert_id": "ALERT-V1-00302" }, "geometry": { "type": "Point", "coordinates": [ 35.402484051672765, 32.912863123899527 ] } },
{ "type": "Feature", "properties": { "alert_type": "low_vigor_tree", "severity": "medium", "grove_code": "EIN_ATEYYE", "tree_code_optional": "KOG-EIN_ATEYYE-0030", "related_rule": "Ba'al rainfed discipline", "evidence": { "final_ndvi_mean": 0.3391515612602234, "health_index": 37.8, "confidence_score": 0.85, "shadow_fraction": 0.0, "crown_area_m2": 103.75, "review_status": "unreviewed" }, "recommended_task": "Field inspection: check irrigation, pruning, stress.", "confidence_score": 0.85, "status": "open", "alert_id": "ALERT-V1-00303" }, "geometry": { "type": "Point", "coordinates": [ 35.402257149107967, 32.912437693086829 ] } },
{ "type": "Feature", "properties": { "alert_type": "low_vigor_tree", "severity": "medium", "grove_code": "EIN_ATEYYE", "tree_code_optional": "KOG-EIN_ATEYYE-0031", "related_rule": "Ba'al rainfed discipline", "evidence": { "final_ndvi_mean": 0.3545103967189789, "health_index": 44.9, "confidence_score": 0.85, "shadow_fraction": 0.0, "crown_area_m2": 91.75, "review_status": "unreviewed" }, "recommended_task": "Field inspection: check irrigation, pruning, stress.", "confidence_score": 0.85, "status": "open", "alert_id": "ALERT-V1-00304" }, "geometry": { "type": "Point", "coordinates": [ 35.402450471582625, 32.912190844678072 ] } },
{ "type": "Feature", "properties": { "alert_type": "low_vigor_tree", "severity": "medium", "grove_code": "EIN_ATEYYE", "tree_code_optional": "KOG-EIN_ATEYYE-0032", "related_rule": "Ba'al rainfed discipline", "evidence": { "final_ndvi_mean": 0.3602566123008728, "health_index": 42.1, "confidence_score": 0.85, "shadow_fraction": 0.0, "crown_area_m2": 92.0, "review_status": "unreviewed" }, "recommended_task": "Field inspection: check irrigation, pruning, stress.", "confidence_score": 0.85, "status": "open", "alert_id": "ALERT-V1-00305" }, "geometry": { "type": "Point", "coordinates": [ 35.402400351665527, 32.912106547526122 ] } },
{ "type": "Feature", "properties": { "alert_type": "low_vigor_tree", "severity": "medium", "grove_code": "EIN_ATEYYE", "tree_code_optional": "KOG-EIN_ATEYYE-0033", "related_rule": "Ba'al rainfed discipline", "evidence": { "final_ndvi_mean": 0.36104997992515564, "health_index": 42.2, "confidence_score": 0.85, "shadow_fraction": 0.0, "crown_area_m2": 94.25, "review_status": "unreviewed" }, "recommended_task": "Field inspection: check irrigation, pruning, stress.", "confidence_score": 0.85, "status": "open", "alert_id": "ALERT-V1-00306" }, "geometry": { "type": "Point", "coordinates": [ 35.402233503713639, 32.913249408612081 ] } },
{ "type": "Feature", "properties": { "alert_type": "low_vigor_tree", "severity": "medium", "grove_code": "EIN_ATEYYE", "tree_code_optional": "KOG-EIN_ATEYYE-0034", "related_rule": "Ba'al rainfed discipline", "evidence": { "final_ndvi_mean": 0.37091952562332153, "health_index": 44.2, "confidence_score": 0.85, "shadow_fraction": 0.0, "crown_area_m2": 87.25, "review_status": "unreviewed" }, "recommended_task": "Field inspection: check irrigation, pruning, stress.", "confidence_score": 0.85, "status": "open", "alert_id": "ALERT-V1-00307" }, "geometry": { "type": "Point", "coordinates": [ 35.402787826544831, 32.912772210554088 ] } },
{ "type": "Feature", "properties": { "alert_type": "low_vigor_tree", "severity": "medium", "grove_code": "EIN_ATEYYE", "tree_code_optional": "KOG-EIN_ATEYYE-0035", "related_rule": "Ba'al rainfed discipline", "evidence": { "final_ndvi_mean": 0.3548429310321808, "health_index": 45.0, "confidence_score": 0.85, "shadow_fraction": 0.0, "crown_area_m2": 83.75, "review_status": "unreviewed" }, "recommended_task": "Field inspection: check irrigation, pruning, stress.", "confidence_score": 0.85, "status": "open", "alert_id": "ALERT-V1-00308" }, "geometry": { "type": "Point", "coordinates": [ 35.402965407173447, 32.912643779549207 ] } },
{ "type": "Feature", "properties": { "alert_type": "low_vigor_tree", "severity": "medium", "grove_code": "EIN_ATEYYE", "tree_code_optional": "KOG-EIN_ATEYYE-0036", "related_rule": "Ba'al rainfed discipline", "evidence": { "final_ndvi_mean": 0.3214338719844818, "health_index": 34.3, "confidence_score": 0.85, "shadow_fraction": 0.0, "crown_area_m2": 77.25, "review_status": "unreviewed" }, "recommended_task": "Field inspection: check irrigation, pruning, stress.", "confidence_score": 0.85, "status": "open", "alert_id": "ALERT-V1-00309" }, "geometry": { "type": "Point", "coordinates": [ 35.402333758056713, 32.912378904511662 ] } },
{ "type": "Feature", "properties": { "alert_type": "low_vigor_tree", "severity": "medium", "grove_code": "EIN_ATEYYE", "tree_code_optional": "KOG-EIN_ATEYYE-0040", "related_rule": "Ba'al rainfed discipline", "evidence": { "final_ndvi_mean": 0.35207444429397583, "health_index": 40.4, "confidence_score": 0.85, "shadow_fraction": 0.0, "crown_area_m2": 73.25, "review_status": "unreviewed" }, "recommended_task": "Field inspection: check irrigation, pruning, stress.", "confidence_score": 0.85, "status": "open", "alert_id": "ALERT-V1-00310" }, "geometry": { "type": "Point", "coordinates": [ 35.402518209592408, 32.911922100711394 ] } },
{ "type": "Feature", "properties": { "alert_type": "low_vigor_tree", "severity": "medium", "grove_code": "EIN_ATEYYE", "tree_code_optional": "KOG-EIN_ATEYYE-0041", "related_rule": "Ba'al rainfed discipline", "evidence": { "final_ndvi_mean": 0.31224584579467773, "health_index": 36.4, "confidence_score": 0.85, "shadow_fraction": 0.0, "crown_area_m2": 64.75, "review_status": "unreviewed" }, "recommended_task": "Field inspection: check irrigation, pruning, stress.", "confidence_score": 0.85, "status": "open", "alert_id": "ALERT-V1-00311" }, "geometry": { "type": "Point", "coordinates": [ 35.402273943262074, 32.911803085066964 ] } },
{ "type": "Feature", "properties": { "alert_type": "low_vigor_tree", "severity": "medium", "grove_code": "EIN_ATEYYE", "tree_code_optional": "KOG-EIN_ATEYYE-0042", "related_rule": "Ba'al rainfed discipline", "evidence": { "final_ndvi_mean": 0.315209299325943, "health_index": 37.0, "confidence_score": 0.85, "shadow_fraction": 0.0, "crown_area_m2": 80.5, "review_status": "unreviewed" }, "recommended_task": "Field inspection: check irrigation, pruning, stress.", "confidence_score": 0.85, "status": "open", "alert_id": "ALERT-V1-00312" }, "geometry": { "type": "Point", "coordinates": [ 35.402461650352791, 32.912416388139491 ] } },
{ "type": "Feature", "properties": { "alert_type": "low_vigor_tree", "severity": "medium", "grove_code": "EIN_ATEYYE", "tree_code_optional": "KOG-EIN_ATEYYE-0043", "related_rule": "Ba'al rainfed discipline", "evidence": { "final_ndvi_mean": 0.342571884393692, "health_index": 42.5, "confidence_score": 0.85, "shadow_fraction": 0.0, "crown_area_m2": 73.25, "review_status": "unreviewed" }, "recommended_task": "Field inspection: check irrigation, pruning, stress.", "confidence_score": 0.85, "status": "open", "alert_id": "ALERT-V1-00313" }, "geometry": { "type": "Point", "coordinates": [ 35.402264557392854, 32.913106019796928 ] } },
{ "type": "Feature", "properties": { "alert_type": "low_vigor_tree", "severity": "medium", "grove_code": "EIN_ATEYYE", "tree_code_optional": "KOG-EIN_ATEYYE-0044", "related_rule": "Ba'al rainfed discipline", "evidence": { "final_ndvi_mean": 0.3547082841396332, "health_index": 44.9, "confidence_score": 0.85, "shadow_fraction": 0.0, "crown_area_m2": 81.75, "review_status": "unreviewed" }, "recommended_task": "Field inspection: check irrigation, pruning, stress.", "confidence_score": 0.85, "status": "open", "alert_id": "ALERT-V1-00314" }, "geometry": { "type": "Point", "coordinates": [ 35.402590424849549, 32.9124493608713 ] } },
{ "type": "Feature", "properties": { "alert_type": "low_vigor_tree", "severity": "medium", "grove_code": "EIN_ATEYYE", "tree_code_optional": "KOG-EIN_ATEYYE-0045", "related_rule": "Ba'al rainfed discipline", "evidence": { "final_ndvi_mean": 0.32797643542289734, "health_index": 39.6, "confidence_score": 0.85, "shadow_fraction": 0.0, "crown_area_m2": 77.0, "review_status": "unreviewed" }, "recommended_task": "Field inspection: check irrigation, pruning, stress.", "confidence_score": 0.85, "status": "open", "alert_id": "ALERT-V1-00315" }, "geometry": { "type": "Point", "coordinates": [ 35.401870369008712, 32.912427517788245 ] } },
{ "type": "Feature", "properties": { "alert_type": "low_vigor_tree", "severity": "medium", "grove_code": "EIN_ATEYYE", "tree_code_optional": "KOG-EIN_ATEYYE-0046", "related_rule": "Ba'al rainfed discipline", "evidence": { "final_ndvi_mean": 0.3328351080417633, "health_index": 36.6, "confidence_score": 0.85, "shadow_fraction": 0.0, "crown_area_m2": 76.0, "review_status": "unreviewed" }, "recommended_task": "Field inspection: check irrigation, pruning, stress.", "confidence_score": 0.85, "status": "open", "alert_id": "ALERT-V1-00316" }, "geometry": { "type": "Point", "coordinates": [ 35.402900332008784, 32.912211211185799 ] } },
{ "type": "Feature", "properties": { "alert_type": "low_vigor_tree", "severity": "medium", "grove_code": "EIN_ATEYYE", "tree_code_optional": "KOG-EIN_ATEYYE-0047", "related_rule": "Ba'al rainfed discipline", "evidence": { "final_ndvi_mean": 0.3269602954387665, "health_index": 39.4, "confidence_score": 0.85, "shadow_fraction": 0.0, "crown_area_m2": 64.25, "review_status": "unreviewed" }, "recommended_task": "Field inspection: check irrigation, pruning, stress.", "confidence_score": 0.85, "status": "open", "alert_id": "ALERT-V1-00317" }, "geometry": { "type": "Point", "coordinates": [ 35.402610877509964, 32.912902475659394 ] } },
{ "type": "Feature", "properties": { "alert_type": "low_vigor_tree", "severity": "medium", "grove_code": "EIN_ATEYYE", "tree_code_optional": "KOG-EIN_ATEYYE-0048", "related_rule": "Ba'al rainfed discipline", "evidence": { "final_ndvi_mean": 0.34779882431030273, "health_index": 39.6, "confidence_score": 0.85, "shadow_fraction": 0.0, "crown_area_m2": 71.25, "review_status": "unreviewed" }, "recommended_task": "Field inspection: check irrigation, pruning, stress.", "confidence_score": 0.85, "status": "open", "alert_id": "ALERT-V1-00318" }, "geometry": { "type": "Point", "coordinates": [ 35.403045680594978, 32.912592289740736 ] } },
{ "type": "Feature", "properties": { "alert_type": "low_vigor_tree", "severity": "medium", "grove_code": "EIN_ATEYYE", "tree_code_optional": "KOG-EIN_ATEYYE-0049", "related_rule": "Ba'al rainfed discipline", "evidence": { "final_ndvi_mean": 0.34415891766548157, "health_index": 42.8, "confidence_score": 0.85, "shadow_fraction": 0.0, "crown_area_m2": 73.5, "review_status": "unreviewed" }, "recommended_task": "Field inspection: check irrigation, pruning, stress.", "confidence_score": 0.85, "status": "open", "alert_id": "ALERT-V1-00319" }, "geometry": { "type": "Point", "coordinates": [ 35.40240614231061, 32.912334987541286 ] } },
{ "type": "Feature", "properties": { "alert_type": "low_vigor_tree", "severity": "medium", "grove_code": "EIN_ATEYYE", "tree_code_optional": "KOG-EIN_ATEYYE-0050", "related_rule": "Ba'al rainfed discipline", "evidence": { "final_ndvi_mean": 0.33200591802597046, "health_index": 40.4, "confidence_score": 0.85, "shadow_fraction": 0.0, "crown_area_m2": 70.75, "review_status": "unreviewed" }, "recommended_task": "Field inspection: check irrigation, pruning, stress.", "confidence_score": 0.85, "status": "open", "alert_id": "ALERT-V1-00320" }, "geometry": { "type": "Point", "coordinates": [ 35.402404686937928, 32.913143442585593 ] } },
{ "type": "Feature", "properties": { "alert_type": "low_vigor_tree", "severity": "medium", "grove_code": "EIN_ATEYYE", "tree_code_optional": "KOG-EIN_ATEYYE-0051", "related_rule": "Ba'al rainfed discipline", "evidence": { "final_ndvi_mean": 0.330919086933136, "health_index": 36.2, "confidence_score": 0.85, "shadow_fraction": 0.0, "crown_area_m2": 81.0, "review_status": "unreviewed" }, "recommended_task": "Field inspection: check irrigation, pruning, stress.", "confidence_score": 0.85, "status": "open", "alert_id": "ALERT-V1-00321" }, "geometry": { "type": "Point", "coordinates": [ 35.40204097987057, 32.912695642186499 ] } },
{ "type": "Feature", "properties": { "alert_type": "low_vigor_tree", "severity": "medium", "grove_code": "EIN_ATEYYE", "tree_code_optional": "KOG-EIN_ATEYYE-0052", "related_rule": "Ba'al rainfed discipline", "evidence": { "final_ndvi_mean": 0.3358137011528015, "health_index": 41.2, "confidence_score": 0.85, "shadow_fraction": 0.0, "crown_area_m2": 65.75, "review_status": "unreviewed" }, "recommended_task": "Field inspection: check irrigation, pruning, stress.", "confidence_score": 0.85, "status": "open", "alert_id": "ALERT-V1-00322" }, "geometry": { "type": "Point", "coordinates": [ 35.401935569741738, 32.912508350018022 ] } },
{ "type": "Feature", "properties": { "alert_type": "low_vigor_tree", "severity": "medium", "grove_code": "EIN_ATEYYE", "tree_code_optional": "KOG-EIN_ATEYYE-0053", "related_rule": "Ba'al rainfed discipline", "evidence": { "final_ndvi_mean": 0.34712672233581543, "health_index": 43.4, "confidence_score": 0.85, "shadow_fraction": 0.0, "crown_area_m2": 74.75, "review_status": "unreviewed" }, "recommended_task": "Field inspection: check irrigation, pruning, stress.", "confidence_score": 0.85, "status": "open", "alert_id": "ALERT-V1-00323" }, "geometry": { "type": "Point", "coordinates": [ 35.402813109641123, 32.911838760629976 ] } },
{ "type": "Feature", "properties": { "alert_type": "low_vigor_tree", "severity": "medium", "grove_code": "EIN_ATEYYE", "tree_code_optional": "KOG-EIN_ATEYYE-0054", "related_rule": "Ba'al rainfed discipline", "evidence": { "final_ndvi_mean": 0.30776694416999817, "health_index": 31.6, "confidence_score": 0.85, "shadow_fraction": 0.0, "crown_area_m2": 74.5, "review_status": "unreviewed" }, "recommended_task": "Field inspection: check irrigation, pruning, stress.", "confidence_score": 0.85, "status": "open", "alert_id": "ALERT-V1-00324" }, "geometry": { "type": "Point", "coordinates": [ 35.402233738979078, 32.911859941124405 ] } },
{ "type": "Feature", "properties": { "alert_type": "low_vigor_tree", "severity": "medium", "grove_code": "EIN_ATEYYE", "tree_code_optional": "KOG-EIN_ATEYYE-0055", "related_rule": "Ba'al rainfed discipline", "evidence": { "final_ndvi_mean": 0.34679335355758667, "health_index": 43.4, "confidence_score": 0.85, "shadow_fraction": 0.0, "crown_area_m2": 65.25, "review_status": "unreviewed" }, "recommended_task": "Field inspection: check irrigation, pruning, stress.", "confidence_score": 0.85, "status": "open", "alert_id": "ALERT-V1-00325" }, "geometry": { "type": "Point", "coordinates": [ 35.402322335629705, 32.913187842146137 ] } },
{ "type": "Feature", "properties": { "alert_type": "low_vigor_tree", "severity": "medium", "grove_code": "EIN_ATEYYE", "tree_code_optional": "KOG-EIN_ATEYYE-0056", "related_rule": "Ba'al rainfed discipline", "evidence": { "final_ndvi_mean": 0.32494649291038513, "health_index": 35.0, "confidence_score": 0.85, "shadow_fraction": 0.0, "crown_area_m2": 64.75, "review_status": "unreviewed" }, "recommended_task": "Field inspection: check irrigation, pruning, stress.", "confidence_score": 0.85, "status": "open", "alert_id": "ALERT-V1-00326" }, "geometry": { "type": "Point", "coordinates": [ 35.402216163666886, 32.912585318280563 ] } },
{ "type": "Feature", "properties": { "alert_type": "low_vigor_tree", "severity": "medium", "grove_code": "EIN_ATEYYE", "tree_code_optional": "KOG-EIN_ATEYYE-0057", "related_rule": "Ba'al rainfed discipline", "evidence": { "final_ndvi_mean": 0.3285389542579651, "health_index": 35.7, "confidence_score": 0.85, "shadow_fraction": 0.0, "crown_area_m2": 61.75, "review_status": "unreviewed" }, "recommended_task": "Field inspection: check irrigation, pruning, stress.", "confidence_score": 0.85, "status": "open", "alert_id": "ALERT-V1-00327" }, "geometry": { "type": "Point", "coordinates": [ 35.402501616072996, 32.912494428079562 ] } },
{ "type": "Feature", "properties": { "alert_type": "low_vigor_tree", "severity": "medium", "grove_code": "EIN_ATEYYE", "tree_code_optional": "KOG-EIN_ATEYYE-0058", "related_rule": "Ba'al rainfed discipline", "evidence": { "final_ndvi_mean": 0.33837467432022095, "health_index": 37.7, "confidence_score": 0.85, "shadow_fraction": 0.0, "crown_area_m2": 75.75, "review_status": "unreviewed" }, "recommended_task": "Field inspection: check irrigation, pruning, stress.", "confidence_score": 0.85, "status": "open", "alert_id": "ALERT-V1-00328" }, "geometry": { "type": "Point", "coordinates": [ 35.402231941183508, 32.91221474271768 ] } },
{ "type": "Feature", "properties": { "alert_type": "low_vigor_tree", "severity": "medium", "grove_code": "EIN_ATEYYE", "tree_code_optional": "KOG-EIN_ATEYYE-0059", "related_rule": "Ba'al rainfed discipline", "evidence": { "final_ndvi_mean": 0.32747238874435425, "health_index": 39.5, "confidence_score": 0.85, "shadow_fraction": 0.0, "crown_area_m2": 65.25, "review_status": "unreviewed" }, "recommended_task": "Field inspection: check irrigation, pruning, stress.", "confidence_score": 0.85, "status": "open", "alert_id": "ALERT-V1-00329" }, "geometry": { "type": "Point", "coordinates": [ 35.401905301980776, 32.91267085677368 ] } },
{ "type": "Feature", "properties": { "alert_type": "low_vigor_tree", "severity": "medium", "grove_code": "EIN_ATEYYE", "tree_code_optional": "KOG-EIN_ATEYYE-0060", "related_rule": "Ba'al rainfed discipline", "evidence": { "final_ndvi_mean": 0.3293675482273102, "health_index": 35.9, "confidence_score": 0.85, "shadow_fraction": 0.0, "crown_area_m2": 55.0, "review_status": "unreviewed" }, "recommended_task": "Field inspection: check irrigation, pruning, stress.", "confidence_score": 0.85, "status": "open", "alert_id": "ALERT-V1-00330" }, "geometry": { "type": "Point", "coordinates": [ 35.401892342160941, 32.91221552409651 ] } },
{ "type": "Feature", "properties": { "alert_type": "low_vigor_tree", "severity": "medium", "grove_code": "EIN_ATEYYE", "tree_code_optional": "KOG-EIN_ATEYYE-0061", "related_rule": "Ba'al rainfed discipline", "evidence": { "final_ndvi_mean": 0.3462100625038147, "health_index": 39.2, "confidence_score": 0.85, "shadow_fraction": 0.0, "crown_area_m2": 75.0, "review_status": "unreviewed" }, "recommended_task": "Field inspection: check irrigation, pruning, stress.", "confidence_score": 0.85, "status": "open", "alert_id": "ALERT-V1-00331" }, "geometry": { "type": "Point", "coordinates": [ 35.402314752895535, 32.912161052872044 ] } },
{ "type": "Feature", "properties": { "alert_type": "low_vigor_tree", "severity": "medium", "grove_code": "EIN_ATEYYE", "tree_code_optional": "KOG-EIN_ATEYYE-0062", "related_rule": "Ba'al rainfed discipline", "evidence": { "final_ndvi_mean": 0.3511888384819031, "health_index": 44.2, "confidence_score": 0.85, "shadow_fraction": 0.0, "crown_area_m2": 65.5, "review_status": "unreviewed" }, "recommended_task": "Field inspection: check irrigation, pruning, stress.", "confidence_score": 0.85, "status": "open", "alert_id": "ALERT-V1-00332" }, "geometry": { "type": "Point", "coordinates": [ 35.402572276581367, 32.913026117156996 ] } },
{ "type": "Feature", "properties": { "alert_type": "low_vigor_tree", "severity": "medium", "grove_code": "EIN_ATEYYE", "tree_code_optional": "KOG-EIN_ATEYYE-0063", "related_rule": "Ba'al rainfed discipline", "evidence": { "final_ndvi_mean": 0.3264714181423187, "health_index": 35.3, "confidence_score": 0.85, "shadow_fraction": 0.0, "crown_area_m2": 63.5, "review_status": "unreviewed" }, "recommended_task": "Field inspection: check irrigation, pruning, stress.", "confidence_score": 0.85, "status": "open", "alert_id": "ALERT-V1-00333" }, "geometry": { "type": "Point", "coordinates": [ 35.402846262506429, 32.912844678482287 ] } },
{ "type": "Feature", "properties": { "alert_type": "low_vigor_tree", "severity": "medium", "grove_code": "EIN_ATEYYE", "tree_code_optional": "KOG-EIN_ATEYYE-0064", "related_rule": "Ba'al rainfed discipline", "evidence": { "final_ndvi_mean": 0.3489113748073578, "health_index": 43.8, "confidence_score": 0.85, "shadow_fraction": 0.0, "crown_area_m2": 76.75, "review_status": "unreviewed" }, "recommended_task": "Field inspection: check irrigation, pruning, stress.", "confidence_score": 0.85, "status": "open", "alert_id": "ALERT-V1-00334" }, "geometry": { "type": "Point", "coordinates": [ 35.401953355936428, 32.91274408304124 ] } },
{ "type": "Feature", "properties": { "alert_type": "low_vigor_tree", "severity": "medium", "grove_code": "EIN_ATEYYE", "tree_code_optional": "KOG-EIN_ATEYYE-0065", "related_rule": "Ba'al rainfed discipline", "evidence": { "final_ndvi_mean": 0.36014607548713684, "health_index": 42.0, "confidence_score": 0.85, "shadow_fraction": 0.0, "crown_area_m2": 63.75, "review_status": "unreviewed" }, "recommended_task": "Field inspection: check irrigation, pruning, stress.", "confidence_score": 0.85, "status": "open", "alert_id": "ALERT-V1-00335" }, "geometry": { "type": "Point", "coordinates": [ 35.402688795938005, 32.912604562846468 ] } },
{ "type": "Feature", "properties": { "alert_type": "low_vigor_tree", "severity": "medium", "grove_code": "EIN_ATEYYE", "tree_code_optional": "KOG-EIN_ATEYYE-0066", "related_rule": "Ba'al rainfed discipline", "evidence": { "final_ndvi_mean": 0.3188239634037018, "health_index": 37.8, "confidence_score": 0.85, "shadow_fraction": 0.0, "crown_area_m2": 72.5, "review_status": "unreviewed" }, "recommended_task": "Field inspection: check irrigation, pruning, stress.", "confidence_score": 0.85, "status": "open", "alert_id": "ALERT-V1-00336" }, "geometry": { "type": "Point", "coordinates": [ 35.401820598260315, 32.912340937640579 ] } },
{ "type": "Feature", "properties": { "alert_type": "low_vigor_tree", "severity": "medium", "grove_code": "EIN_ATEYYE", "tree_code_optional": "KOG-EIN_ATEYYE-0067", "related_rule": "Ba'al rainfed discipline", "evidence": { "final_ndvi_mean": 0.3297632038593292, "health_index": 36.0, "confidence_score": 0.85, "shadow_fraction": 0.0, "crown_area_m2": 74.0, "review_status": "unreviewed" }, "recommended_task": "Field inspection: check irrigation, pruning, stress.", "confidence_score": 0.85, "status": "open", "alert_id": "ALERT-V1-00337" }, "geometry": { "type": "Point", "coordinates": [ 35.40249062714485, 32.912055690039566 ] } },
{ "type": "Feature", "properties": { "alert_type": "low_vigor_tree", "severity": "medium", "grove_code": "EIN_ATEYYE", "tree_code_optional": "KOG-EIN_ATEYYE-0068", "related_rule": "Ba'al rainfed discipline", "evidence": { "final_ndvi_mean": 0.31547167897224426, "health_index": 33.1, "confidence_score": 0.85, "shadow_fraction": 0.0, "crown_area_m2": 70.0, "review_status": "unreviewed" }, "recommended_task": "Field inspection: check irrigation, pruning, stress.", "confidence_score": 0.85, "status": "open", "alert_id": "ALERT-V1-00338" }, "geometry": { "type": "Point", "coordinates": [ 35.402224450182906, 32.91200296940481 ] } },
{ "type": "Feature", "properties": { "alert_type": "low_vigor_tree", "severity": "medium", "grove_code": "EIN_ATEYYE", "tree_code_optional": "KOG-EIN_ATEYYE-0069", "related_rule": "Ba'al rainfed discipline", "evidence": { "final_ndvi_mean": 0.3092798590660095, "health_index": 31.9, "confidence_score": 0.85, "shadow_fraction": 0.0, "crown_area_m2": 57.25, "review_status": "unreviewed" }, "recommended_task": "Field inspection: check irrigation, pruning, stress.", "confidence_score": 0.85, "status": "open", "alert_id": "ALERT-V1-00339" }, "geometry": { "type": "Point", "coordinates": [ 35.402645393593879, 32.911938680391806 ] } },
{ "type": "Feature", "properties": { "alert_type": "low_vigor_tree", "severity": "medium", "grove_code": "EIN_ATEYYE", "tree_code_optional": "KOG-EIN_ATEYYE-0070", "related_rule": "Ba'al rainfed discipline", "evidence": { "final_ndvi_mean": 0.3413291871547699, "health_index": 38.3, "confidence_score": 0.85, "shadow_fraction": 0.0, "crown_area_m2": 59.5, "review_status": "unreviewed" }, "recommended_task": "Field inspection: check irrigation, pruning, stress.", "confidence_score": 0.85, "status": "open", "alert_id": "ALERT-V1-00340" }, "geometry": { "type": "Point", "coordinates": [ 35.402147952571063, 32.913075073839266 ] } },
{ "type": "Feature", "properties": { "alert_type": "low_vigor_tree", "severity": "medium", "grove_code": "EIN_ATEYYE", "tree_code_optional": "KOG-EIN_ATEYYE-0071", "related_rule": "Ba'al rainfed discipline", "evidence": { "final_ndvi_mean": 0.3356495201587677, "health_index": 41.1, "confidence_score": 0.85, "shadow_fraction": 0.0, "crown_area_m2": 57.25, "review_status": "unreviewed" }, "recommended_task": "Field inspection: check irrigation, pruning, stress.", "confidence_score": 0.85, "status": "open", "alert_id": "ALERT-V1-00341" }, "geometry": { "type": "Point", "coordinates": [ 35.402227095564818, 32.913036548943829 ] } },
{ "type": "Feature", "properties": { "alert_type": "low_vigor_tree", "severity": "medium", "grove_code": "EIN_ATEYYE", "tree_code_optional": "KOG-EIN_ATEYYE-0072", "related_rule": "Ba'al rainfed discipline", "evidence": { "final_ndvi_mean": 0.3354173004627228, "health_index": 41.1, "confidence_score": 0.85, "shadow_fraction": 0.0, "crown_area_m2": 59.5, "review_status": "unreviewed" }, "recommended_task": "Field inspection: check irrigation, pruning, stress.", "confidence_score": 0.85, "status": "open", "alert_id": "ALERT-V1-00342" }, "geometry": { "type": "Point", "coordinates": [ 35.402568121041725, 32.912803581642478 ] } },
{ "type": "Feature", "properties": { "alert_type": "low_vigor_tree", "severity": "medium", "grove_code": "EIN_ATEYYE", "tree_code_optional": "KOG-EIN_ATEYYE-0073", "related_rule": "Ba'al rainfed discipline", "evidence": { "final_ndvi_mean": 0.3192535936832428, "health_index": 37.9, "confidence_score": 0.85, "shadow_fraction": 0.0, "crown_area_m2": 60.5, "review_status": "unreviewed" }, "recommended_task": "Field inspection: check irrigation, pruning, stress.", "confidence_score": 0.85, "status": "open", "alert_id": "ALERT-V1-00343" }, "geometry": { "type": "Point", "coordinates": [ 35.401793901381268, 32.91247707749779 ] } },
{ "type": "Feature", "properties": { "alert_type": "low_vigor_tree", "severity": "medium", "grove_code": "EIN_ATEYYE", "tree_code_optional": "KOG-EIN_ATEYYE-0074", "related_rule": "Ba'al rainfed discipline", "evidence": { "final_ndvi_mean": 0.3345949649810791, "health_index": 40.9, "confidence_score": 0.85, "shadow_fraction": 0.0, "crown_area_m2": 63.0, "review_status": "unreviewed" }, "recommended_task": "Field inspection: check irrigation, pruning, stress.", "confidence_score": 0.85, "status": "open", "alert_id": "ALERT-V1-00344" }, "geometry": { "type": "Point", "coordinates": [ 35.402112798985677, 32.912402708125953 ] } },
{ "type": "Feature", "properties": { "alert_type": "low_vigor_tree", "severity": "medium", "grove_code": "EIN_ATEYYE", "tree_code_optional": "KOG-EIN_ATEYYE-0075", "related_rule": "Ba'al rainfed discipline", "evidence": { "final_ndvi_mean": 0.30509722232818604, "health_index": 31.0, "confidence_score": 0.85, "shadow_fraction": 0.0, "crown_area_m2": 53.75, "review_status": "unreviewed" }, "recommended_task": "Field inspection: check irrigation, pruning, stress.", "confidence_score": 0.85, "status": "open", "alert_id": "ALERT-V1-00345" }, "geometry": { "type": "Point", "coordinates": [ 35.402544427105255, 32.912379075627342 ] } },
{ "type": "Feature", "properties": { "alert_type": "low_vigor_tree", "severity": "medium", "grove_code": "EIN_ATEYYE", "tree_code_optional": "KOG-EIN_ATEYYE-0076", "related_rule": "Ba'al rainfed discipline", "evidence": { "final_ndvi_mean": 0.3248410224914551, "health_index": 39.0, "confidence_score": 0.85, "shadow_fraction": 0.0, "crown_area_m2": 64.0, "review_status": "unreviewed" }, "recommended_task": "Field inspection: check irrigation, pruning, stress.", "confidence_score": 0.85, "status": "open", "alert_id": "ALERT-V1-00346" }, "geometry": { "type": "Point", "coordinates": [ 35.402532073883322, 32.912138964090332 ] } },
{ "type": "Feature", "properties": { "alert_type": "low_vigor_tree", "severity": "medium", "grove_code": "EIN_ATEYYE", "tree_code_optional": "KOG-EIN_ATEYYE-0077", "related_rule": "Ba'al rainfed discipline", "evidence": { "final_ndvi_mean": 0.31834349036216736, "health_index": 33.7, "confidence_score": 0.85, "shadow_fraction": 0.0, "crown_area_m2": 59.75, "review_status": "unreviewed" }, "recommended_task": "Field inspection: check irrigation, pruning, stress.", "confidence_score": 0.85, "status": "open", "alert_id": "ALERT-V1-00347" }, "geometry": { "type": "Point", "coordinates": [ 35.401967035996634, 32.912146778456432 ] } },
{ "type": "Feature", "properties": { "alert_type": "low_vigor_tree", "severity": "medium", "grove_code": "EIN_ATEYYE", "tree_code_optional": "KOG-EIN_ATEYYE-0078", "related_rule": "Ba'al rainfed discipline", "evidence": { "final_ndvi_mean": 0.3285817503929138, "health_index": 35.7, "confidence_score": 0.85, "shadow_fraction": 0.0, "crown_area_m2": 75.75, "review_status": "unreviewed" }, "recommended_task": "Field inspection: check irrigation, pruning, stress.", "confidence_score": 0.85, "status": "open", "alert_id": "ALERT-V1-00348" }, "geometry": { "type": "Point", "coordinates": [ 35.402618305054112, 32.912082009649083 ] } },
{ "type": "Feature", "properties": { "alert_type": "low_vigor_tree", "severity": "medium", "grove_code": "EIN_ATEYYE", "tree_code_optional": "KOG-EIN_ATEYYE-0079", "related_rule": "Ba'al rainfed discipline", "evidence": { "final_ndvi_mean": 0.32875970005989075, "health_index": 35.8, "confidence_score": 0.85, "shadow_fraction": 0.0, "crown_area_m2": 58.75, "review_status": "unreviewed" }, "recommended_task": "Field inspection: check irrigation, pruning, stress.", "confidence_score": 0.85, "status": "open", "alert_id": "ALERT-V1-00349" }, "geometry": { "type": "Point", "coordinates": [ 35.402491001289569, 32.913082518655692 ] } },
{ "type": "Feature", "properties": { "alert_type": "low_vigor_tree", "severity": "medium", "grove_code": "EIN_ATEYYE", "tree_code_optional": "KOG-EIN_ATEYYE-0080", "related_rule": "Ba'al rainfed discipline", "evidence": { "final_ndvi_mean": 0.3426866829395294, "health_index": 38.5, "confidence_score": 0.85, "shadow_fraction": 0.0, "crown_area_m2": 74.5, "review_status": "unreviewed" }, "recommended_task": "Field inspection: check irrigation, pruning, stress.", "confidence_score": 0.85, "status": "open", "alert_id": "ALERT-V1-00350" }, "geometry": { "type": "Point", "coordinates": [ 35.402085228322839, 32.912547833956459 ] } },
{ "type": "Feature", "properties": { "alert_type": "low_vigor_tree", "severity": "medium", "grove_code": "EIN_ATEYYE", "tree_code_optional": "KOG-EIN_ATEYYE-0081", "related_rule": "Ba'al rainfed discipline", "evidence": { "final_ndvi_mean": 0.3327147662639618, "health_index": 40.5, "confidence_score": 0.85, "shadow_fraction": 0.0, "crown_area_m2": 62.0, "review_status": "unreviewed" }, "recommended_task": "Field inspection: check irrigation, pruning, stress.", "confidence_score": 0.85, "status": "open", "alert_id": "ALERT-V1-00351" }, "geometry": { "type": "Point", "coordinates": [ 35.401931231958287, 32.912279715428951 ] } },
{ "type": "Feature", "properties": { "alert_type": "low_vigor_tree", "severity": "medium", "grove_code": "EIN_ATEYYE", "tree_code_optional": "KOG-EIN_ATEYYE-0083", "related_rule": "Ba'al rainfed discipline", "evidence": { "final_ndvi_mean": 0.3374026119709015, "health_index": 37.5, "confidence_score": 0.85, "shadow_fraction": 0.0, "crown_area_m2": 56.75, "review_status": "unreviewed" }, "recommended_task": "Field inspection: check irrigation, pruning, stress.", "confidence_score": 0.85, "status": "open", "alert_id": "ALERT-V1-00352" }, "geometry": { "type": "Point", "coordinates": [ 35.402198920469424, 32.913168187832881 ] } },
{ "type": "Feature", "properties": { "alert_type": "low_vigor_tree", "severity": "medium", "grove_code": "EIN_ATEYYE", "tree_code_optional": "KOG-EIN_ATEYYE-0085", "related_rule": "Ba'al rainfed discipline", "evidence": { "final_ndvi_mean": 0.3378289043903351, "health_index": 41.6, "confidence_score": 0.85, "shadow_fraction": 0.0, "crown_area_m2": 49.5, "review_status": "unreviewed" }, "recommended_task": "Field inspection: check irrigation, pruning, stress.", "confidence_score": 0.85, "status": "open", "alert_id": "ALERT-V1-00353" }, "geometry": { "type": "Point", "coordinates": [ 35.402651028222351, 32.912749842400487 ] } },
{ "type": "Feature", "properties": { "alert_type": "low_vigor_tree", "severity": "medium", "grove_code": "EIN_ATEYYE", "tree_code_optional": "KOG-EIN_ATEYYE-0086", "related_rule": "Ba'al rainfed discipline", "evidence": { "final_ndvi_mean": 0.3328465223312378, "health_index": 40.6, "confidence_score": 0.85, "shadow_fraction": 0.0, "crown_area_m2": 57.0, "review_status": "unreviewed" }, "recommended_task": "Field inspection: check irrigation, pruning, stress.", "confidence_score": 0.85, "status": "open", "alert_id": "ALERT-V1-00354" }, "geometry": { "type": "Point", "coordinates": [ 35.402124011867038, 32.91264380431921 ] } },
{ "type": "Feature", "properties": { "alert_type": "low_vigor_tree", "severity": "medium", "grove_code": "EIN_ATEYYE", "tree_code_optional": "KOG-EIN_ATEYYE-0087", "related_rule": "Ba'al rainfed discipline", "evidence": { "final_ndvi_mean": 0.3315485119819641, "health_index": 36.3, "confidence_score": 0.85, "shadow_fraction": 0.0, "crown_area_m2": 68.5, "review_status": "unreviewed" }, "recommended_task": "Field inspection: check irrigation, pruning, stress.", "confidence_score": 0.85, "status": "open", "alert_id": "ALERT-V1-00355" }, "geometry": { "type": "Point", "coordinates": [ 35.401997595694652, 32.912605511145216 ] } },
{ "type": "Feature", "properties": { "alert_type": "low_vigor_tree", "severity": "medium", "grove_code": "EIN_ATEYYE", "tree_code_optional": "KOG-EIN_ATEYYE-0088", "related_rule": "Ba'al rainfed discipline", "evidence": { "final_ndvi_mean": 0.3219466805458069, "health_index": 34.4, "confidence_score": 0.85, "shadow_fraction": 0.0, "crown_area_m2": 69.75, "review_status": "unreviewed" }, "recommended_task": "Field inspection: check irrigation, pruning, stress.", "confidence_score": 0.85, "status": "open", "alert_id": "ALERT-V1-00356" }, "geometry": { "type": "Point", "coordinates": [ 35.402910353218076, 32.912565290611269 ] } },
{ "type": "Feature", "properties": { "alert_type": "low_vigor_tree", "severity": "medium", "grove_code": "EIN_ATEYYE", "tree_code_optional": "KOG-EIN_ATEYYE-0089", "related_rule": "Ba'al rainfed discipline", "evidence": { "final_ndvi_mean": 0.3336063027381897, "health_index": 36.7, "confidence_score": 0.85, "shadow_fraction": 0.0, "crown_area_m2": 62.0, "review_status": "unreviewed" }, "recommended_task": "Field inspection: check irrigation, pruning, stress.", "confidence_score": 0.85, "status": "open", "alert_id": "ALERT-V1-00357" }, "geometry": { "type": "Point", "coordinates": [ 35.402768726718413, 32.912546945885012 ] } },
{ "type": "Feature", "properties": { "alert_type": "low_vigor_tree", "severity": "medium", "grove_code": "EIN_ATEYYE", "tree_code_optional": "KOG-EIN_ATEYYE-0090", "related_rule": "Ba'al rainfed discipline", "evidence": { "final_ndvi_mean": 0.3204859793186188, "health_index": 38.1, "confidence_score": 0.85, "shadow_fraction": 0.0, "crown_area_m2": 53.5, "review_status": "unreviewed" }, "recommended_task": "Field inspection: check irrigation, pruning, stress.", "confidence_score": 0.85, "status": "open", "alert_id": "ALERT-V1-00358" }, "geometry": { "type": "Point", "coordinates": [ 35.402638848961089, 32.912532370414645 ] } },
{ "type": "Feature", "properties": { "alert_type": "low_vigor_tree", "severity": "medium", "grove_code": "EIN_ATEYYE", "tree_code_optional": "KOG-EIN_ATEYYE-0091", "related_rule": "Ba'al rainfed discipline", "evidence": { "final_ndvi_mean": 0.3236037790775299, "health_index": 34.7, "confidence_score": 0.85, "shadow_fraction": 0.0, "crown_area_m2": 58.75, "review_status": "unreviewed" }, "recommended_task": "Field inspection: check irrigation, pruning, stress.", "confidence_score": 0.85, "status": "open", "alert_id": "ALERT-V1-00359" }, "geometry": { "type": "Point", "coordinates": [ 35.402871356519242, 32.912360636406859 ] } },
{ "type": "Feature", "properties": { "alert_type": "low_vigor_tree", "severity": "medium", "grove_code": "EIN_ATEYYE", "tree_code_optional": "KOG-EIN_ATEYYE-0092", "related_rule": "Ba'al rainfed discipline", "evidence": { "final_ndvi_mean": 0.3317570388317108, "health_index": 36.4, "confidence_score": 0.85, "shadow_fraction": 0.0, "crown_area_m2": 74.5, "review_status": "unreviewed" }, "recommended_task": "Field inspection: check irrigation, pruning, stress.", "confidence_score": 0.85, "status": "open", "alert_id": "ALERT-V1-00360" }, "geometry": { "type": "Point", "coordinates": [ 35.40228624260579, 32.912302742964272 ] } },
{ "type": "Feature", "properties": { "alert_type": "low_vigor_tree", "severity": "medium", "grove_code": "EIN_ATEYYE", "tree_code_optional": "KOG-EIN_ATEYYE-0093", "related_rule": "Ba'al rainfed discipline", "evidence": { "final_ndvi_mean": 0.3373516798019409, "health_index": 41.5, "confidence_score": 0.85, "shadow_fraction": 0.0, "crown_area_m2": 58.5, "review_status": "unreviewed" }, "recommended_task": "Field inspection: check irrigation, pruning, stress.", "confidence_score": 0.85, "status": "open", "alert_id": "ALERT-V1-00361" }, "geometry": { "type": "Point", "coordinates": [ 35.402068556236692, 32.912090673627539 ] } },
{ "type": "Feature", "properties": { "alert_type": "low_vigor_tree", "severity": "medium", "grove_code": "EIN_ATEYYE", "tree_code_optional": "KOG-EIN_ATEYYE-0094", "related_rule": "Ba'al rainfed discipline", "evidence": { "final_ndvi_mean": 0.30791082978248596, "health_index": 31.6, "confidence_score": 0.85, "shadow_fraction": 0.0, "crown_area_m2": 60.25, "review_status": "unreviewed" }, "recommended_task": "Field inspection: check irrigation, pruning, stress.", "confidence_score": 0.85, "status": "open", "alert_id": "ALERT-V1-00362" }, "geometry": { "type": "Point", "coordinates": [ 35.402447614824432, 32.911981915038595 ] } },
{ "type": "Feature", "properties": { "alert_type": "low_vigor_tree", "severity": "medium", "grove_code": "EIN_ATEYYE", "tree_code_optional": "KOG-EIN_ATEYYE-0095", "related_rule": "Ba'al rainfed discipline", "evidence": { "final_ndvi_mean": 0.3072948157787323, "health_index": 31.5, "confidence_score": 0.85, "shadow_fraction": 0.0, "crown_area_m2": 59.0, "review_status": "unreviewed" }, "recommended_task": "Field inspection: check irrigation, pruning, stress.", "confidence_score": 0.85, "status": "open", "alert_id": "ALERT-V1-00363" }, "geometry": { "type": "Point", "coordinates": [ 35.402298419422827, 32.911954519467024 ] } },
{ "type": "Feature", "properties": { "alert_type": "low_vigor_tree", "severity": "medium", "grove_code": "EIN_ATEYYE", "tree_code_optional": "KOG-EIN_ATEYYE-0096", "related_rule": "Ba'al rainfed discipline", "evidence": { "final_ndvi_mean": 0.33217236399650574, "health_index": 40.4, "confidence_score": 0.85, "shadow_fraction": 0.0, "crown_area_m2": 56.5, "review_status": "unreviewed" }, "recommended_task": "Field inspection: check irrigation, pruning, stress.", "confidence_score": 0.85, "status": "open", "alert_id": "ALERT-V1-00364" }, "geometry": { "type": "Point", "coordinates": [ 35.402208231826066, 32.912348953095687 ] } },
{ "type": "Feature", "properties": { "alert_type": "low_vigor_tree", "severity": "medium", "grove_code": "EIN_ATEYYE", "tree_code_optional": "KOG-EIN_ATEYYE-0097", "related_rule": "Ba'al rainfed discipline", "evidence": { "final_ndvi_mean": 0.3269650340080261, "health_index": 35.4, "confidence_score": 0.85, "shadow_fraction": 0.0, "crown_area_m2": 53.0, "review_status": "unreviewed" }, "recommended_task": "Field inspection: check irrigation, pruning, stress.", "confidence_score": 0.85, "status": "open", "alert_id": "ALERT-V1-00365" }, "geometry": { "type": "Point", "coordinates": [ 35.402060491633009, 32.912317578466727 ] } },
{ "type": "Feature", "properties": { "alert_type": "low_vigor_tree", "severity": "medium", "grove_code": "EIN_ATEYYE", "tree_code_optional": "KOG-EIN_ATEYYE-0098", "related_rule": "Ba'al rainfed discipline", "evidence": { "final_ndvi_mean": 0.33426931500434875, "health_index": 36.9, "confidence_score": 0.85, "shadow_fraction": 0.0, "crown_area_m2": 49.0, "review_status": "unreviewed" }, "recommended_task": "Field inspection: check irrigation, pruning, stress.", "confidence_score": 0.85, "status": "open", "alert_id": "ALERT-V1-00366" }, "geometry": { "type": "Point", "coordinates": [ 35.402771621123883, 32.912218173057923 ] } },
{ "type": "Feature", "properties": { "alert_type": "low_vigor_tree", "severity": "medium", "grove_code": "EIN_ATEYYE", "tree_code_optional": "KOG-EIN_ATEYYE-0099", "related_rule": "Ba'al rainfed discipline", "evidence": { "final_ndvi_mean": 0.3046538531780243, "health_index": 34.9, "confidence_score": 0.85, "shadow_fraction": 0.0, "crown_area_m2": 51.25, "review_status": "unreviewed" }, "recommended_task": "Field inspection: check irrigation, pruning, stress.", "confidence_score": 0.85, "status": "open", "alert_id": "ALERT-V1-00367" }, "geometry": { "type": "Point", "coordinates": [ 35.402357272898961, 32.912033062976441 ] } },
{ "type": "Feature", "properties": { "alert_type": "low_vigor_tree", "severity": "medium", "grove_code": "EIN_ATEYYE", "tree_code_optional": "KOG-EIN_ATEYYE-0100", "related_rule": "Ba'al rainfed discipline", "evidence": { "final_ndvi_mean": 0.3168034851551056, "health_index": 33.4, "confidence_score": 0.85, "shadow_fraction": 0.0, "crown_area_m2": 59.75, "review_status": "unreviewed" }, "recommended_task": "Field inspection: check irrigation, pruning, stress.", "confidence_score": 0.85, "status": "open", "alert_id": "ALERT-V1-00368" }, "geometry": { "type": "Point", "coordinates": [ 35.402471301812511, 32.911853285344819 ] } },
{ "type": "Feature", "properties": { "alert_type": "low_vigor_tree", "severity": "medium", "grove_code": "EIN_ATEYYE", "tree_code_optional": "KOG-EIN_ATEYYE-0101", "related_rule": "Ba'al rainfed discipline", "evidence": { "final_ndvi_mean": 0.3346300721168518, "health_index": 40.9, "confidence_score": 0.85, "shadow_fraction": 0.0, "crown_area_m2": 56.0, "review_status": "unreviewed" }, "recommended_task": "Field inspection: check irrigation, pruning, stress.", "confidence_score": 0.85, "status": "open", "alert_id": "ALERT-V1-00369" }, "geometry": { "type": "Point", "coordinates": [ 35.402502364858513, 32.911727293805136 ] } },
{ "type": "Feature", "properties": { "alert_type": "low_vigor_tree", "severity": "medium", "grove_code": "EIN_ATEYYE", "tree_code_optional": "KOG-EIN_ATEYYE-0102", "related_rule": "Ba'al rainfed discipline", "evidence": { "final_ndvi_mean": 0.34624210000038147, "health_index": 43.2, "confidence_score": 0.85, "shadow_fraction": 0.0, "crown_area_m2": 60.0, "review_status": "unreviewed" }, "recommended_task": "Field inspection: check irrigation, pruning, stress.", "confidence_score": 0.85, "status": "open", "alert_id": "ALERT-V1-00370" }, "geometry": { "type": "Point", "coordinates": [ 35.402720884140649, 32.911896721742849 ] } },
{ "type": "Feature", "properties": { "alert_type": "low_vigor_tree", "severity": "medium", "grove_code": "EIN_ATEYYE", "tree_code_optional": "KOG-EIN_ATEYYE-0103", "related_rule": "Ba'al rainfed discipline", "evidence": { "final_ndvi_mean": 0.32228899002075195, "health_index": 38.5, "confidence_score": 0.85, "shadow_fraction": 0.0, "crown_area_m2": 57.0, "review_status": "unreviewed" }, "recommended_task": "Field inspection: check irrigation, pruning, stress.", "confidence_score": 0.85, "status": "open", "alert_id": "ALERT-V1-00371" }, "geometry": { "type": "Point", "coordinates": [ 35.402432860035709, 32.912779056815936 ] } },
{ "type": "Feature", "properties": { "alert_type": "low_vigor_tree", "severity": "medium", "grove_code": "EIN_ATEYYE", "tree_code_optional": "KOG-EIN_ATEYYE-0104", "related_rule": "Ba'al rainfed discipline", "evidence": { "final_ndvi_mean": 0.3282068073749542, "health_index": 35.6, "confidence_score": 0.85, "shadow_fraction": 0.0, "crown_area_m2": 43.5, "review_status": "unreviewed" }, "recommended_task": "Field inspection: check irrigation, pruning, stress.", "confidence_score": 0.85, "status": "open", "alert_id": "ALERT-V1-00372" }, "geometry": { "type": "Point", "coordinates": [ 35.402164916342919, 32.912264382678089 ] } },
{ "type": "Feature", "properties": { "alert_type": "low_vigor_tree", "severity": "medium", "grove_code": "EIN_ATEYYE", "tree_code_optional": "KOG-EIN_ATEYYE-0105", "related_rule": "Ba'al rainfed discipline", "evidence": { "final_ndvi_mean": 0.3310904800891876, "health_index": 36.2, "confidence_score": 0.85, "shadow_fraction": 0.0, "crown_area_m2": 56.0, "review_status": "unreviewed" }, "recommended_task": "Field inspection: check irrigation, pruning, stress.", "confidence_score": 0.85, "status": "open", "alert_id": "ALERT-V1-00373" }, "geometry": { "type": "Point", "coordinates": [ 35.403037480915941, 32.912234125055186 ] } },
{ "type": "Feature", "properties": { "alert_type": "low_vigor_tree", "severity": "medium", "grove_code": "EIN_ATEYYE", "tree_code_optional": "KOG-EIN_ATEYYE-0106", "related_rule": "Ba'al rainfed discipline", "evidence": { "final_ndvi_mean": 0.32059353590011597, "health_index": 34.1, "confidence_score": 0.85, "shadow_fraction": 0.0, "crown_area_m2": 54.25, "review_status": "unreviewed" }, "recommended_task": "Field inspection: check irrigation, pruning, stress.", "confidence_score": 0.85, "status": "open", "alert_id": "ALERT-V1-00374" }, "geometry": { "type": "Point", "coordinates": [ 35.402270664229377, 32.912083539297257 ] } },
{ "type": "Feature", "properties": { "alert_type": "low_vigor_tree", "severity": "medium", "grove_code": "EIN_ATEYYE", "tree_code_optional": "KOG-EIN_ATEYYE-0107", "related_rule": "Ba'al rainfed discipline", "evidence": { "final_ndvi_mean": 0.3256344795227051, "health_index": 39.1, "confidence_score": 0.85, "shadow_fraction": 0.0, "crown_area_m2": 39.0, "review_status": "unreviewed" }, "recommended_task": "Field inspection: check irrigation, pruning, stress.", "confidence_score": 0.85, "status": "open", "alert_id": "ALERT-V1-00375" }, "geometry": { "type": "Point", "coordinates": [ 35.402344841885089, 32.911820345404244 ] } },
{ "type": "Feature", "properties": { "alert_type": "low_vigor_tree", "severity": "medium", "grove_code": "EIN_ATEYYE", "tree_code_optional": "KOG-EIN_ATEYYE-0108", "related_rule": "Ba'al rainfed discipline", "evidence": { "final_ndvi_mean": 0.33532974123954773, "health_index": 41.1, "confidence_score": 0.85, "shadow_fraction": 0.0, "crown_area_m2": 43.5, "review_status": "unreviewed" }, "recommended_task": "Field inspection: check irrigation, pruning, stress.", "confidence_score": 0.85, "status": "open", "alert_id": "ALERT-V1-00376" }, "geometry": { "type": "Point", "coordinates": [ 35.402351724943998, 32.913049954258199 ] } },
{ "type": "Feature", "properties": { "alert_type": "low_vigor_tree", "severity": "medium", "grove_code": "EIN_ATEYYE", "tree_code_optional": "KOG-EIN_ATEYYE-0109", "related_rule": "Ba'al rainfed discipline", "evidence": { "final_ndvi_mean": 0.32548052072525024, "health_index": 35.1, "confidence_score": 0.85, "shadow_fraction": 0.0, "crown_area_m2": 48.5, "review_status": "unreviewed" }, "recommended_task": "Field inspection: check irrigation, pruning, stress.", "confidence_score": 0.85, "status": "open", "alert_id": "ALERT-V1-00377" }, "geometry": { "type": "Point", "coordinates": [ 35.402667460982222, 32.91296247340815 ] } },
{ "type": "Feature", "properties": { "alert_type": "low_vigor_tree", "severity": "medium", "grove_code": "EIN_ATEYYE", "tree_code_optional": "KOG-EIN_ATEYYE-0110", "related_rule": "Ba'al rainfed discipline", "evidence": { "final_ndvi_mean": 0.30527642369270325, "health_index": 35.1, "confidence_score": 0.85, "shadow_fraction": 0.0, "crown_area_m2": 45.75, "review_status": "unreviewed" }, "recommended_task": "Field inspection: check irrigation, pruning, stress.", "confidence_score": 0.85, "status": "open", "alert_id": "ALERT-V1-00378" }, "geometry": { "type": "Point", "coordinates": [ 35.402709422823477, 32.912466065991921 ] } },
{ "type": "Feature", "properties": { "alert_type": "low_vigor_tree", "severity": "medium", "grove_code": "EIN_ATEYYE", "tree_code_optional": "KOG-EIN_ATEYYE-0111", "related_rule": "Ba'al rainfed discipline", "evidence": { "final_ndvi_mean": 0.303432434797287, "health_index": 34.7, "confidence_score": 0.85, "shadow_fraction": 0.0, "crown_area_m2": 49.0, "review_status": "unreviewed" }, "recommended_task": "Field inspection: check irrigation, pruning, stress.", "confidence_score": 0.85, "status": "open", "alert_id": "ALERT-V1-00379" }, "geometry": { "type": "Point", "coordinates": [ 35.40262622464401, 32.911750531790368 ] } },
{ "type": "Feature", "properties": { "alert_type": "low_vigor_tree", "severity": "medium", "grove_code": "EIN_ATEYYE", "tree_code_optional": "KOG-EIN_ATEYYE-0112", "related_rule": "Ba'al rainfed discipline", "evidence": { "final_ndvi_mean": 0.29683488607406616, "health_index": 33.4, "confidence_score": 0.85, "shadow_fraction": 0.0, "crown_area_m2": 46.5, "review_status": "unreviewed" }, "recommended_task": "Field inspection: check irrigation, pruning, stress.", "confidence_score": 0.85, "status": "open", "alert_id": "ALERT-V1-00380" }, "geometry": { "type": "Point", "coordinates": [ 35.402580490252689, 32.91169403769694 ] } },
{ "type": "Feature", "properties": { "alert_type": "low_vigor_tree", "severity": "medium", "grove_code": "EIN_ATEYYE", "tree_code_optional": "KOG-EIN_ATEYYE-0113", "related_rule": "Ba'al rainfed discipline", "evidence": { "final_ndvi_mean": 0.3201042711734772, "health_index": 38.0, "confidence_score": 0.85, "shadow_fraction": 0.0, "crown_area_m2": 45.0, "review_status": "unreviewed" }, "recommended_task": "Field inspection: check irrigation, pruning, stress.", "confidence_score": 0.85, "status": "open", "alert_id": "ALERT-V1-00381" }, "geometry": { "type": "Point", "coordinates": [ 35.402064213966341, 32.912924419704197 ] } },
{ "type": "Feature", "properties": { "alert_type": "low_vigor_tree", "severity": "medium", "grove_code": "EIN_ATEYYE", "tree_code_optional": "KOG-EIN_ATEYYE-0114", "related_rule": "Ba'al rainfed discipline", "evidence": { "final_ndvi_mean": 0.33240002393722534, "health_index": 40.5, "confidence_score": 0.85, "shadow_fraction": 0.0, "crown_area_m2": 44.0, "review_status": "unreviewed" }, "recommended_task": "Field inspection: check irrigation, pruning, stress.", "confidence_score": 0.85, "status": "open", "alert_id": "ALERT-V1-00382" }, "geometry": { "type": "Point", "coordinates": [ 35.402349051744913, 32.912835167664326 ] } },
{ "type": "Feature", "properties": { "alert_type": "low_vigor_tree", "severity": "medium", "grove_code": "EIN_ATEYYE", "tree_code_optional": "KOG-EIN_ATEYYE-0115", "related_rule": "Ba'al rainfed discipline", "evidence": { "final_ndvi_mean": 0.3231754004955292, "health_index": 38.6, "confidence_score": 0.85, "shadow_fraction": 0.0, "crown_area_m2": 46.5, "review_status": "unreviewed" }, "recommended_task": "Field inspection: check irrigation, pruning, stress.", "confidence_score": 0.85, "status": "open", "alert_id": "ALERT-V1-00383" }, "geometry": { "type": "Point", "coordinates": [ 35.402094565727872, 32.912779680000142 ] } },
{ "type": "Feature", "properties": { "alert_type": "low_vigor_tree", "severity": "medium", "grove_code": "EIN_ATEYYE", "tree_code_optional": "KOG-EIN_ATEYYE-0116", "related_rule": "Ba'al rainfed discipline", "evidence": { "final_ndvi_mean": 0.3241010308265686, "health_index": 34.8, "confidence_score": 0.85, "shadow_fraction": 0.0, "crown_area_m2": 49.0, "review_status": "unreviewed" }, "recommended_task": "Field inspection: check irrigation, pruning, stress.", "confidence_score": 0.85, "status": "open", "alert_id": "ALERT-V1-00384" }, "geometry": { "type": "Point", "coordinates": [ 35.402166662667874, 32.912493743904655 ] } },
{ "type": "Feature", "properties": { "alert_type": "low_vigor_tree", "severity": "medium", "grove_code": "EIN_ATEYYE", "tree_code_optional": "KOG-EIN_ATEYYE-0117", "related_rule": "Ba'al rainfed discipline", "evidence": { "final_ndvi_mean": 0.3117879629135132, "health_index": 36.4, "confidence_score": 0.85, "shadow_fraction": 0.0, "crown_area_m2": 48.5, "review_status": "unreviewed" }, "recommended_task": "Field inspection: check irrigation, pruning, stress.", "confidence_score": 0.85, "status": "open", "alert_id": "ALERT-V1-00385" }, "geometry": { "type": "Point", "coordinates": [ 35.40259163795784, 32.912222473274454 ] } },
{ "type": "Feature", "properties": { "alert_type": "low_vigor_tree", "severity": "medium", "grove_code": "EIN_ATEYYE", "tree_code_optional": "KOG-EIN_ATEYYE-0118", "related_rule": "Ba'al rainfed discipline", "evidence": { "final_ndvi_mean": 0.3193817734718323, "health_index": 37.9, "confidence_score": 0.85, "shadow_fraction": 0.0, "crown_area_m2": 39.5, "review_status": "unreviewed" }, "recommended_task": "Field inspection: check irrigation, pruning, stress.", "confidence_score": 0.85, "status": "open", "alert_id": "ALERT-V1-00386" }, "geometry": { "type": "Point", "coordinates": [ 35.402434910102485, 32.911769161809346 ] } },
{ "type": "Feature", "properties": { "alert_type": "low_vigor_tree", "severity": "medium", "grove_code": "EIN_ATEYYE", "tree_code_optional": "KOG-EIN_ATEYYE-0119", "related_rule": "Ba'al rainfed discipline", "evidence": { "final_ndvi_mean": 0.33449921011924744, "health_index": 40.9, "confidence_score": 0.85, "shadow_fraction": 0.0, "crown_area_m2": 53.25, "review_status": "unreviewed" }, "recommended_task": "Field inspection: check irrigation, pruning, stress.", "confidence_score": 0.85, "status": "open", "alert_id": "ALERT-V1-00387" }, "geometry": { "type": "Point", "coordinates": [ 35.402342993794861, 32.911718246267178 ] } },
{ "type": "Feature", "properties": { "alert_type": "low_vigor_tree", "severity": "medium", "grove_code": "EIN_ATEYYE", "tree_code_optional": "KOG-EIN_ATEYYE-0120", "related_rule": "Ba'al rainfed discipline", "evidence": { "final_ndvi_mean": 0.29749640822410583, "health_index": 29.5, "confidence_score": 0.85, "shadow_fraction": 0.0, "crown_area_m2": 36.25, "review_status": "unreviewed" }, "recommended_task": "Field inspection: check irrigation, pruning, stress.", "confidence_score": 0.85, "status": "open", "alert_id": "ALERT-V1-00388" }, "geometry": { "type": "Point", "coordinates": [ 35.402856434265026, 32.912152491682129 ] } },
{ "type": "Feature", "properties": { "alert_type": "low_vigor_tree", "severity": "medium", "grove_code": "EIN_ATEYYE", "tree_code_optional": "KOG-EIN_ATEYYE-0121", "related_rule": "Ba'al rainfed discipline", "evidence": { "final_ndvi_mean": 0.3041081726551056, "health_index": 30.8, "confidence_score": 0.85, "shadow_fraction": 0.0, "crown_area_m2": 44.5, "review_status": "unreviewed" }, "recommended_task": "Field inspection: check irrigation, pruning, stress.", "confidence_score": 0.85, "status": "open", "alert_id": "ALERT-V1-00389" }, "geometry": { "type": "Point", "coordinates": [ 35.402185859089727, 32.912125787084612 ] } },
{ "type": "Feature", "properties": { "alert_type": "low_vigor_tree", "severity": "medium", "grove_code": "EIN_ATEYYE", "tree_code_optional": "KOG-EIN_ATEYYE-0122", "related_rule": "Ba'al rainfed discipline", "evidence": { "final_ndvi_mean": 0.3111288845539093, "health_index": 32.2, "confidence_score": 0.85, "shadow_fraction": 0.0, "crown_area_m2": 46.75, "review_status": "unreviewed" }, "recommended_task": "Field inspection: check irrigation, pruning, stress.", "confidence_score": 0.85, "status": "open", "alert_id": "ALERT-V1-00390" }, "geometry": { "type": "Point", "coordinates": [ 35.402391329323358, 32.911894788816305 ] } },
{ "type": "Feature", "properties": { "alert_type": "low_vigor_tree", "severity": "medium", "grove_code": "EIN_ATEYYE", "tree_code_optional": "KOG-EIN_ATEYYE-0123", "related_rule": "Ba'al rainfed discipline", "evidence": { "final_ndvi_mean": 0.29647403955459595, "health_index": 29.3, "confidence_score": 0.85, "shadow_fraction": 0.0, "crown_area_m2": 58.5, "review_status": "unreviewed" }, "recommended_task": "Field inspection: check irrigation, pruning, stress.", "confidence_score": 0.85, "status": "open", "alert_id": "ALERT-V1-00391" }, "geometry": { "type": "Point", "coordinates": [ 35.402430296694696, 32.9116504865259 ] } },
{ "type": "Feature", "properties": { "alert_type": "low_vigor_tree", "severity": "medium", "grove_code": "EIN_ATEYYE", "tree_code_optional": "KOG-EIN_ATEYYE-0124", "related_rule": "Ba'al rainfed discipline", "evidence": { "final_ndvi_mean": 0.331509530544281, "health_index": 40.3, "confidence_score": 0.85, "shadow_fraction": 0.0, "crown_area_m2": 35.75, "review_status": "unreviewed" }, "recommended_task": "Field inspection: check irrigation, pruning, stress.", "confidence_score": 0.85, "status": "open", "alert_id": "ALERT-V1-00392" }, "geometry": { "type": "Point", "coordinates": [ 35.402266445182988, 32.912891322489301 ] } },
{ "type": "Feature", "properties": { "alert_type": "low_vigor_tree", "severity": "medium", "grove_code": "EIN_ATEYYE", "tree_code_optional": "KOG-EIN_ATEYYE-0125", "related_rule": "Ba'al rainfed discipline", "evidence": { "final_ndvi_mean": 0.3228105306625366, "health_index": 34.6, "confidence_score": 0.85, "shadow_fraction": 0.0, "crown_area_m2": 44.5, "review_status": "unreviewed" }, "recommended_task": "Field inspection: check irrigation, pruning, stress.", "confidence_score": 0.85, "status": "open", "alert_id": "ALERT-V1-00393" }, "geometry": { "type": "Point", "coordinates": [ 35.402184456730154, 32.912728398325562 ] } },
{ "type": "Feature", "properties": { "alert_type": "low_vigor_tree", "severity": "medium", "grove_code": "EIN_ATEYYE", "tree_code_optional": "KOG-EIN_ATEYYE-0126", "related_rule": "Ba'al rainfed discipline", "evidence": { "final_ndvi_mean": 0.3223364055156708, "health_index": 38.5, "confidence_score": 0.85, "shadow_fraction": 0.0, "crown_area_m2": 37.75, "review_status": "unreviewed" }, "recommended_task": "Field inspection: check irrigation, pruning, stress.", "confidence_score": 0.85, "status": "open", "alert_id": "ALERT-V1-00394" }, "geometry": { "type": "Point", "coordinates": [ 35.402942678312506, 32.91230412389578 ] } },
{ "type": "Feature", "properties": { "alert_type": "low_vigor_tree", "severity": "medium", "grove_code": "EIN_ATEYYE", "tree_code_optional": "KOG-EIN_ATEYYE-0127", "related_rule": "Ba'al rainfed discipline", "evidence": { "final_ndvi_mean": 0.30205273628234863, "health_index": 30.4, "confidence_score": 0.85, "shadow_fraction": 0.0, "crown_area_m2": 41.75, "review_status": "unreviewed" }, "recommended_task": "Field inspection: check irrigation, pruning, stress.", "confidence_score": 0.85, "status": "open", "alert_id": "ALERT-V1-00395" }, "geometry": { "type": "Point", "coordinates": [ 35.402656302389033, 32.912169229541767 ] } },
{ "type": "Feature", "properties": { "alert_type": "low_vigor_tree", "severity": "medium", "grove_code": "EIN_ATEYYE", "tree_code_optional": "KOG-EIN_ATEYYE-0128", "related_rule": "Ba'al rainfed discipline", "evidence": { "final_ndvi_mean": 0.30445241928100586, "health_index": 30.9, "confidence_score": 0.85, "shadow_fraction": 0.0, "crown_area_m2": 40.25, "review_status": "unreviewed" }, "recommended_task": "Field inspection: check irrigation, pruning, stress.", "confidence_score": 0.85, "status": "open", "alert_id": "ALERT-V1-00396" }, "geometry": { "type": "Point", "coordinates": [ 35.402139106947033, 32.912043305961625 ] } },
{ "type": "Feature", "properties": { "alert_type": "low_vigor_tree", "severity": "medium", "grove_code": "EIN_ATEYYE", "tree_code_optional": "KOG-EIN_ATEYYE-0129", "related_rule": "Ba'al rainfed discipline", "evidence": { "final_ndvi_mean": 0.29192131757736206, "health_index": 32.4, "confidence_score": 0.85, "shadow_fraction": 0.0, "crown_area_m2": 40.5, "review_status": "unreviewed" }, "recommended_task": "Field inspection: check irrigation, pruning, stress.", "confidence_score": 0.85, "status": "open", "alert_id": "ALERT-V1-00397" }, "geometry": { "type": "Point", "coordinates": [ 35.402020010308043, 32.912003875157474 ] } },
{ "type": "Feature", "properties": { "alert_type": "low_vigor_tree", "severity": "medium", "grove_code": "EIN_ATEYYE", "tree_code_optional": "KOG-EIN_ATEYYE-0130", "related_rule": "Ba'al rainfed discipline", "evidence": { "final_ndvi_mean": 0.3137657344341278, "health_index": 32.8, "confidence_score": 0.85, "shadow_fraction": 0.0, "crown_area_m2": 48.75, "review_status": "unreviewed" }, "recommended_task": "Field inspection: check irrigation, pruning, stress.", "confidence_score": 0.85, "status": "open", "alert_id": "ALERT-V1-00398" }, "geometry": { "type": "Point", "coordinates": [ 35.402554579438508, 32.911793532353286 ] } },
{ "type": "Feature", "properties": { "alert_type": "low_vigor_tree", "severity": "medium", "grove_code": "EIN_ATEYYE", "tree_code_optional": "KOG-EIN_ATEYYE-0131", "related_rule": "Ba'al rainfed discipline", "evidence": { "final_ndvi_mean": 0.31256699562072754, "health_index": 36.5, "confidence_score": 0.85, "shadow_fraction": 0.0, "crown_area_m2": 40.0, "review_status": "unreviewed" }, "recommended_task": "Field inspection: check irrigation, pruning, stress.", "confidence_score": 0.85, "status": "open", "alert_id": "ALERT-V1-00399" }, "geometry": { "type": "Point", "coordinates": [ 35.402772735048437, 32.911764580206693 ] } },
{ "type": "Feature", "properties": { "alert_type": "low_vigor_tree", "severity": "medium", "grove_code": "EIN_ATEYYE", "tree_code_optional": "KOG-EIN_ATEYYE-0132", "related_rule": "Ba'al rainfed discipline", "evidence": { "final_ndvi_mean": 0.2993101477622986, "health_index": 29.9, "confidence_score": 0.85, "shadow_fraction": 0.0, "crown_area_m2": 49.75, "review_status": "unreviewed" }, "recommended_task": "Field inspection: check irrigation, pruning, stress.", "confidence_score": 0.85, "status": "open", "alert_id": "ALERT-V1-00400" }, "geometry": { "type": "Point", "coordinates": [ 35.40273619981474, 32.911677964057212 ] } },
{ "type": "Feature", "properties": { "alert_type": "low_vigor_tree", "severity": "medium", "grove_code": "EIN_ATEYYE", "tree_code_optional": "KOG-EIN_ATEYYE-0133", "related_rule": "Ba'al rainfed discipline", "evidence": { "final_ndvi_mean": 0.31363752484321594, "health_index": 36.7, "confidence_score": 0.85, "shadow_fraction": 0.0, "crown_area_m2": 37.25, "review_status": "unreviewed" }, "recommended_task": "Field inspection: check irrigation, pruning, stress.", "confidence_score": 0.85, "status": "open", "alert_id": "ALERT-V1-00401" }, "geometry": { "type": "Point", "coordinates": [ 35.402148754355132, 32.912864863457408 ] } },
{ "type": "Feature", "properties": { "alert_type": "low_vigor_tree", "severity": "medium", "grove_code": "EIN_ATEYYE", "tree_code_optional": "KOG-EIN_ATEYYE-0134", "related_rule": "Ba'al rainfed discipline", "evidence": { "final_ndvi_mean": 0.31644976139068604, "health_index": 37.3, "confidence_score": 0.85, "shadow_fraction": 0.0, "crown_area_m2": 37.0, "review_status": "unreviewed" }, "recommended_task": "Field inspection: check irrigation, pruning, stress.", "confidence_score": 0.85, "status": "open", "alert_id": "ALERT-V1-00402" }, "geometry": { "type": "Point", "coordinates": [ 35.402565477674166, 32.912014267196867 ] } },
{ "type": "Feature", "properties": { "alert_type": "low_vigor_tree", "severity": "medium", "grove_code": "EIN_ATEYYE", "tree_code_optional": "KOG-EIN_ATEYYE-0135", "related_rule": "Ba'al rainfed discipline", "evidence": { "final_ndvi_mean": 0.3136043846607208, "health_index": 36.7, "confidence_score": 0.85, "shadow_fraction": 0.0, "crown_area_m2": 37.25, "review_status": "unreviewed" }, "recommended_task": "Field inspection: check irrigation, pruning, stress.", "confidence_score": 0.85, "status": "open", "alert_id": "ALERT-V1-00403" }, "geometry": { "type": "Point", "coordinates": [ 35.402437379263326, 32.91299696282384 ] } },
{ "type": "Feature", "properties": { "alert_type": "low_vigor_tree", "severity": "medium", "grove_code": "EIN_ATEYYE", "tree_code_optional": "KOG-EIN_ATEYYE-0136", "related_rule": "Ba'al rainfed discipline", "evidence": { "final_ndvi_mean": 0.3183608055114746, "health_index": 37.7, "confidence_score": 0.85, "shadow_fraction": 0.0, "crown_area_m2": 45.5, "review_status": "unreviewed" }, "recommended_task": "Field inspection: check irrigation, pruning, stress.", "confidence_score": 0.85, "status": "open", "alert_id": "ALERT-V1-00404" }, "geometry": { "type": "Point", "coordinates": [ 35.402229752070077, 32.912813566357229 ] } },
{ "type": "Feature", "properties": { "alert_type": "low_vigor_tree", "severity": "medium", "grove_code": "EIN_ATEYYE", "tree_code_optional": "KOG-EIN_ATEYYE-0137", "related_rule": "Ba'al rainfed discipline", "evidence": { "final_ndvi_mean": 0.33145973086357117, "health_index": 40.3, "confidence_score": 0.85, "shadow_fraction": 0.0, "crown_area_m2": 22.5, "review_status": "unreviewed" }, "recommended_task": "Field inspection: check irrigation, pruning, stress.", "confidence_score": 0.85, "status": "open", "alert_id": "ALERT-V1-00405" }, "geometry": { "type": "Point", "coordinates": [ 35.402919005380383, 32.912442192503818 ] } },
{ "type": "Feature", "properties": { "alert_type": "low_vigor_tree", "severity": "medium", "grove_code": "EIN_ATEYYE", "tree_code_optional": "KOG-EIN_ATEYYE-0138", "related_rule": "Ba'al rainfed discipline", "evidence": { "final_ndvi_mean": 0.32310405373573303, "health_index": 34.6, "confidence_score": 0.85, "shadow_fraction": 0.0, "crown_area_m2": 24.5, "review_status": "unreviewed" }, "recommended_task": "Field inspection: check irrigation, pruning, stress.", "confidence_score": 0.85, "status": "open", "alert_id": "ALERT-V1-00406" }, "geometry": { "type": "Point", "coordinates": [ 35.402925371980203, 32.912405636145429 ] } },
{ "type": "Feature", "properties": { "alert_type": "low_vigor_tree", "severity": "medium", "grove_code": "EIN_ATEYYE", "tree_code_optional": "KOG-EIN_ATEYYE-0139", "related_rule": "Ba'al rainfed discipline", "evidence": { "final_ndvi_mean": 0.3169329762458801, "health_index": 37.4, "confidence_score": 0.85, "shadow_fraction": 0.0, "crown_area_m2": 38.0, "review_status": "unreviewed" }, "recommended_task": "Field inspection: check irrigation, pruning, stress.", "confidence_score": 0.85, "status": "open", "alert_id": "ALERT-V1-00407" }, "geometry": { "type": "Point", "coordinates": [ 35.401737012999902, 32.912388755721231 ] } },
{ "type": "Feature", "properties": { "alert_type": "low_vigor_tree", "severity": "medium", "grove_code": "EIN_ATEYYE", "tree_code_optional": "KOG-EIN_ATEYYE-0140", "related_rule": "Ba'al rainfed discipline", "evidence": { "final_ndvi_mean": 0.28633567690849304, "health_index": 31.3, "confidence_score": 0.85, "shadow_fraction": 0.0, "crown_area_m2": 29.5, "review_status": "unreviewed" }, "recommended_task": "Field inspection: check irrigation, pruning, stress.", "confidence_score": 0.85, "status": "open", "alert_id": "ALERT-V1-00408" }, "geometry": { "type": "Point", "coordinates": [ 35.40246988148666, 32.912647058788359 ] } },
{ "type": "Feature", "properties": { "alert_type": "low_vigor_tree", "severity": "medium", "grove_code": "EIN_ATEYYE", "tree_code_optional": "KOG-EIN_ATEYYE-0141", "related_rule": "Ba'al rainfed discipline", "evidence": { "final_ndvi_mean": 0.2992140054702759, "health_index": 33.8, "confidence_score": 0.85, "shadow_fraction": 0.0, "crown_area_m2": 34.5, "review_status": "unreviewed" }, "recommended_task": "Field inspection: check irrigation, pruning, stress.", "confidence_score": 0.85, "status": "open", "alert_id": "ALERT-V1-00409" }, "geometry": { "type": "Point", "coordinates": [ 35.402558733998106, 32.912589227841309 ] } },
{ "type": "Feature", "properties": { "alert_type": "low_vigor_tree", "severity": "medium", "grove_code": "EIN_ATEYYE", "tree_code_optional": "KOG-EIN_ATEYYE-0142", "related_rule": "Ba'al rainfed discipline", "evidence": { "final_ndvi_mean": 0.3099763095378876, "health_index": 36.0, "confidence_score": 0.85, "shadow_fraction": 0.0, "crown_area_m2": 39.25, "review_status": "unreviewed" }, "recommended_task": "Field inspection: check irrigation, pruning, stress.", "confidence_score": 0.85, "status": "open", "alert_id": "ALERT-V1-00410" }, "geometry": { "type": "Point", "coordinates": [ 35.402995573138426, 32.91237624763238 ] } },
{ "type": "Feature", "properties": { "alert_type": "low_vigor_tree", "severity": "medium", "grove_code": "EIN_ATEYYE", "tree_code_optional": "KOG-EIN_ATEYYE-0143", "related_rule": "Ba'al rainfed discipline", "evidence": { "final_ndvi_mean": 0.31063616275787354, "health_index": 36.1, "confidence_score": 0.85, "shadow_fraction": 0.0, "crown_area_m2": 37.75, "review_status": "unreviewed" }, "recommended_task": "Field inspection: check irrigation, pruning, stress.", "confidence_score": 0.85, "status": "open", "alert_id": "ALERT-V1-00411" }, "geometry": { "type": "Point", "coordinates": [ 35.402859096494502, 32.911701517056109 ] } },
{ "type": "Feature", "properties": { "alert_type": "low_vigor_tree", "severity": "medium", "grove_code": "EIN_ATEYYE", "tree_code_optional": "KOG-EIN_ATEYYE-0144", "related_rule": "Ba'al rainfed discipline", "evidence": { "final_ndvi_mean": 0.3121652901172638, "health_index": 32.4, "confidence_score": 0.85, "shadow_fraction": 0.0, "crown_area_m2": 38.0, "review_status": "unreviewed" }, "recommended_task": "Field inspection: check irrigation, pruning, stress.", "confidence_score": 0.85, "status": "open", "alert_id": "ALERT-V1-00412" }, "geometry": { "type": "Point", "coordinates": [ 35.402011041023691, 32.912235800863208 ] } },
{ "type": "Feature", "properties": { "alert_type": "low_vigor_tree", "severity": "medium", "grove_code": "EIN_ATEYYE", "tree_code_optional": "KOG-EIN_ATEYYE-0145", "related_rule": "Ba'al rainfed discipline", "evidence": { "final_ndvi_mean": 0.29693591594696045, "health_index": 33.4, "confidence_score": 0.85, "shadow_fraction": 0.0, "crown_area_m2": 25.5, "review_status": "unreviewed" }, "recommended_task": "Field inspection: check irrigation, pruning, stress.", "confidence_score": 0.85, "status": "open", "alert_id": "ALERT-V1-00413" }, "geometry": { "type": "Point", "coordinates": [ 35.402402792433158, 32.912921263230444 ] } },
{ "type": "Feature", "properties": { "alert_type": "low_vigor_tree", "severity": "medium", "grove_code": "EIN_ATEYYE", "tree_code_optional": "KOG-EIN_ATEYYE-0146", "related_rule": "Ba'al rainfed discipline", "evidence": { "final_ndvi_mean": 0.3008940517902374, "health_index": 34.2, "confidence_score": 0.85, "shadow_fraction": 0.0, "crown_area_m2": 38.75, "review_status": "unreviewed" }, "recommended_task": "Field inspection: check irrigation, pruning, stress.", "confidence_score": 0.85, "status": "open", "alert_id": "ALERT-V1-00414" }, "geometry": { "type": "Point", "coordinates": [ 35.402026440501984, 32.91245597179153 ] } },
{ "type": "Feature", "properties": { "alert_type": "low_vigor_tree", "severity": "medium", "grove_code": "EIN_ATEYYE", "tree_code_optional": "KOG-EIN_ATEYYE-0147", "related_rule": "Ba'al rainfed discipline", "evidence": { "final_ndvi_mean": 0.2942790985107422, "health_index": 28.9, "confidence_score": 0.85, "shadow_fraction": 0.0, "crown_area_m2": 32.0, "review_status": "unreviewed" }, "recommended_task": "Field inspection: check irrigation, pruning, stress.", "confidence_score": 0.85, "status": "open", "alert_id": "ALERT-V1-00415" }, "geometry": { "type": "Point", "coordinates": [ 35.402111080454162, 32.912167629411194 ] } },
{ "type": "Feature", "properties": { "alert_type": "low_vigor_tree", "severity": "medium", "grove_code": "EIN_ATEYYE", "tree_code_optional": "KOG-EIN_ATEYYE-0148", "related_rule": "Ba'al rainfed discipline", "evidence": { "final_ndvi_mean": 0.32069215178489685, "health_index": 38.1, "confidence_score": 0.85, "shadow_fraction": 0.0, "crown_area_m2": 31.75, "review_status": "unreviewed" }, "recommended_task": "Field inspection: check irrigation, pruning, stress.", "confidence_score": 0.85, "status": "open", "alert_id": "ALERT-V1-00416" }, "geometry": { "type": "Point", "coordinates": [ 35.402897161598489, 32.911854182567978 ] } },
{ "type": "Feature", "properties": { "alert_type": "low_vigor_tree", "severity": "medium", "grove_code": "EIN_ATEYYE", "tree_code_optional": "KOG-EIN_ATEYYE-0149", "related_rule": "Ba'al rainfed discipline", "evidence": { "final_ndvi_mean": 0.2951422333717346, "health_index": 29.0, "confidence_score": 0.85, "shadow_fraction": 0.0, "crown_area_m2": 29.5, "review_status": "unreviewed" }, "recommended_task": "Field inspection: check irrigation, pruning, stress.", "confidence_score": 0.85, "status": "open", "alert_id": "ALERT-V1-00417" }, "geometry": { "type": "Point", "coordinates": [ 35.402994624494376, 32.91251324788162 ] } },
{ "type": "Feature", "properties": { "alert_type": "low_vigor_tree", "severity": "medium", "grove_code": "EIN_ATEYYE", "tree_code_optional": "KOG-EIN_ATEYYE-0150", "related_rule": "Ba'al rainfed discipline", "evidence": { "final_ndvi_mean": 0.3087040185928345, "health_index": 31.7, "confidence_score": 0.85, "shadow_fraction": 0.0, "crown_area_m2": 10.0, "review_status": "unreviewed" }, "recommended_task": "Field inspection: check irrigation, pruning, stress.", "confidence_score": 0.85, "status": "open", "alert_id": "ALERT-V1-00418" }, "geometry": { "type": "Point", "coordinates": [ 35.40234137502889, 32.912269950092963 ] } },
{ "type": "Feature", "properties": { "alert_type": "low_vigor_tree", "severity": "medium", "grove_code": "EIN_ATEYYE", "tree_code_optional": "KOG-EIN_ATEYYE-0151", "related_rule": "Ba'al rainfed discipline", "evidence": { "final_ndvi_mean": 0.3066898286342621, "health_index": 31.3, "confidence_score": 0.85, "shadow_fraction": 0.0, "crown_area_m2": 17.5, "review_status": "unreviewed" }, "recommended_task": "Field inspection: check irrigation, pruning, stress.", "confidence_score": 0.85, "status": "open", "alert_id": "ALERT-V1-00419" }, "geometry": { "type": "Point", "coordinates": [ 35.402363974965326, 32.912254315060366 ] } },
{ "type": "Feature", "properties": { "alert_type": "low_vigor_tree", "severity": "medium", "grove_code": "EIN_ATEYYE", "tree_code_optional": "KOG-EIN_ATEYYE-0152", "related_rule": "Ba'al rainfed discipline", "evidence": { "final_ndvi_mean": 0.2972368896007538, "health_index": 29.4, "confidence_score": 0.85, "shadow_fraction": 0.0, "crown_area_m2": 26.25, "review_status": "unreviewed" }, "recommended_task": "Field inspection: check irrigation, pruning, stress.", "confidence_score": 0.85, "status": "open", "alert_id": "ALERT-V1-00420" }, "geometry": { "type": "Point", "coordinates": [ 35.402940422071907, 32.912099211653604 ] } },
{ "type": "Feature", "properties": { "alert_type": "low_vigor_tree", "severity": "medium", "grove_code": "EIN_ATEYYE", "tree_code_optional": "KOG-EIN_ATEYYE-0153", "related_rule": "Ba'al rainfed discipline", "evidence": { "final_ndvi_mean": 0.27599936723709106, "health_index": 25.2, "confidence_score": 0.85, "shadow_fraction": 0.0, "crown_area_m2": 30.5, "review_status": "unreviewed" }, "recommended_task": "Field inspection: check irrigation, pruning, stress.", "confidence_score": 0.85, "status": "open", "alert_id": "ALERT-V1-00421" }, "geometry": { "type": "Point", "coordinates": [ 35.402088810469273, 32.911965618453536 ] } },
{ "type": "Feature", "properties": { "alert_type": "low_vigor_tree", "severity": "medium", "grove_code": "EIN_ATEYYE", "tree_code_optional": "KOG-EIN_ATEYYE-0154", "related_rule": "Ba'al rainfed discipline", "evidence": { "final_ndvi_mean": 0.29619330167770386, "health_index": 33.2, "confidence_score": 0.85, "shadow_fraction": 0.0, "crown_area_m2": 23.25, "review_status": "unreviewed" }, "recommended_task": "Field inspection: check irrigation, pruning, stress.", "confidence_score": 0.85, "status": "open", "alert_id": "ALERT-V1-00422" }, "geometry": { "type": "Point", "coordinates": [ 35.402204499142961, 32.911752849781905 ] } },
{ "type": "Feature", "properties": { "alert_type": "low_vigor_tree", "severity": "medium", "grove_code": "EIN_ATEYYE", "tree_code_optional": "KOG-EIN_ATEYYE-0155", "related_rule": "Ba'al rainfed discipline", "evidence": { "final_ndvi_mean": 0.2778213918209076, "health_index": 29.6, "confidence_score": 0.85, "shadow_fraction": 0.0, "crown_area_m2": 21.0, "review_status": "unreviewed" }, "recommended_task": "Field inspection: check irrigation, pruning, stress.", "confidence_score": 0.85, "status": "open", "alert_id": "ALERT-V1-00423" }, "geometry": { "type": "Point", "coordinates": [ 35.402658040710641, 32.911672491366737 ] } },
{ "type": "Feature", "properties": { "alert_type": "low_vigor_tree", "severity": "medium", "grove_code": "EIN_ATEYYE", "tree_code_optional": "KOG-EIN_ATEYYE-0156", "related_rule": "Ba'al rainfed discipline", "evidence": { "final_ndvi_mean": 0.29161688685417175, "health_index": 28.3, "confidence_score": 0.85, "shadow_fraction": 0.0, "crown_area_m2": 27.0, "review_status": "unreviewed" }, "recommended_task": "Field inspection: check irrigation, pruning, stress.", "confidence_score": 0.85, "status": "open", "alert_id": "ALERT-V1-00424" }, "geometry": { "type": "Point", "coordinates": [ 35.401979296374691, 32.912366599683693 ] } },
{ "type": "Feature", "properties": { "alert_type": "low_vigor_tree", "severity": "medium", "grove_code": "EIN_ATEYYE", "tree_code_optional": "KOG-EIN_ATEYYE-0157", "related_rule": "Ba'al rainfed discipline", "evidence": { "final_ndvi_mean": 0.30245092511177063, "health_index": 34.5, "confidence_score": 0.85, "shadow_fraction": 0.0, "crown_area_m2": 18.5, "review_status": "unreviewed" }, "recommended_task": "Field inspection: check irrigation, pruning, stress.", "confidence_score": 0.85, "status": "open", "alert_id": "ALERT-V1-00425" }, "geometry": { "type": "Point", "coordinates": [ 35.402910015754486, 32.911777458222389 ] } },
{ "type": "Feature", "properties": { "alert_type": "low_vigor_tree", "severity": "medium", "grove_code": "EIN_ATEYYE", "tree_code_optional": "KOG-EIN_ATEYYE-0158", "related_rule": "Ba'al rainfed discipline", "evidence": { "final_ndvi_mean": 0.2839173376560211, "health_index": 26.8, "confidence_score": 0.85, "shadow_fraction": 0.0, "crown_area_m2": 17.5, "review_status": "unreviewed" }, "recommended_task": "Field inspection: check irrigation, pruning, stress.", "confidence_score": 0.85, "status": "open", "alert_id": "ALERT-V1-00426" }, "geometry": { "type": "Point", "coordinates": [ 35.402293516372012, 32.911678695636233 ] } },
{ "type": "Feature", "properties": { "alert_type": "low_vigor_tree", "severity": "medium", "grove_code": "EIN_ATEYYE", "tree_code_optional": "KOG-EIN_ATEYYE-0159", "related_rule": "Ba'al rainfed discipline", "evidence": { "final_ndvi_mean": 0.27576708793640137, "health_index": 25.2, "confidence_score": 0.85, "shadow_fraction": 0.0, "crown_area_m2": 20.0, "review_status": "unreviewed" }, "recommended_task": "Field inspection: check irrigation, pruning, stress.", "confidence_score": 0.85, "status": "open", "alert_id": "ALERT-V1-00427" }, "geometry": { "type": "Point", "coordinates": [ 35.402314142630033, 32.912985483981828 ] } },
{ "type": "Feature", "properties": { "alert_type": "low_vigor_tree", "severity": "medium", "grove_code": "EIN_ATEYYE", "tree_code_optional": "KOG-EIN_ATEYYE-0160", "related_rule": "Ba'al rainfed discipline", "evidence": { "final_ndvi_mean": 0.27541396021842957, "health_index": 29.1, "confidence_score": 0.85, "shadow_fraction": 0.0, "crown_area_m2": 15.25, "review_status": "unreviewed" }, "recommended_task": "Field inspection: check irrigation, pruning, stress.", "confidence_score": 0.85, "status": "open", "alert_id": "ALERT-V1-00428" }, "geometry": { "type": "Point", "coordinates": [ 35.402192331162304, 32.912951015281784 ] } },
{ "type": "Feature", "properties": { "alert_type": "low_vigor_tree", "severity": "medium", "grove_code": "EIN_ATEYYE", "tree_code_optional": "KOG-EIN_ATEYYE-0161", "related_rule": "Ba'al rainfed discipline", "evidence": { "final_ndvi_mean": 0.2729143798351288, "health_index": 24.6, "confidence_score": 0.85, "shadow_fraction": 0.0, "crown_area_m2": 14.0, "review_status": "unreviewed" }, "recommended_task": "Field inspection: check irrigation, pruning, stress.", "confidence_score": 0.85, "status": "open", "alert_id": "ALERT-V1-00429" }, "geometry": { "type": "Point", "coordinates": [ 35.402725983214253, 32.912695928920861 ] } },
{ "type": "Feature", "properties": { "alert_type": "low_vigor_tree", "severity": "medium", "grove_code": "EIN_ATEYYE", "tree_code_optional": "KOG-EIN_ATEYYE-0162", "related_rule": "Ba'al rainfed discipline", "evidence": { "final_ndvi_mean": 0.28515228629112244, "health_index": 31.0, "confidence_score": 0.85, "shadow_fraction": 0.0, "crown_area_m2": 13.0, "review_status": "unreviewed" }, "recommended_task": "Field inspection: check irrigation, pruning, stress.", "confidence_score": 0.85, "status": "open", "alert_id": "ALERT-V1-00430" }, "geometry": { "type": "Point", "coordinates": [ 35.401839291957174, 32.912570287554161 ] } },
{ "type": "Feature", "properties": { "alert_type": "low_vigor_tree", "severity": "medium", "grove_code": "EIN_ATEYYE", "tree_code_optional": "KOG-EIN_ATEYYE-0163", "related_rule": "Ba'al rainfed discipline", "evidence": { "final_ndvi_mean": 0.2764447331428528, "health_index": 29.3, "confidence_score": 0.85, "shadow_fraction": 0.0, "crown_area_m2": 15.0, "review_status": "unreviewed" }, "recommended_task": "Field inspection: check irrigation, pruning, stress.", "confidence_score": 0.85, "status": "open", "alert_id": "ALERT-V1-00431" }, "geometry": { "type": "Point", "coordinates": [ 35.402781938824027, 32.912416123721634 ] } },
{ "type": "Feature", "properties": { "alert_type": "low_vigor_tree", "severity": "medium", "grove_code": "EIN_ATEYYE", "tree_code_optional": "KOG-EIN_ATEYYE-0164", "related_rule": "Ba'al rainfed discipline", "evidence": { "final_ndvi_mean": 0.30151331424713135, "health_index": 30.3, "confidence_score": 0.85, "shadow_fraction": 0.0, "crown_area_m2": 16.25, "review_status": "unreviewed" }, "recommended_task": "Field inspection: check irrigation, pruning, stress.", "confidence_score": 0.85, "status": "open", "alert_id": "ALERT-V1-00432" }, "geometry": { "type": "Point", "coordinates": [ 35.40212776176503, 32.911810779470791 ] } },
{ "type": "Feature", "properties": { "alert_type": "low_vigor_tree", "severity": "medium", "grove_code": "EIN_ATEYYE", "tree_code_optional": "KOG-EIN_ATEYYE-0165", "related_rule": "Ba'al rainfed discipline", "evidence": { "final_ndvi_mean": 0.2856925129890442, "health_index": 27.1, "confidence_score": 0.85, "shadow_fraction": 0.0, "crown_area_m2": 7.0, "review_status": "unreviewed" }, "recommended_task": "Field inspection: check irrigation, pruning, stress.", "confidence_score": 0.85, "status": "open", "alert_id": "ALERT-V1-00433" }, "geometry": { "type": "Point", "coordinates": [ 35.402355898506485, 32.911639011905983 ] } },
{ "type": "Feature", "properties": { "alert_type": "low_vigor_tree", "severity": "medium", "grove_code": "EIN_ATEYYE", "tree_code_optional": "KOG-EIN_ATEYYE-0167", "related_rule": "Ba'al rainfed discipline", "evidence": { "final_ndvi_mean": 0.263674795627594, "health_index": 26.7, "confidence_score": 0.85, "shadow_fraction": 0.0, "crown_area_m2": 7.75, "review_status": "unreviewed" }, "recommended_task": "Field inspection: check irrigation, pruning, stress.", "confidence_score": 0.85, "status": "open", "alert_id": "ALERT-V1-00434" }, "geometry": { "type": "Point", "coordinates": [ 35.402840719410378, 32.912502474965549 ] } },
{ "type": "Feature", "properties": { "alert_type": "low_vigor_tree", "severity": "medium", "grove_code": "EIN_ATEYYE", "tree_code_optional": "KOG-EIN_ATEYYE-0168", "related_rule": "Ba'al rainfed discipline", "evidence": { "final_ndvi_mean": 0.29095056653022766, "health_index": 28.2, "confidence_score": 0.85, "shadow_fraction": 0.0, "crown_area_m2": 10.5, "review_status": "unreviewed" }, "recommended_task": "Field inspection: check irrigation, pruning, stress.", "confidence_score": 0.85, "status": "open", "alert_id": "ALERT-V1-00435" }, "geometry": { "type": "Point", "coordinates": [ 35.401973478052682, 32.911950320432496 ] } },
{ "type": "Feature", "properties": { "alert_type": "low_vigor_tree", "severity": "medium", "grove_code": "EIN_ATEYYE", "tree_code_optional": "KOG-EIN_ATEYYE-0169", "related_rule": "Ba'al rainfed discipline", "evidence": { "final_ndvi_mean": 0.26606857776641846, "health_index": 23.2, "confidence_score": 0.85, "shadow_fraction": 0.0, "crown_area_m2": 8.5, "review_status": "unreviewed" }, "recommended_task": "Field inspection: check irrigation, pruning, stress.", "confidence_score": 0.85, "status": "open", "alert_id": "ALERT-V1-00436" }, "geometry": { "type": "Point", "coordinates": [ 35.402168551360333, 32.911926666427057 ] } },
{ "type": "Feature", "properties": { "alert_type": "low_vigor_tree", "severity": "medium", "grove_code": "EIN_ATEYYE", "tree_code_optional": "KOG-EIN_ATEYYE-0170", "related_rule": "Ba'al rainfed discipline", "evidence": { "final_ndvi_mean": 0.2669709622859955, "health_index": 23.4, "confidence_score": 0.85, "shadow_fraction": 0.0, "crown_area_m2": 7.25, "review_status": "unreviewed" }, "recommended_task": "Field inspection: check irrigation, pruning, stress.", "confidence_score": 0.85, "status": "open", "alert_id": "ALERT-V1-00437" }, "geometry": { "type": "Point", "coordinates": [ 35.402519581433204, 32.911631616874587 ] } },
{ "type": "Feature", "properties": { "alert_type": "low_vigor_tree", "severity": "medium", "grove_code": "EIN_ATEYYE", "tree_code_optional": "KOG-EIN_ATEYYE-0171", "related_rule": "Ba'al rainfed discipline", "evidence": { "final_ndvi_mean": 0.26615938544273376, "health_index": 23.2, "confidence_score": 0.85, "shadow_fraction": 0.0, "crown_area_m2": 7.0, "review_status": "unreviewed" }, "recommended_task": "Field inspection: check irrigation, pruning, stress.", "confidence_score": 0.85, "status": "open", "alert_id": "ALERT-V1-00438" }, "geometry": { "type": "Point", "coordinates": [ 35.40299079938373, 32.912167675440472 ] } },
{ "type": "Feature", "properties": { "alert_type": "low_vigor_tree", "severity": "medium", "grove_code": "EIN_ATEYYE", "tree_code_optional": "KOG-EIN_ATEYYE-0172", "related_rule": "Ba'al rainfed discipline", "evidence": { "final_ndvi_mean": 0.2646386921405792, "health_index": 26.9, "confidence_score": 0.85, "shadow_fraction": 0.0, "crown_area_m2": 5.75, "review_status": "unreviewed" }, "recommended_task": "Field inspection: check irrigation, pruning, stress.", "confidence_score": 0.85, "status": "open", "alert_id": "ALERT-V1-00439" }, "geometry": { "type": "Point", "coordinates": [ 35.402994303247965, 32.911937752633214 ] } },
{ "type": "Feature", "properties": { "alert_type": "low_vigor_tree", "severity": "medium", "grove_code": "EIN_ATEYYE", "tree_code_optional": "KOG-EIN_ATEYYE-0173", "related_rule": "Ba'al rainfed discipline", "evidence": { "final_ndvi_mean": 0.2654282748699188, "health_index": 27.1, "confidence_score": 0.85, "shadow_fraction": 0.0, "crown_area_m2": 5.75, "review_status": "unreviewed" }, "recommended_task": "Field inspection: check irrigation, pruning, stress.", "confidence_score": 0.85, "status": "open", "alert_id": "ALERT-V1-00440" }, "geometry": { "type": "Point", "coordinates": [ 35.402815064012799, 32.911634613894364 ] } },
{ "type": "Feature", "properties": { "alert_type": "low_vigor_tree", "severity": "medium", "grove_code": "EIN_ATEYYE", "tree_code_optional": "KOG-EIN_ATEYYE-0174", "related_rule": "Ba'al rainfed discipline", "evidence": { "final_ndvi_mean": 0.2573501169681549, "health_index": 21.5, "confidence_score": 0.85, "shadow_fraction": 0.0, "crown_area_m2": 5.0, "review_status": "unreviewed" }, "recommended_task": "Field inspection: check irrigation, pruning, stress.", "confidence_score": 0.85, "status": "open", "alert_id": "ALERT-V1-00441" }, "geometry": { "type": "Point", "coordinates": [ 35.402306871318835, 32.912763405348819 ] } },
{ "type": "Feature", "properties": { "alert_type": "low_vigor_tree", "severity": "medium", "grove_code": "EIN_ATEYYE", "tree_code_optional": "KOG-EIN_ATEYYE-0175", "related_rule": "Ba'al rainfed discipline", "evidence": { "final_ndvi_mean": 0.2778598368167877, "health_index": 29.6, "confidence_score": 0.85, "shadow_fraction": 0.0, "crown_area_m2": 3.5, "review_status": "unreviewed" }, "recommended_task": "Field inspection: check irrigation, pruning, stress.", "confidence_score": 0.85, "status": "open", "alert_id": "ALERT-V1-00442" }, "geometry": { "type": "Point", "coordinates": [ 35.402816667025618, 32.911552055776042 ] } },
{ "type": "Feature", "properties": { "alert_type": "low_vigor_tree", "severity": "medium", "grove_code": "EIN_ATEYYE", "tree_code_optional": "KOG-EIN_ATEYYE-0176", "related_rule": "Ba'al rainfed discipline", "evidence": { "final_ndvi_mean": 0.2840461730957031, "health_index": 26.8, "confidence_score": 0.85, "shadow_fraction": 0.0, "crown_area_m2": 3.0, "review_status": "unreviewed" }, "recommended_task": "Field inspection: check irrigation, pruning, stress.", "confidence_score": 0.85, "status": "open", "alert_id": "ALERT-V1-00443" }, "geometry": { "type": "Point", "coordinates": [ 35.40284590793064, 32.911546233372626 ] } },
{ "type": "Feature", "properties": { "alert_type": "low_vigor_tree", "severity": "medium", "grove_code": "EIN_ATEYYE", "tree_code_optional": "KOG-EIN_ATEYYE-0178", "related_rule": "Ba'al rainfed discipline", "evidence": { "final_ndvi_mean": 0.2632424533367157, "health_index": 22.6, "confidence_score": 0.85, "shadow_fraction": 0.0, "crown_area_m2": 2.75, "review_status": "unreviewed" }, "recommended_task": "Field inspection: check irrigation, pruning, stress.", "confidence_score": 0.85, "status": "open", "alert_id": "ALERT-V1-00444" }, "geometry": { "type": "Point", "coordinates": [ 35.402058073841417, 32.9118642111521 ] } },
{ "type": "Feature", "properties": { "alert_type": "low_vigor_tree", "severity": "medium", "grove_code": "THOELIEB", "tree_code_optional": "KOG-THOELIEB-0005", "related_rule": "Ba'al rainfed discipline", "evidence": { "final_ndvi_mean": 0.3277880847454071, "health_index": 35.6, "confidence_score": 0.85, "shadow_fraction": 0.0, "crown_area_m2": 227.0, "review_status": "unreviewed" }, "recommended_task": "Field inspection: check irrigation, pruning, stress.", "confidence_score": 0.85, "status": "open", "alert_id": "ALERT-V1-00445" }, "geometry": { "type": "Point", "coordinates": [ 35.401793501315083, 32.919709571505798 ] } },
{ "type": "Feature", "properties": { "alert_type": "low_vigor_tree", "severity": "medium", "grove_code": "THOELIEB", "tree_code_optional": "KOG-THOELIEB-0006", "related_rule": "Ba'al rainfed discipline", "evidence": { "final_ndvi_mean": 0.3184175193309784, "health_index": 37.7, "confidence_score": 0.85, "shadow_fraction": 0.0, "crown_area_m2": 119.25, "review_status": "unreviewed" }, "recommended_task": "Field inspection: check irrigation, pruning, stress.", "confidence_score": 0.85, "status": "open", "alert_id": "ALERT-V1-00446" }, "geometry": { "type": "Point", "coordinates": [ 35.400626460656461, 32.919474511886953 ] } },
{ "type": "Feature", "properties": { "alert_type": "low_vigor_tree", "severity": "medium", "grove_code": "THOELIEB", "tree_code_optional": "KOG-THOELIEB-0009", "related_rule": "Ba'al rainfed discipline", "evidence": { "final_ndvi_mean": 0.3209596574306488, "health_index": 34.2, "confidence_score": 0.85, "shadow_fraction": 0.0, "crown_area_m2": 114.0, "review_status": "unreviewed" }, "recommended_task": "Field inspection: check irrigation, pruning, stress.", "confidence_score": 0.85, "status": "open", "alert_id": "ALERT-V1-00447" }, "geometry": { "type": "Point", "coordinates": [ 35.40039120336597, 32.919851998733961 ] } },
{ "type": "Feature", "properties": { "alert_type": "low_vigor_tree", "severity": "medium", "grove_code": "THOELIEB", "tree_code_optional": "KOG-THOELIEB-0010", "related_rule": "Ba'al rainfed discipline", "evidence": { "final_ndvi_mean": 0.34200340509414673, "health_index": 42.4, "confidence_score": 0.85, "shadow_fraction": 0.0, "crown_area_m2": 77.5, "review_status": "unreviewed" }, "recommended_task": "Field inspection: check irrigation, pruning, stress.", "confidence_score": 0.85, "status": "open", "alert_id": "ALERT-V1-00448" }, "geometry": { "type": "Point", "coordinates": [ 35.40146706704018, 32.919907715270703 ] } },
{ "type": "Feature", "properties": { "alert_type": "low_vigor_tree", "severity": "medium", "grove_code": "THOELIEB", "tree_code_optional": "KOG-THOELIEB-0011", "related_rule": "Ba'al rainfed discipline", "evidence": { "final_ndvi_mean": 0.35086295008659363, "health_index": 44.2, "confidence_score": 0.85, "shadow_fraction": 0.0, "crown_area_m2": 82.5, "review_status": "unreviewed" }, "recommended_task": "Field inspection: check irrigation, pruning, stress.", "confidence_score": 0.85, "status": "open", "alert_id": "ALERT-V1-00449" }, "geometry": { "type": "Point", "coordinates": [ 35.401664050988849, 32.919758338583819 ] } },
{ "type": "Feature", "properties": { "alert_type": "low_vigor_tree", "severity": "medium", "grove_code": "THOELIEB", "tree_code_optional": "KOG-THOELIEB-0012", "related_rule": "Ba'al rainfed discipline", "evidence": { "final_ndvi_mean": 0.34606775641441345, "health_index": 39.2, "confidence_score": 0.85, "shadow_fraction": 0.0, "crown_area_m2": 88.75, "review_status": "unreviewed" }, "recommended_task": "Field inspection: check irrigation, pruning, stress.", "confidence_score": 0.85, "status": "open", "alert_id": "ALERT-V1-00450" }, "geometry": { "type": "Point", "coordinates": [ 35.40057810729467, 32.920133353604975 ] } },
{ "type": "Feature", "properties": { "alert_type": "low_vigor_tree", "severity": "medium", "grove_code": "THOELIEB", "tree_code_optional": "KOG-THOELIEB-0013", "related_rule": "Ba'al rainfed discipline", "evidence": { "final_ndvi_mean": 0.33124881982803345, "health_index": 40.2, "confidence_score": 0.85, "shadow_fraction": 0.0, "crown_area_m2": 70.25, "review_status": "unreviewed" }, "recommended_task": "Field inspection: check irrigation, pruning, stress.", "confidence_score": 0.85, "status": "open", "alert_id": "ALERT-V1-00451" }, "geometry": { "type": "Point", "coordinates": [ 35.401651514631482, 32.919632654351631 ] } },
{ "type": "Feature", "properties": { "alert_type": "low_vigor_tree", "severity": "medium", "grove_code": "THOELIEB", "tree_code_optional": "KOG-THOELIEB-0015", "related_rule": "Ba'al rainfed discipline", "evidence": { "final_ndvi_mean": 0.3317229151725769, "health_index": 40.3, "confidence_score": 0.85, "shadow_fraction": 0.0, "crown_area_m2": 78.75, "review_status": "unreviewed" }, "recommended_task": "Field inspection: check irrigation, pruning, stress.", "confidence_score": 0.85, "status": "open", "alert_id": "ALERT-V1-00452" }, "geometry": { "type": "Point", "coordinates": [ 35.401640140861225, 32.919494210940279 ] } },
{ "type": "Feature", "properties": { "alert_type": "low_vigor_tree", "severity": "medium", "grove_code": "THOELIEB", "tree_code_optional": "KOG-THOELIEB-0016", "related_rule": "Ba'al rainfed discipline", "evidence": { "final_ndvi_mean": 0.34237655997276306, "health_index": 38.5, "confidence_score": 0.85, "shadow_fraction": 0.0, "crown_area_m2": 76.75, "review_status": "unreviewed" }, "recommended_task": "Field inspection: check irrigation, pruning, stress.", "confidence_score": 0.85, "status": "open", "alert_id": "ALERT-V1-00453" }, "geometry": { "type": "Point", "coordinates": [ 35.401741486810323, 32.919580147744114 ] } },
{ "type": "Feature", "properties": { "alert_type": "low_vigor_tree", "severity": "medium", "grove_code": "THOELIEB", "tree_code_optional": "KOG-THOELIEB-0017", "related_rule": "Ba'al rainfed discipline", "evidence": { "final_ndvi_mean": 0.3285336196422577, "health_index": 39.7, "confidence_score": 0.85, "shadow_fraction": 0.0, "crown_area_m2": 66.75, "review_status": "unreviewed" }, "recommended_task": "Field inspection: check irrigation, pruning, stress.", "confidence_score": 0.85, "status": "open", "alert_id": "ALERT-V1-00454" }, "geometry": { "type": "Point", "coordinates": [ 35.400726042926038, 32.91959915997392 ] } },
{ "type": "Feature", "properties": { "alert_type": "low_vigor_tree", "severity": "medium", "grove_code": "THOELIEB", "tree_code_optional": "KOG-THOELIEB-0021", "related_rule": "Ba'al rainfed discipline", "evidence": { "final_ndvi_mean": 0.35082510113716125, "health_index": 44.2, "confidence_score": 0.85, "shadow_fraction": 0.0, "crown_area_m2": 78.0, "review_status": "unreviewed" }, "recommended_task": "Field inspection: check irrigation, pruning, stress.", "confidence_score": 0.85, "status": "open", "alert_id": "ALERT-V1-00455" }, "geometry": { "type": "Point", "coordinates": [ 35.400895522923669, 32.919773427846891 ] } },
{ "type": "Feature", "properties": { "alert_type": "low_vigor_tree", "severity": "medium", "grove_code": "THOELIEB", "tree_code_optional": "KOG-THOELIEB-0022", "related_rule": "Ba'al rainfed discipline", "evidence": { "final_ndvi_mean": 0.3102344572544098, "health_index": 36.0, "confidence_score": 0.85, "shadow_fraction": 0.0, "crown_area_m2": 63.75, "review_status": "unreviewed" }, "recommended_task": "Field inspection: check irrigation, pruning, stress.", "confidence_score": 0.85, "status": "open", "alert_id": "ALERT-V1-00456" }, "geometry": { "type": "Point", "coordinates": [ 35.400823581119639, 32.919586959320192 ] } },
{ "type": "Feature", "properties": { "alert_type": "low_vigor_tree", "severity": "medium", "grove_code": "THOELIEB", "tree_code_optional": "KOG-THOELIEB-0023", "related_rule": "Ba'al rainfed discipline", "evidence": { "final_ndvi_mean": 0.3243028521537781, "health_index": 34.9, "confidence_score": 0.85, "shadow_fraction": 0.0, "crown_area_m2": 62.5, "review_status": "unreviewed" }, "recommended_task": "Field inspection: check irrigation, pruning, stress.", "confidence_score": 0.85, "status": "open", "alert_id": "ALERT-V1-00457" }, "geometry": { "type": "Point", "coordinates": [ 35.400567085696601, 32.919421789467549 ] } },
{ "type": "Feature", "properties": { "alert_type": "low_vigor_tree", "severity": "medium", "grove_code": "THOELIEB", "tree_code_optional": "KOG-THOELIEB-0024", "related_rule": "Ba'al rainfed discipline", "evidence": { "final_ndvi_mean": 0.33377978205680847, "health_index": 40.8, "confidence_score": 0.85, "shadow_fraction": 0.0, "crown_area_m2": 60.75, "review_status": "unreviewed" }, "recommended_task": "Field inspection: check irrigation, pruning, stress.", "confidence_score": 0.85, "status": "open", "alert_id": "ALERT-V1-00458" }, "geometry": { "type": "Point", "coordinates": [ 35.400736818136096, 32.919888838881469 ] } },
{ "type": "Feature", "properties": { "alert_type": "low_vigor_tree", "severity": "medium", "grove_code": "THOELIEB", "tree_code_optional": "KOG-THOELIEB-0025", "related_rule": "Ba'al rainfed discipline", "evidence": { "final_ndvi_mean": 0.2947925329208374, "health_index": 33.0, "confidence_score": 0.85, "shadow_fraction": 0.0, "crown_area_m2": 54.5, "review_status": "unreviewed" }, "recommended_task": "Field inspection: check irrigation, pruning, stress.", "confidence_score": 0.85, "status": "open", "alert_id": "ALERT-V1-00459" }, "geometry": { "type": "Point", "coordinates": [ 35.401580452375924, 32.919716916094586 ] } },
{ "type": "Feature", "properties": { "alert_type": "low_vigor_tree", "severity": "medium", "grove_code": "THOELIEB", "tree_code_optional": "KOG-THOELIEB-0026", "related_rule": "Ba'al rainfed discipline", "evidence": { "final_ndvi_mean": 0.3194909393787384, "health_index": 37.9, "confidence_score": 0.85, "shadow_fraction": 0.0, "crown_area_m2": 58.5, "review_status": "unreviewed" }, "recommended_task": "Field inspection: check irrigation, pruning, stress.", "confidence_score": 0.85, "status": "open", "alert_id": "ALERT-V1-00460" }, "geometry": { "type": "Point", "coordinates": [ 35.399896387156183, 32.920934105160242 ] } },
{ "type": "Feature", "properties": { "alert_type": "low_vigor_tree", "severity": "medium", "grove_code": "THOELIEB", "tree_code_optional": "KOG-THOELIEB-0027", "related_rule": "Ba'al rainfed discipline", "evidence": { "final_ndvi_mean": 0.33629104495048523, "health_index": 41.3, "confidence_score": 0.85, "shadow_fraction": 0.0, "crown_area_m2": 67.0, "review_status": "unreviewed" }, "recommended_task": "Field inspection: check irrigation, pruning, stress.", "confidence_score": 0.85, "status": "open", "alert_id": "ALERT-V1-00461" }, "geometry": { "type": "Point", "coordinates": [ 35.400744350705772, 32.920012306765507 ] } },
{ "type": "Feature", "properties": { "alert_type": "low_vigor_tree", "severity": "medium", "grove_code": "THOELIEB", "tree_code_optional": "KOG-THOELIEB-0028", "related_rule": "Ba'al rainfed discipline", "evidence": { "final_ndvi_mean": 0.3425354063510895, "health_index": 42.5, "confidence_score": 0.85, "shadow_fraction": 0.0, "crown_area_m2": 54.0, "review_status": "unreviewed" }, "recommended_task": "Field inspection: check irrigation, pruning, stress.", "confidence_score": 0.85, "status": "open", "alert_id": "ALERT-V1-00462" }, "geometry": { "type": "Point", "coordinates": [ 35.401487709737879, 32.919970291043448 ] } },
{ "type": "Feature", "properties": { "alert_type": "low_vigor_tree", "severity": "medium", "grove_code": "THOELIEB", "tree_code_optional": "KOG-THOELIEB-0029", "related_rule": "Ba'al rainfed discipline", "evidence": { "final_ndvi_mean": 0.3309362530708313, "health_index": 36.2, "confidence_score": 0.85, "shadow_fraction": 0.0, "crown_area_m2": 67.0, "review_status": "unreviewed" }, "recommended_task": "Field inspection: check irrigation, pruning, stress.", "confidence_score": 0.85, "status": "open", "alert_id": "ALERT-V1-00463" }, "geometry": { "type": "Point", "coordinates": [ 35.401060192691453, 32.919935141897049 ] } },
{ "type": "Feature", "properties": { "alert_type": "low_vigor_tree", "severity": "medium", "grove_code": "THOELIEB", "tree_code_optional": "KOG-THOELIEB-0030", "related_rule": "Ba'al rainfed discipline", "evidence": { "final_ndvi_mean": 0.3448025584220886, "health_index": 43.0, "confidence_score": 0.85, "shadow_fraction": 0.0, "crown_area_m2": 49.5, "review_status": "unreviewed" }, "recommended_task": "Field inspection: check irrigation, pruning, stress.", "confidence_score": 0.85, "status": "open", "alert_id": "ALERT-V1-00464" }, "geometry": { "type": "Point", "coordinates": [ 35.402057624358633, 32.919763108813591 ] } },
{ "type": "Feature", "properties": { "alert_type": "low_vigor_tree", "severity": "medium", "grove_code": "THOELIEB", "tree_code_optional": "KOG-THOELIEB-0031", "related_rule": "Ba'al rainfed discipline", "evidence": { "final_ndvi_mean": 0.3342834711074829, "health_index": 36.9, "confidence_score": 0.85, "shadow_fraction": 0.0, "crown_area_m2": 98.5, "review_status": "unreviewed" }, "recommended_task": "Field inspection: check irrigation, pruning, stress.", "confidence_score": 0.85, "status": "open", "alert_id": "ALERT-V1-00465" }, "geometry": { "type": "Point", "coordinates": [ 35.401030921324242, 32.919693794057054 ] } },
{ "type": "Feature", "properties": { "alert_type": "low_vigor_tree", "severity": "medium", "grove_code": "THOELIEB", "tree_code_optional": "KOG-THOELIEB-0032", "related_rule": "Ba'al rainfed discipline", "evidence": { "final_ndvi_mean": 0.32616832852363586, "health_index": 35.2, "confidence_score": 0.85, "shadow_fraction": 0.0, "crown_area_m2": 69.0, "review_status": "unreviewed" }, "recommended_task": "Field inspection: check irrigation, pruning, stress.", "confidence_score": 0.85, "status": "open", "alert_id": "ALERT-V1-00466" }, "geometry": { "type": "Point", "coordinates": [ 35.401311365176831, 32.919619336300876 ] } },
{ "type": "Feature", "properties": { "alert_type": "low_vigor_tree", "severity": "medium", "grove_code": "THOELIEB", "tree_code_optional": "KOG-THOELIEB-0033", "related_rule": "Ba'al rainfed discipline", "evidence": { "final_ndvi_mean": 0.3404827415943146, "health_index": 38.1, "confidence_score": 0.85, "shadow_fraction": 0.0, "crown_area_m2": 55.0, "review_status": "unreviewed" }, "recommended_task": "Field inspection: check irrigation, pruning, stress.", "confidence_score": 0.85, "status": "open", "alert_id": "ALERT-V1-00467" }, "geometry": { "type": "Point", "coordinates": [ 35.401378439478854, 32.919577582326205 ] } },
{ "type": "Feature", "properties": { "alert_type": "low_vigor_tree", "severity": "medium", "grove_code": "THOELIEB", "tree_code_optional": "KOG-THOELIEB-0034", "related_rule": "Ba'al rainfed discipline", "evidence": { "final_ndvi_mean": 0.3355313241481781, "health_index": 41.1, "confidence_score": 0.85, "shadow_fraction": 0.0, "crown_area_m2": 55.25, "review_status": "unreviewed" }, "recommended_task": "Field inspection: check irrigation, pruning, stress.", "confidence_score": 0.85, "status": "open", "alert_id": "ALERT-V1-00468" }, "geometry": { "type": "Point", "coordinates": [ 35.400572338476316, 32.919994751528073 ] } },
{ "type": "Feature", "properties": { "alert_type": "low_vigor_tree", "severity": "medium", "grove_code": "THOELIEB", "tree_code_optional": "KOG-THOELIEB-0035", "related_rule": "Ba'al rainfed discipline", "evidence": { "final_ndvi_mean": 0.32641273736953735, "health_index": 35.3, "confidence_score": 0.85, "shadow_fraction": 0.0, "crown_area_m2": 70.0, "review_status": "unreviewed" }, "recommended_task": "Field inspection: check irrigation, pruning, stress.", "confidence_score": 0.85, "status": "open", "alert_id": "ALERT-V1-00469" }, "geometry": { "type": "Point", "coordinates": [ 35.401516039731227, 32.919607406576695 ] } },
{ "type": "Feature", "properties": { "alert_type": "low_vigor_tree", "severity": "medium", "grove_code": "THOELIEB", "tree_code_optional": "KOG-THOELIEB-0036", "related_rule": "Ba'al rainfed discipline", "evidence": { "final_ndvi_mean": 0.3516659438610077, "health_index": 44.3, "confidence_score": 0.85, "shadow_fraction": 0.0, "crown_area_m2": 77.0, "review_status": "unreviewed" }, "recommended_task": "Field inspection: check irrigation, pruning, stress.", "confidence_score": 0.85, "status": "open", "alert_id": "ALERT-V1-00470" }, "geometry": { "type": "Point", "coordinates": [ 35.401371897669286, 32.919456883071092 ] } },
{ "type": "Feature", "properties": { "alert_type": "low_vigor_tree", "severity": "medium", "grove_code": "THOELIEB", "tree_code_optional": "KOG-THOELIEB-0037", "related_rule": "Ba'al rainfed discipline", "evidence": { "final_ndvi_mean": 0.33887872099876404, "health_index": 41.8, "confidence_score": 0.85, "shadow_fraction": 0.0, "crown_area_m2": 53.25, "review_status": "unreviewed" }, "recommended_task": "Field inspection: check irrigation, pruning, stress.", "confidence_score": 0.85, "status": "open", "alert_id": "ALERT-V1-00471" }, "geometry": { "type": "Point", "coordinates": [ 35.401124441342311, 32.920112816478245 ] } },
{ "type": "Feature", "properties": { "alert_type": "low_vigor_tree", "severity": "medium", "grove_code": "THOELIEB", "tree_code_optional": "KOG-THOELIEB-0038", "related_rule": "Ba'al rainfed discipline", "evidence": { "final_ndvi_mean": 0.3456324636936188, "health_index": 39.1, "confidence_score": 0.85, "shadow_fraction": 0.0, "crown_area_m2": 74.5, "review_status": "unreviewed" }, "recommended_task": "Field inspection: check irrigation, pruning, stress.", "confidence_score": 0.85, "status": "open", "alert_id": "ALERT-V1-00472" }, "geometry": { "type": "Point", "coordinates": [ 35.401648174317252, 32.919880345837754 ] } },
{ "type": "Feature", "properties": { "alert_type": "low_vigor_tree", "severity": "medium", "grove_code": "THOELIEB", "tree_code_optional": "KOG-THOELIEB-0039", "related_rule": "Ba'al rainfed discipline", "evidence": { "final_ndvi_mean": 0.29916128516197205, "health_index": 29.8, "confidence_score": 0.85, "shadow_fraction": 0.0, "crown_area_m2": 70.0, "review_status": "unreviewed" }, "recommended_task": "Field inspection: check irrigation, pruning, stress.", "confidence_score": 0.85, "status": "open", "alert_id": "ALERT-V1-00473" }, "geometry": { "type": "Point", "coordinates": [ 35.401906633259721, 32.91982990106667 ] } },
{ "type": "Feature", "properties": { "alert_type": "low_vigor_tree", "severity": "medium", "grove_code": "THOELIEB", "tree_code_optional": "KOG-THOELIEB-0040", "related_rule": "Ba'al rainfed discipline", "evidence": { "final_ndvi_mean": 0.3239257335662842, "health_index": 34.8, "confidence_score": 0.85, "shadow_fraction": 0.0, "crown_area_m2": 63.25, "review_status": "unreviewed" }, "recommended_task": "Field inspection: check irrigation, pruning, stress.", "confidence_score": 0.85, "status": "open", "alert_id": "ALERT-V1-00474" }, "geometry": { "type": "Point", "coordinates": [ 35.401808851137332, 32.919522225994122 ] } },
{ "type": "Feature", "properties": { "alert_type": "low_vigor_tree", "severity": "medium", "grove_code": "THOELIEB", "tree_code_optional": "KOG-THOELIEB-0041", "related_rule": "Ba'al rainfed discipline", "evidence": { "final_ndvi_mean": 0.2953453063964844, "health_index": 33.1, "confidence_score": 0.85, "shadow_fraction": 0.0, "crown_area_m2": 60.0, "review_status": "unreviewed" }, "recommended_task": "Field inspection: check irrigation, pruning, stress.", "confidence_score": 0.85, "status": "open", "alert_id": "ALERT-V1-00475" }, "geometry": { "type": "Point", "coordinates": [ 35.400930015029289, 32.919522006502149 ] } },
{ "type": "Feature", "properties": { "alert_type": "low_vigor_tree", "severity": "medium", "grove_code": "THOELIEB", "tree_code_optional": "KOG-THOELIEB-0042", "related_rule": "Ba'al rainfed discipline", "evidence": { "final_ndvi_mean": 0.30857574939727783, "health_index": 31.7, "confidence_score": 0.85, "shadow_fraction": 0.0, "crown_area_m2": 76.75, "review_status": "unreviewed" }, "recommended_task": "Field inspection: check irrigation, pruning, stress.", "confidence_score": 0.85, "status": "open", "alert_id": "ALERT-V1-00476" }, "geometry": { "type": "Point", "coordinates": [ 35.401282216380181, 32.92039083422619 ] } },
{ "type": "Feature", "properties": { "alert_type": "low_vigor_tree", "severity": "medium", "grove_code": "THOELIEB", "tree_code_optional": "KOG-THOELIEB-0043", "related_rule": "Ba'al rainfed discipline", "evidence": { "final_ndvi_mean": 0.312284916639328, "health_index": 32.5, "confidence_score": 0.85, "shadow_fraction": 0.0, "crown_area_m2": 65.0, "review_status": "unreviewed" }, "recommended_task": "Field inspection: check irrigation, pruning, stress.", "confidence_score": 0.85, "status": "open", "alert_id": "ALERT-V1-00477" }, "geometry": { "type": "Point", "coordinates": [ 35.400878895679263, 32.920183198941587 ] } },
{ "type": "Feature", "properties": { "alert_type": "low_vigor_tree", "severity": "medium", "grove_code": "THOELIEB", "tree_code_optional": "KOG-THOELIEB-0044", "related_rule": "Ba'al rainfed discipline", "evidence": { "final_ndvi_mean": 0.31037965416908264, "health_index": 36.1, "confidence_score": 0.85, "shadow_fraction": 0.0, "crown_area_m2": 37.5, "review_status": "unreviewed" }, "recommended_task": "Field inspection: check irrigation, pruning, stress.", "confidence_score": 0.85, "status": "open", "alert_id": "ALERT-V1-00478" }, "geometry": { "type": "Point", "coordinates": [ 35.401337459150376, 32.920090116854617 ] } },
{ "type": "Feature", "properties": { "alert_type": "low_vigor_tree", "severity": "medium", "grove_code": "THOELIEB", "tree_code_optional": "KOG-THOELIEB-0045", "related_rule": "Ba'al rainfed discipline", "evidence": { "final_ndvi_mean": 0.31604984402656555, "health_index": 37.2, "confidence_score": 0.85, "shadow_fraction": 0.0, "crown_area_m2": 48.0, "review_status": "unreviewed" }, "recommended_task": "Field inspection: check irrigation, pruning, stress.", "confidence_score": 0.85, "status": "open", "alert_id": "ALERT-V1-00479" }, "geometry": { "type": "Point", "coordinates": [ 35.400420199501475, 32.920070822530782 ] } },
{ "type": "Feature", "properties": { "alert_type": "low_vigor_tree", "severity": "medium", "grove_code": "THOELIEB", "tree_code_optional": "KOG-THOELIEB-0046", "related_rule": "Ba'al rainfed discipline", "evidence": { "final_ndvi_mean": 0.3218905031681061, "health_index": 34.4, "confidence_score": 0.85, "shadow_fraction": 0.0, "crown_area_m2": 61.25, "review_status": "unreviewed" }, "recommended_task": "Field inspection: check irrigation, pruning, stress.", "confidence_score": 0.85, "status": "open", "alert_id": "ALERT-V1-00480" }, "geometry": { "type": "Point", "coordinates": [ 35.401355646814309, 32.91996674159973 ] } },
{ "type": "Feature", "properties": { "alert_type": "low_vigor_tree", "severity": "medium", "grove_code": "THOELIEB", "tree_code_optional": "KOG-THOELIEB-0047", "related_rule": "Ba'al rainfed discipline", "evidence": { "final_ndvi_mean": 0.3329676389694214, "health_index": 40.6, "confidence_score": 0.85, "shadow_fraction": 0.0, "crown_area_m2": 61.0, "review_status": "unreviewed" }, "recommended_task": "Field inspection: check irrigation, pruning, stress.", "confidence_score": 0.85, "status": "open", "alert_id": "ALERT-V1-00481" }, "geometry": { "type": "Point", "coordinates": [ 35.400848052632774, 32.919943590862076 ] } },
{ "type": "Feature", "properties": { "alert_type": "low_vigor_tree", "severity": "medium", "grove_code": "THOELIEB", "tree_code_optional": "KOG-THOELIEB-0048", "related_rule": "Ba'al rainfed discipline", "evidence": { "final_ndvi_mean": 0.3280578851699829, "health_index": 35.6, "confidence_score": 0.85, "shadow_fraction": 0.0, "crown_area_m2": 55.0, "review_status": "unreviewed" }, "recommended_task": "Field inspection: check irrigation, pruning, stress.", "confidence_score": 0.85, "status": "open", "alert_id": "ALERT-V1-00482" }, "geometry": { "type": "Point", "coordinates": [ 35.400958018895835, 32.919939609838792 ] } },
{ "type": "Feature", "properties": { "alert_type": "low_vigor_tree", "severity": "medium", "grove_code": "THOELIEB", "tree_code_optional": "KOG-THOELIEB-0049", "related_rule": "Ba'al rainfed discipline", "evidence": { "final_ndvi_mean": 0.3196447193622589, "health_index": 33.9, "confidence_score": 0.85, "shadow_fraction": 0.0, "crown_area_m2": 60.25, "review_status": "unreviewed" }, "recommended_task": "Field inspection: check irrigation, pruning, stress.", "confidence_score": 0.85, "status": "open", "alert_id": "ALERT-V1-00483" }, "geometry": { "type": "Point", "coordinates": [ 35.401376775516276, 32.919695061068161 ] } },
{ "type": "Feature", "properties": { "alert_type": "low_vigor_tree", "severity": "medium", "grove_code": "THOELIEB", "tree_code_optional": "KOG-THOELIEB-0050", "related_rule": "Ba'al rainfed discipline", "evidence": { "final_ndvi_mean": 0.3317874073982239, "health_index": 36.4, "confidence_score": 0.85, "shadow_fraction": 0.0, "crown_area_m2": 50.25, "review_status": "unreviewed" }, "recommended_task": "Field inspection: check irrigation, pruning, stress.", "confidence_score": 0.85, "status": "open", "alert_id": "ALERT-V1-00484" }, "geometry": { "type": "Point", "coordinates": [ 35.400679849539998, 32.919658352689559 ] } },
{ "type": "Feature", "properties": { "alert_type": "low_vigor_tree", "severity": "medium", "grove_code": "THOELIEB", "tree_code_optional": "KOG-THOELIEB-0051", "related_rule": "Ba'al rainfed discipline", "evidence": { "final_ndvi_mean": 0.3135652542114258, "health_index": 32.7, "confidence_score": 0.85, "shadow_fraction": 0.0, "crown_area_m2": 59.75, "review_status": "unreviewed" }, "recommended_task": "Field inspection: check irrigation, pruning, stress.", "confidence_score": 0.85, "status": "open", "alert_id": "ALERT-V1-00485" }, "geometry": { "type": "Point", "coordinates": [ 35.399818698741967, 32.92100406952779 ] } },
{ "type": "Feature", "properties": { "alert_type": "low_vigor_tree", "severity": "medium", "grove_code": "THOELIEB", "tree_code_optional": "KOG-THOELIEB-0052", "related_rule": "Ba'al rainfed discipline", "evidence": { "final_ndvi_mean": 0.3267660140991211, "health_index": 39.4, "confidence_score": 0.85, "shadow_fraction": 0.0, "crown_area_m2": 53.75, "review_status": "unreviewed" }, "recommended_task": "Field inspection: check irrigation, pruning, stress.", "confidence_score": 0.85, "status": "open", "alert_id": "ALERT-V1-00486" }, "geometry": { "type": "Point", "coordinates": [ 35.399545434062887, 32.920840584637901 ] } },
{ "type": "Feature", "properties": { "alert_type": "low_vigor_tree", "severity": "medium", "grove_code": "THOELIEB", "tree_code_optional": "KOG-THOELIEB-0053", "related_rule": "Ba'al rainfed discipline", "evidence": { "final_ndvi_mean": 0.3185696601867676, "health_index": 33.7, "confidence_score": 0.85, "shadow_fraction": 0.0, "crown_area_m2": 56.0, "review_status": "unreviewed" }, "recommended_task": "Field inspection: check irrigation, pruning, stress.", "confidence_score": 0.85, "status": "open", "alert_id": "ALERT-V1-00487" }, "geometry": { "type": "Point", "coordinates": [ 35.401248751621296, 32.920284211243349 ] } },
{ "type": "Feature", "properties": { "alert_type": "low_vigor_tree", "severity": "medium", "grove_code": "THOELIEB", "tree_code_optional": "KOG-THOELIEB-0054", "related_rule": "Ba'al rainfed discipline", "evidence": { "final_ndvi_mean": 0.32905325293540955, "health_index": 39.8, "confidence_score": 0.85, "shadow_fraction": 0.0, "crown_area_m2": 60.5, "review_status": "unreviewed" }, "recommended_task": "Field inspection: check irrigation, pruning, stress.", "confidence_score": 0.85, "status": "open", "alert_id": "ALERT-V1-00488" }, "geometry": { "type": "Point", "coordinates": [ 35.401361162731675, 32.92015868722676 ] } },
{ "type": "Feature", "properties": { "alert_type": "low_vigor_tree", "severity": "medium", "grove_code": "THOELIEB", "tree_code_optional": "KOG-THOELIEB-0055", "related_rule": "Ba'al rainfed discipline", "evidence": { "final_ndvi_mean": 0.2902345359325409, "health_index": 32.0, "confidence_score": 0.85, "shadow_fraction": 0.0, "crown_area_m2": 41.0, "review_status": "unreviewed" }, "recommended_task": "Field inspection: check irrigation, pruning, stress.", "confidence_score": 0.85, "status": "open", "alert_id": "ALERT-V1-00489" }, "geometry": { "type": "Point", "coordinates": [ 35.401348408160814, 32.920041142251769 ] } },
{ "type": "Feature", "properties": { "alert_type": "low_vigor_tree", "severity": "medium", "grove_code": "THOELIEB", "tree_code_optional": "KOG-THOELIEB-0056", "related_rule": "Ba'al rainfed discipline", "evidence": { "final_ndvi_mean": 0.30768322944641113, "health_index": 35.5, "confidence_score": 0.85, "shadow_fraction": 0.0, "crown_area_m2": 57.0, "review_status": "unreviewed" }, "recommended_task": "Field inspection: check irrigation, pruning, stress.", "confidence_score": 0.85, "status": "open", "alert_id": "ALERT-V1-00490" }, "geometry": { "type": "Point", "coordinates": [ 35.40071773664544, 32.91975535406376 ] } },
{ "type": "Feature", "properties": { "alert_type": "low_vigor_tree", "severity": "medium", "grove_code": "THOELIEB", "tree_code_optional": "KOG-THOELIEB-0057", "related_rule": "Ba'al rainfed discipline", "evidence": { "final_ndvi_mean": 0.3059068024158478, "health_index": 35.2, "confidence_score": 0.85, "shadow_fraction": 0.0, "crown_area_m2": 51.25, "review_status": "unreviewed" }, "recommended_task": "Field inspection: check irrigation, pruning, stress.", "confidence_score": 0.85, "status": "open", "alert_id": "ALERT-V1-00491" }, "geometry": { "type": "Point", "coordinates": [ 35.399750520087046, 32.921062565913616 ] } },
{ "type": "Feature", "properties": { "alert_type": "low_vigor_tree", "severity": "medium", "grove_code": "THOELIEB", "tree_code_optional": "KOG-THOELIEB-0058", "related_rule": "Ba'al rainfed discipline", "evidence": { "final_ndvi_mean": 0.3128087818622589, "health_index": 32.6, "confidence_score": 0.85, "shadow_fraction": 0.0, "crown_area_m2": 58.75, "review_status": "unreviewed" }, "recommended_task": "Field inspection: check irrigation, pruning, stress.", "confidence_score": 0.85, "status": "open", "alert_id": "ALERT-V1-00492" }, "geometry": { "type": "Point", "coordinates": [ 35.401385385485177, 32.920598934963479 ] } },
{ "type": "Feature", "properties": { "alert_type": "low_vigor_tree", "severity": "medium", "grove_code": "THOELIEB", "tree_code_optional": "KOG-THOELIEB-0059", "related_rule": "Ba'al rainfed discipline", "evidence": { "final_ndvi_mean": 0.31031763553619385, "health_index": 32.1, "confidence_score": 0.85, "shadow_fraction": 0.0, "crown_area_m2": 47.75, "review_status": "unreviewed" }, "recommended_task": "Field inspection: check irrigation, pruning, stress.", "confidence_score": 0.85, "status": "open", "alert_id": "ALERT-V1-00493" }, "geometry": { "type": "Point", "coordinates": [ 35.400865434965318, 32.920099945955002 ] } },
{ "type": "Feature", "properties": { "alert_type": "low_vigor_tree", "severity": "medium", "grove_code": "THOELIEB", "tree_code_optional": "KOG-THOELIEB-0060", "related_rule": "Ba'al rainfed discipline", "evidence": { "final_ndvi_mean": 0.3221761882305145, "health_index": 38.4, "confidence_score": 0.85, "shadow_fraction": 0.0, "crown_area_m2": 48.0, "review_status": "unreviewed" }, "recommended_task": "Field inspection: check irrigation, pruning, stress.", "confidence_score": 0.85, "status": "open", "alert_id": "ALERT-V1-00494" }, "geometry": { "type": "Point", "coordinates": [ 35.401382517505908, 32.919825159618171 ] } },
{ "type": "Feature", "properties": { "alert_type": "low_vigor_tree", "severity": "medium", "grove_code": "THOELIEB", "tree_code_optional": "KOG-THOELIEB-0061", "related_rule": "Ba'al rainfed discipline", "evidence": { "final_ndvi_mean": 0.33007779717445374, "health_index": 40.0, "confidence_score": 0.85, "shadow_fraction": 0.0, "crown_area_m2": 38.75, "review_status": "unreviewed" }, "recommended_task": "Field inspection: check irrigation, pruning, stress.", "confidence_score": 0.85, "status": "open", "alert_id": "ALERT-V1-00495" }, "geometry": { "type": "Point", "coordinates": [ 35.401584015687938, 32.919655020877371 ] } },
{ "type": "Feature", "properties": { "alert_type": "low_vigor_tree", "severity": "medium", "grove_code": "THOELIEB", "tree_code_optional": "KOG-THOELIEB-0062", "related_rule": "Ba'al rainfed discipline", "evidence": { "final_ndvi_mean": 0.30429041385650635, "health_index": 30.9, "confidence_score": 0.85, "shadow_fraction": 0.0, "crown_area_m2": 64.0, "review_status": "unreviewed" }, "recommended_task": "Field inspection: check irrigation, pruning, stress.", "confidence_score": 0.85, "status": "open", "alert_id": "ALERT-V1-00496" }, "geometry": { "type": "Point", "coordinates": [ 35.401021678842113, 32.919584514867061 ] } },
{ "type": "Feature", "properties": { "alert_type": "low_vigor_tree", "severity": "medium", "grove_code": "THOELIEB", "tree_code_optional": "KOG-THOELIEB-0064", "related_rule": "Ba'al rainfed discipline", "evidence": { "final_ndvi_mean": 0.300720751285553, "health_index": 30.1, "confidence_score": 0.85, "shadow_fraction": 0.0, "crown_area_m2": 69.75, "review_status": "unreviewed" }, "recommended_task": "Field inspection: check irrigation, pruning, stress.", "confidence_score": 0.85, "status": "open", "alert_id": "ALERT-V1-00497" }, "geometry": { "type": "Point", "coordinates": [ 35.401001905898788, 32.920247624133694 ] } },
{ "type": "Feature", "properties": { "alert_type": "low_vigor_tree", "severity": "medium", "grove_code": "THOELIEB", "tree_code_optional": "KOG-THOELIEB-0065", "related_rule": "Ba'al rainfed discipline", "evidence": { "final_ndvi_mean": 0.31687942147254944, "health_index": 37.4, "confidence_score": 0.85, "shadow_fraction": 0.0, "crown_area_m2": 48.0, "review_status": "unreviewed" }, "recommended_task": "Field inspection: check irrigation, pruning, stress.", "confidence_score": 0.85, "status": "open", "alert_id": "ALERT-V1-00498" }, "geometry": { "type": "Point", "coordinates": [ 35.401165087687886, 32.92020698236292 ] } },
{ "type": "Feature", "properties": { "alert_type": "low_vigor_tree", "severity": "medium", "grove_code": "THOELIEB", "tree_code_optional": "KOG-THOELIEB-0066", "related_rule": "Ba'al rainfed discipline", "evidence": { "final_ndvi_mean": 0.32293200492858887, "health_index": 34.6, "confidence_score": 0.85, "shadow_fraction": 0.0, "crown_area_m2": 47.75, "review_status": "unreviewed" }, "recommended_task": "Field inspection: check irrigation, pruning, stress.", "confidence_score": 0.85, "status": "open", "alert_id": "ALERT-V1-00499" }, "geometry": { "type": "Point", "coordinates": [ 35.401608640932537, 32.919973275613899 ] } },
{ "type": "Feature", "properties": { "alert_type": "low_vigor_tree", "severity": "medium", "grove_code": "THOELIEB", "tree_code_optional": "KOG-THOELIEB-0067", "related_rule": "Ba'al rainfed discipline", "evidence": { "final_ndvi_mean": 0.3217156231403351, "health_index": 38.3, "confidence_score": 0.85, "shadow_fraction": 0.0, "crown_area_m2": 38.5, "review_status": "unreviewed" }, "recommended_task": "Field inspection: check irrigation, pruning, stress.", "confidence_score": 0.85, "status": "open", "alert_id": "ALERT-V1-00500" }, "geometry": { "type": "Point", "coordinates": [ 35.4015120061174, 32.919718704886478 ] } },
{ "type": "Feature", "properties": { "alert_type": "low_vigor_tree", "severity": "medium", "grove_code": "THOELIEB", "tree_code_optional": "KOG-THOELIEB-0068", "related_rule": "Ba'al rainfed discipline", "evidence": { "final_ndvi_mean": 0.3014639914035797, "health_index": 30.3, "confidence_score": 0.85, "shadow_fraction": 0.0, "crown_area_m2": 51.75, "review_status": "unreviewed" }, "recommended_task": "Field inspection: check irrigation, pruning, stress.", "confidence_score": 0.85, "status": "open", "alert_id": "ALERT-V1-00501" }, "geometry": { "type": "Point", "coordinates": [ 35.40058228670695, 32.9195796588862 ] } },
{ "type": "Feature", "properties": { "alert_type": "low_vigor_tree", "severity": "medium", "grove_code": "THOELIEB", "tree_code_optional": "KOG-THOELIEB-0069", "related_rule": "Ba'al rainfed discipline", "evidence": { "final_ndvi_mean": 0.3034241199493408, "health_index": 34.7, "confidence_score": 0.85, "shadow_fraction": 0.0, "crown_area_m2": 44.25, "review_status": "unreviewed" }, "recommended_task": "Field inspection: check irrigation, pruning, stress.", "confidence_score": 0.85, "status": "open", "alert_id": "ALERT-V1-00502" }, "geometry": { "type": "Point", "coordinates": [ 35.401085341344746, 32.91953627272111 ] } },
{ "type": "Feature", "properties": { "alert_type": "low_vigor_tree", "severity": "medium", "grove_code": "THOELIEB", "tree_code_optional": "KOG-THOELIEB-0070", "related_rule": "Ba'al rainfed discipline", "evidence": { "final_ndvi_mean": 0.30594688653945923, "health_index": 35.2, "confidence_score": 0.85, "shadow_fraction": 0.0, "crown_area_m2": 49.25, "review_status": "unreviewed" }, "recommended_task": "Field inspection: check irrigation, pruning, stress.", "confidence_score": 0.85, "status": "open", "alert_id": "ALERT-V1-00503" }, "geometry": { "type": "Point", "coordinates": [ 35.400699065673884, 32.919532872399976 ] } },
{ "type": "Feature", "properties": { "alert_type": "low_vigor_tree", "severity": "medium", "grove_code": "THOELIEB", "tree_code_optional": "KOG-THOELIEB-0071", "related_rule": "Ba'al rainfed discipline", "evidence": { "final_ndvi_mean": 0.3312452435493469, "health_index": 40.2, "confidence_score": 0.85, "shadow_fraction": 0.0, "crown_area_m2": 61.0, "review_status": "unreviewed" }, "recommended_task": "Field inspection: check irrigation, pruning, stress.", "confidence_score": 0.85, "status": "open", "alert_id": "ALERT-V1-00504" }, "geometry": { "type": "Point", "coordinates": [ 35.401485457077499, 32.919474232515242 ] } },
{ "type": "Feature", "properties": { "alert_type": "low_vigor_tree", "severity": "medium", "grove_code": "THOELIEB", "tree_code_optional": "KOG-THOELIEB-0072", "related_rule": "Ba'al rainfed discipline", "evidence": { "final_ndvi_mean": 0.3192104995250702, "health_index": 37.8, "confidence_score": 0.85, "shadow_fraction": 0.0, "crown_area_m2": 45.25, "review_status": "unreviewed" }, "recommended_task": "Field inspection: check irrigation, pruning, stress.", "confidence_score": 0.85, "status": "open", "alert_id": "ALERT-V1-00505" }, "geometry": { "type": "Point", "coordinates": [ 35.399751738934029, 32.920797208693237 ] } },
{ "type": "Feature", "properties": { "alert_type": "low_vigor_tree", "severity": "medium", "grove_code": "THOELIEB", "tree_code_optional": "KOG-THOELIEB-0073", "related_rule": "Ba'al rainfed discipline", "evidence": { "final_ndvi_mean": 0.33260366320610046, "health_index": 40.5, "confidence_score": 0.85, "shadow_fraction": 0.0, "crown_area_m2": 42.0, "review_status": "unreviewed" }, "recommended_task": "Field inspection: check irrigation, pruning, stress.", "confidence_score": 0.85, "status": "open", "alert_id": "ALERT-V1-00506" }, "geometry": { "type": "Point", "coordinates": [ 35.400138209100952, 32.920482026056995 ] } },
{ "type": "Feature", "properties": { "alert_type": "low_vigor_tree", "severity": "medium", "grove_code": "THOELIEB", "tree_code_optional": "KOG-THOELIEB-0074", "related_rule": "Ba'al rainfed discipline", "evidence": { "final_ndvi_mean": 0.29438480734825134, "health_index": 32.9, "confidence_score": 0.85, "shadow_fraction": 0.0, "crown_area_m2": 34.0, "review_status": "unreviewed" }, "recommended_task": "Field inspection: check irrigation, pruning, stress.", "confidence_score": 0.85, "status": "open", "alert_id": "ALERT-V1-00507" }, "geometry": { "type": "Point", "coordinates": [ 35.400189324617777, 32.920328189924923 ] } },
{ "type": "Feature", "properties": { "alert_type": "low_vigor_tree", "severity": "medium", "grove_code": "THOELIEB", "tree_code_optional": "KOG-THOELIEB-0075", "related_rule": "Ba'al rainfed discipline", "evidence": { "final_ndvi_mean": 0.3108825981616974, "health_index": 32.2, "confidence_score": 0.85, "shadow_fraction": 0.0, "crown_area_m2": 48.75, "review_status": "unreviewed" }, "recommended_task": "Field inspection: check irrigation, pruning, stress.", "confidence_score": 0.85, "status": "open", "alert_id": "ALERT-V1-00508" }, "geometry": { "type": "Point", "coordinates": [ 35.400935720484313, 32.920292643029839 ] } },
{ "type": "Feature", "properties": { "alert_type": "low_vigor_tree", "severity": "medium", "grove_code": "THOELIEB", "tree_code_optional": "KOG-THOELIEB-0076", "related_rule": "Ba'al rainfed discipline", "evidence": { "final_ndvi_mean": 0.3180646002292633, "health_index": 37.6, "confidence_score": 0.85, "shadow_fraction": 0.0, "crown_area_m2": 33.75, "review_status": "unreviewed" }, "recommended_task": "Field inspection: check irrigation, pruning, stress.", "confidence_score": 0.85, "status": "open", "alert_id": "ALERT-V1-00509" }, "geometry": { "type": "Point", "coordinates": [ 35.40018387443147, 32.920283820442371 ] } },
{ "type": "Feature", "properties": { "alert_type": "low_vigor_tree", "severity": "medium", "grove_code": "THOELIEB", "tree_code_optional": "KOG-THOELIEB-0077", "related_rule": "Ba'al rainfed discipline", "evidence": { "final_ndvi_mean": 0.30536115169525146, "health_index": 31.1, "confidence_score": 0.85, "shadow_fraction": 0.0, "crown_area_m2": 41.5, "review_status": "unreviewed" }, "recommended_task": "Field inspection: check irrigation, pruning, stress.", "confidence_score": 0.85, "status": "open", "alert_id": "ALERT-V1-00510" }, "geometry": { "type": "Point", "coordinates": [ 35.401046695209651, 32.920190885935249 ] } },
{ "type": "Feature", "properties": { "alert_type": "low_vigor_tree", "severity": "medium", "grove_code": "THOELIEB", "tree_code_optional": "KOG-THOELIEB-0078", "related_rule": "Ba'al rainfed discipline", "evidence": { "final_ndvi_mean": 0.31750059127807617, "health_index": 37.5, "confidence_score": 0.85, "shadow_fraction": 0.0, "crown_area_m2": 50.0, "review_status": "unreviewed" }, "recommended_task": "Field inspection: check irrigation, pruning, stress.", "confidence_score": 0.85, "status": "open", "alert_id": "ALERT-V1-00511" }, "geometry": { "type": "Point", "coordinates": [ 35.400914351855839, 32.920042034304018 ] } },
{ "type": "Feature", "properties": { "alert_type": "low_vigor_tree", "severity": "medium", "grove_code": "THOELIEB", "tree_code_optional": "KOG-THOELIEB-0079", "related_rule": "Ba'al rainfed discipline", "evidence": { "final_ndvi_mean": 0.31730756163597107, "health_index": 37.5, "confidence_score": 0.85, "shadow_fraction": 0.0, "crown_area_m2": 40.75, "review_status": "unreviewed" }, "recommended_task": "Field inspection: check irrigation, pruning, stress.", "confidence_score": 0.85, "status": "open", "alert_id": "ALERT-V1-00512" }, "geometry": { "type": "Point", "coordinates": [ 35.401554038088705, 32.920012228767021 ] } },
{ "type": "Feature", "properties": { "alert_type": "low_vigor_tree", "severity": "medium", "grove_code": "THOELIEB", "tree_code_optional": "KOG-THOELIEB-0080", "related_rule": "Ba'al rainfed discipline", "evidence": { "final_ndvi_mean": 0.3432978093624115, "health_index": 42.7, "confidence_score": 0.85, "shadow_fraction": 0.0, "crown_area_m2": 18.25, "review_status": "unreviewed" }, "recommended_task": "Field inspection: check irrigation, pruning, stress.", "confidence_score": 0.85, "status": "open", "alert_id": "ALERT-V1-00513" }, "geometry": { "type": "Point", "coordinates": [ 35.400737429897127, 32.919841621247173 ] } },
{ "type": "Feature", "properties": { "alert_type": "low_vigor_tree", "severity": "medium", "grove_code": "THOELIEB", "tree_code_optional": "KOG-THOELIEB-0081", "related_rule": "Ba'al rainfed discipline", "evidence": { "final_ndvi_mean": 0.311097115278244, "health_index": 32.2, "confidence_score": 0.85, "shadow_fraction": 0.0, "crown_area_m2": 44.0, "review_status": "unreviewed" }, "recommended_task": "Field inspection: check irrigation, pruning, stress.", "confidence_score": 0.85, "status": "open", "alert_id": "ALERT-V1-00514" }, "geometry": { "type": "Point", "coordinates": [ 35.400814072542317, 32.919694202665951 ] } },
{ "type": "Feature", "properties": { "alert_type": "low_vigor_tree", "severity": "medium", "grove_code": "THOELIEB", "tree_code_optional": "KOG-THOELIEB-0082", "related_rule": "Ba'al rainfed discipline", "evidence": { "final_ndvi_mean": 0.2981237769126892, "health_index": 33.6, "confidence_score": 0.85, "shadow_fraction": 0.0, "crown_area_m2": 48.0, "review_status": "unreviewed" }, "recommended_task": "Field inspection: check irrigation, pruning, stress.", "confidence_score": 0.85, "status": "open", "alert_id": "ALERT-V1-00515" }, "geometry": { "type": "Point", "coordinates": [ 35.400886759622828, 32.919646688516444 ] } },
{ "type": "Feature", "properties": { "alert_type": "low_vigor_tree", "severity": "medium", "grove_code": "THOELIEB", "tree_code_optional": "KOG-THOELIEB-0083", "related_rule": "Ba'al rainfed discipline", "evidence": { "final_ndvi_mean": 0.3174569308757782, "health_index": 33.5, "confidence_score": 0.85, "shadow_fraction": 0.0, "crown_area_m2": 44.25, "review_status": "unreviewed" }, "recommended_task": "Field inspection: check irrigation, pruning, stress.", "confidence_score": 0.85, "status": "open", "alert_id": "ALERT-V1-00516" }, "geometry": { "type": "Point", "coordinates": [ 35.400309327509078, 32.920091174794308 ] } },
{ "type": "Feature", "properties": { "alert_type": "low_vigor_tree", "severity": "medium", "grove_code": "THOELIEB", "tree_code_optional": "KOG-THOELIEB-0084", "related_rule": "Ba'al rainfed discipline", "evidence": { "final_ndvi_mean": 0.3051120936870575, "health_index": 31.0, "confidence_score": 0.85, "shadow_fraction": 0.0, "crown_area_m2": 52.75, "review_status": "unreviewed" }, "recommended_task": "Field inspection: check irrigation, pruning, stress.", "confidence_score": 0.85, "status": "open", "alert_id": "ALERT-V1-00517" }, "geometry": { "type": "Point", "coordinates": [ 35.401122062780011, 32.920012328218377 ] } },
{ "type": "Feature", "properties": { "alert_type": "low_vigor_tree", "severity": "medium", "grove_code": "THOELIEB", "tree_code_optional": "KOG-THOELIEB-0085", "related_rule": "Ba'al rainfed discipline", "evidence": { "final_ndvi_mean": 0.33023518323898315, "health_index": 36.0, "confidence_score": 0.85, "shadow_fraction": 0.0, "crown_area_m2": 51.25, "review_status": "unreviewed" }, "recommended_task": "Field inspection: check irrigation, pruning, stress.", "confidence_score": 0.85, "status": "open", "alert_id": "ALERT-V1-00518" }, "geometry": { "type": "Point", "coordinates": [ 35.401224368020905, 32.919943864170293 ] } },
{ "type": "Feature", "properties": { "alert_type": "low_vigor_tree", "severity": "medium", "grove_code": "THOELIEB", "tree_code_optional": "KOG-THOELIEB-0086", "related_rule": "Ba'al rainfed discipline", "evidence": { "final_ndvi_mean": 0.31998389959335327, "health_index": 34.0, "confidence_score": 0.85, "shadow_fraction": 0.0, "crown_area_m2": 43.25, "review_status": "unreviewed" }, "recommended_task": "Field inspection: check irrigation, pruning, stress.", "confidence_score": 0.85, "status": "open", "alert_id": "ALERT-V1-00519" }, "geometry": { "type": "Point", "coordinates": [ 35.401790932730151, 32.919887281139069 ] } },
{ "type": "Feature", "properties": { "alert_type": "low_vigor_tree", "severity": "medium", "grove_code": "THOELIEB", "tree_code_optional": "KOG-THOELIEB-0088", "related_rule": "Ba'al rainfed discipline", "evidence": { "final_ndvi_mean": 0.32415685057640076, "health_index": 34.8, "confidence_score": 0.85, "shadow_fraction": 0.0, "crown_area_m2": 44.25, "review_status": "unreviewed" }, "recommended_task": "Field inspection: check irrigation, pruning, stress.", "confidence_score": 0.85, "status": "open", "alert_id": "ALERT-V1-00520" }, "geometry": { "type": "Point", "coordinates": [ 35.401462807335186, 32.919769120024391 ] } },
{ "type": "Feature", "properties": { "alert_type": "low_vigor_tree", "severity": "medium", "grove_code": "THOELIEB", "tree_code_optional": "KOG-THOELIEB-0089", "related_rule": "Ba'al rainfed discipline", "evidence": { "final_ndvi_mean": 0.32820019125938416, "health_index": 35.6, "confidence_score": 0.85, "shadow_fraction": 0.0, "crown_area_m2": 55.0, "review_status": "unreviewed" }, "recommended_task": "Field inspection: check irrigation, pruning, stress.", "confidence_score": 0.85, "status": "open", "alert_id": "ALERT-V1-00521" }, "geometry": { "type": "Point", "coordinates": [ 35.400402724051979, 32.919740691778365 ] } },
{ "type": "Feature", "properties": { "alert_type": "low_vigor_tree", "severity": "medium", "grove_code": "THOELIEB", "tree_code_optional": "KOG-THOELIEB-0090", "related_rule": "Ba'al rainfed discipline", "evidence": { "final_ndvi_mean": 0.32823342084884644, "health_index": 35.6, "confidence_score": 0.85, "shadow_fraction": 0.0, "crown_area_m2": 43.5, "review_status": "unreviewed" }, "recommended_task": "Field inspection: check irrigation, pruning, stress.", "confidence_score": 0.85, "status": "open", "alert_id": "ALERT-V1-00522" }, "geometry": { "type": "Point", "coordinates": [ 35.401219338368996, 32.919689619906308 ] } },
{ "type": "Feature", "properties": { "alert_type": "low_vigor_tree", "severity": "medium", "grove_code": "THOELIEB", "tree_code_optional": "KOG-THOELIEB-0091", "related_rule": "Ba'al rainfed discipline", "evidence": { "final_ndvi_mean": 0.3521674871444702, "health_index": 44.4, "confidence_score": 0.85, "shadow_fraction": 0.0, "crown_area_m2": 62.75, "review_status": "unreviewed" }, "recommended_task": "Field inspection: check irrigation, pruning, stress.", "confidence_score": 0.85, "status": "open", "alert_id": "ALERT-V1-00523" }, "geometry": { "type": "Point", "coordinates": [ 35.400795349301227, 32.919385395473149 ] } },
{ "type": "Feature", "properties": { "alert_type": "low_vigor_tree", "severity": "medium", "grove_code": "THOELIEB", "tree_code_optional": "KOG-THOELIEB-0092", "related_rule": "Ba'al rainfed discipline", "evidence": { "final_ndvi_mean": 0.3197554051876068, "health_index": 38.0, "confidence_score": 0.85, "shadow_fraction": 0.0, "crown_area_m2": 42.5, "review_status": "unreviewed" }, "recommended_task": "Field inspection: check irrigation, pruning, stress.", "confidence_score": 0.85, "status": "open", "alert_id": "ALERT-V1-00524" }, "geometry": { "type": "Point", "coordinates": [ 35.400058818393539, 32.920690246090828 ] } },
{ "type": "Feature", "properties": { "alert_type": "low_vigor_tree", "severity": "medium", "grove_code": "THOELIEB", "tree_code_optional": "KOG-THOELIEB-0093", "related_rule": "Ba'al rainfed discipline", "evidence": { "final_ndvi_mean": 0.30455249547958374, "health_index": 30.9, "confidence_score": 0.85, "shadow_fraction": 0.0, "crown_area_m2": 48.0, "review_status": "unreviewed" }, "recommended_task": "Field inspection: check irrigation, pruning, stress.", "confidence_score": 0.85, "status": "open", "alert_id": "ALERT-V1-00525" }, "geometry": { "type": "Point", "coordinates": [ 35.400300282035168, 32.920502642697443 ] } },
{ "type": "Feature", "properties": { "alert_type": "low_vigor_tree", "severity": "medium", "grove_code": "THOELIEB", "tree_code_optional": "KOG-THOELIEB-0094", "related_rule": "Ba'al rainfed discipline", "evidence": { "final_ndvi_mean": 0.3089851140975952, "health_index": 35.8, "confidence_score": 0.85, "shadow_fraction": 0.0, "crown_area_m2": 45.5, "review_status": "unreviewed" }, "recommended_task": "Field inspection: check irrigation, pruning, stress.", "confidence_score": 0.85, "status": "open", "alert_id": "ALERT-V1-00526" }, "geometry": { "type": "Point", "coordinates": [ 35.40076478856809, 32.920293526775595 ] } },
{ "type": "Feature", "properties": { "alert_type": "low_vigor_tree", "severity": "medium", "grove_code": "THOELIEB", "tree_code_optional": "KOG-THOELIEB-0095", "related_rule": "Ba'al rainfed discipline", "evidence": { "final_ndvi_mean": 0.3099043071269989, "health_index": 36.0, "confidence_score": 0.85, "shadow_fraction": 0.0, "crown_area_m2": 35.5, "review_status": "unreviewed" }, "recommended_task": "Field inspection: check irrigation, pruning, stress.", "confidence_score": 0.85, "status": "open", "alert_id": "ALERT-V1-00527" }, "geometry": { "type": "Point", "coordinates": [ 35.401283256989586, 32.920032080228367 ] } },
{ "type": "Feature", "properties": { "alert_type": "low_vigor_tree", "severity": "medium", "grove_code": "THOELIEB", "tree_code_optional": "KOG-THOELIEB-0096", "related_rule": "Ba'al rainfed discipline", "evidence": { "final_ndvi_mean": 0.3279462158679962, "health_index": 39.6, "confidence_score": 0.85, "shadow_fraction": 0.0, "crown_area_m2": 42.0, "review_status": "unreviewed" }, "recommended_task": "Field inspection: check irrigation, pruning, stress.", "confidence_score": 0.85, "status": "open", "alert_id": "ALERT-V1-00528" }, "geometry": { "type": "Point", "coordinates": [ 35.401142350793862, 32.919878354299968 ] } },
{ "type": "Feature", "properties": { "alert_type": "low_vigor_tree", "severity": "medium", "grove_code": "THOELIEB", "tree_code_optional": "KOG-THOELIEB-0097", "related_rule": "Ba'al rainfed discipline", "evidence": { "final_ndvi_mean": 0.32208889722824097, "health_index": 38.4, "confidence_score": 0.85, "shadow_fraction": 0.0, "crown_area_m2": 31.0, "review_status": "unreviewed" }, "recommended_task": "Field inspection: check irrigation, pruning, stress.", "confidence_score": 0.85, "status": "open", "alert_id": "ALERT-V1-00529" }, "geometry": { "type": "Point", "coordinates": [ 35.401993427634416, 32.919776437754791 ] } },
{ "type": "Feature", "properties": { "alert_type": "low_vigor_tree", "severity": "medium", "grove_code": "THOELIEB", "tree_code_optional": "KOG-THOELIEB-0098", "related_rule": "Ba'al rainfed discipline", "evidence": { "final_ndvi_mean": 0.3044254183769226, "health_index": 34.9, "confidence_score": 0.85, "shadow_fraction": 0.0, "crown_area_m2": 44.25, "review_status": "unreviewed" }, "recommended_task": "Field inspection: check irrigation, pruning, stress.", "confidence_score": 0.85, "status": "open", "alert_id": "ALERT-V1-00530" }, "geometry": { "type": "Point", "coordinates": [ 35.40079377276291, 32.919488002216248 ] } },
{ "type": "Feature", "properties": { "alert_type": "low_vigor_tree", "severity": "medium", "grove_code": "THOELIEB", "tree_code_optional": "KOG-THOELIEB-0099", "related_rule": "Ba'al rainfed discipline", "evidence": { "final_ndvi_mean": 0.30812907218933105, "health_index": 31.6, "confidence_score": 0.85, "shadow_fraction": 0.0, "crown_area_m2": 37.75, "review_status": "unreviewed" }, "recommended_task": "Field inspection: check irrigation, pruning, stress.", "confidence_score": 0.85, "status": "open", "alert_id": "ALERT-V1-00531" }, "geometry": { "type": "Point", "coordinates": [ 35.39982618662026, 32.920603179626227 ] } },
{ "type": "Feature", "properties": { "alert_type": "low_vigor_tree", "severity": "medium", "grove_code": "THOELIEB", "tree_code_optional": "KOG-THOELIEB-0100", "related_rule": "Ba'al rainfed discipline", "evidence": { "final_ndvi_mean": 0.3143341541290283, "health_index": 36.9, "confidence_score": 0.85, "shadow_fraction": 0.0, "crown_area_m2": 55.5, "review_status": "unreviewed" }, "recommended_task": "Field inspection: check irrigation, pruning, stress.", "confidence_score": 0.85, "status": "open", "alert_id": "ALERT-V1-00532" }, "geometry": { "type": "Point", "coordinates": [ 35.400280046324035, 32.920592357173959 ] } },
{ "type": "Feature", "properties": { "alert_type": "low_vigor_tree", "severity": "medium", "grove_code": "THOELIEB", "tree_code_optional": "KOG-THOELIEB-0101", "related_rule": "Ba'al rainfed discipline", "evidence": { "final_ndvi_mean": 0.30300629138946533, "health_index": 30.6, "confidence_score": 0.85, "shadow_fraction": 0.0, "crown_area_m2": 47.75, "review_status": "unreviewed" }, "recommended_task": "Field inspection: check irrigation, pruning, stress.", "confidence_score": 0.85, "status": "open", "alert_id": "ALERT-V1-00533" }, "geometry": { "type": "Point", "coordinates": [ 35.401522655534137, 32.920503262550582 ] } },
{ "type": "Feature", "properties": { "alert_type": "low_vigor_tree", "severity": "medium", "grove_code": "THOELIEB", "tree_code_optional": "KOG-THOELIEB-0102", "related_rule": "Ba'al rainfed discipline", "evidence": { "final_ndvi_mean": 0.3053038418292999, "health_index": 35.1, "confidence_score": 0.85, "shadow_fraction": 0.0, "crown_area_m2": 35.75, "review_status": "unreviewed" }, "recommended_task": "Field inspection: check irrigation, pruning, stress.", "confidence_score": 0.85, "status": "open", "alert_id": "ALERT-V1-00534" }, "geometry": { "type": "Point", "coordinates": [ 35.400574237122804, 32.920270087357139 ] } },
{ "type": "Feature", "properties": { "alert_type": "low_vigor_tree", "severity": "medium", "grove_code": "THOELIEB", "tree_code_optional": "KOG-THOELIEB-0103", "related_rule": "Ba'al rainfed discipline", "evidence": { "final_ndvi_mean": 0.32257580757141113, "health_index": 38.5, "confidence_score": 0.85, "shadow_fraction": 0.0, "crown_area_m2": 46.5, "review_status": "unreviewed" }, "recommended_task": "Field inspection: check irrigation, pruning, stress.", "confidence_score": 0.85, "status": "open", "alert_id": "ALERT-V1-00535" }, "geometry": { "type": "Point", "coordinates": [ 35.401465438643321, 32.920243085615034 ] } },
{ "type": "Feature", "properties": { "alert_type": "low_vigor_tree", "severity": "medium", "grove_code": "THOELIEB", "tree_code_optional": "KOG-THOELIEB-0104", "related_rule": "Ba'al rainfed discipline", "evidence": { "final_ndvi_mean": 0.30115053057670593, "health_index": 34.2, "confidence_score": 0.85, "shadow_fraction": 0.0, "crown_area_m2": 35.5, "review_status": "unreviewed" }, "recommended_task": "Field inspection: check irrigation, pruning, stress.", "confidence_score": 0.85, "status": "open", "alert_id": "ALERT-V1-00536" }, "geometry": { "type": "Point", "coordinates": [ 35.40099575807222, 32.920108696188947 ] } },
{ "type": "Feature", "properties": { "alert_type": "low_vigor_tree", "severity": "medium", "grove_code": "THOELIEB", "tree_code_optional": "KOG-THOELIEB-0105", "related_rule": "Ba'al rainfed discipline", "evidence": { "final_ndvi_mean": 0.31051602959632874, "health_index": 36.1, "confidence_score": 0.85, "shadow_fraction": 0.0, "crown_area_m2": 29.0, "review_status": "unreviewed" }, "recommended_task": "Field inspection: check irrigation, pruning, stress.", "confidence_score": 0.85, "status": "open", "alert_id": "ALERT-V1-00537" }, "geometry": { "type": "Point", "coordinates": [ 35.401177720727297, 32.920064660715482 ] } },
{ "type": "Feature", "properties": { "alert_type": "low_vigor_tree", "severity": "medium", "grove_code": "THOELIEB", "tree_code_optional": "KOG-THOELIEB-0106", "related_rule": "Ba'al rainfed discipline", "evidence": { "final_ndvi_mean": 0.3225492835044861, "health_index": 38.5, "confidence_score": 0.85, "shadow_fraction": 0.0, "crown_area_m2": 38.0, "review_status": "unreviewed" }, "recommended_task": "Field inspection: check irrigation, pruning, stress.", "confidence_score": 0.85, "status": "open", "alert_id": "ALERT-V1-00538" }, "geometry": { "type": "Point", "coordinates": [ 35.401094519268852, 32.919800367244171 ] } },
{ "type": "Feature", "properties": { "alert_type": "low_vigor_tree", "severity": "medium", "grove_code": "THOELIEB", "tree_code_optional": "KOG-THOELIEB-0107", "related_rule": "Ba'al rainfed discipline", "evidence": { "final_ndvi_mean": 0.34451818466186523, "health_index": 42.9, "confidence_score": 0.85, "shadow_fraction": 0.0, "crown_area_m2": 13.25, "review_status": "unreviewed" }, "recommended_task": "Field inspection: check irrigation, pruning, stress.", "confidence_score": 0.85, "status": "open", "alert_id": "ALERT-V1-00539" }, "geometry": { "type": "Point", "coordinates": [ 35.400737480162888, 32.919797452406407 ] } },
{ "type": "Feature", "properties": { "alert_type": "low_vigor_tree", "severity": "medium", "grove_code": "THOELIEB", "tree_code_optional": "KOG-THOELIEB-0108", "related_rule": "Ba'al rainfed discipline", "evidence": { "final_ndvi_mean": 0.29332345724105835, "health_index": 28.7, "confidence_score": 0.85, "shadow_fraction": 0.0, "crown_area_m2": 38.0, "review_status": "unreviewed" }, "recommended_task": "Field inspection: check irrigation, pruning, stress.", "confidence_score": 0.85, "status": "open", "alert_id": "ALERT-V1-00540" }, "geometry": { "type": "Point", "coordinates": [ 35.401949550898884, 32.919751302317103 ] } },
{ "type": "Feature", "properties": { "alert_type": "low_vigor_tree", "severity": "medium", "grove_code": "THOELIEB", "tree_code_optional": "KOG-THOELIEB-0109", "related_rule": "Ba'al rainfed discipline", "evidence": { "final_ndvi_mean": 0.31107011437416077, "health_index": 36.2, "confidence_score": 0.85, "shadow_fraction": 0.0, "crown_area_m2": 31.75, "review_status": "unreviewed" }, "recommended_task": "Field inspection: check irrigation, pruning, stress.", "confidence_score": 0.85, "status": "open", "alert_id": "ALERT-V1-00541" }, "geometry": { "type": "Point", "coordinates": [ 35.399763042725731, 32.920663268647083 ] } },
{ "type": "Feature", "properties": { "alert_type": "low_vigor_tree", "severity": "medium", "grove_code": "THOELIEB", "tree_code_optional": "KOG-THOELIEB-0110", "related_rule": "Ba'al rainfed discipline", "evidence": { "final_ndvi_mean": 0.3167778551578522, "health_index": 37.4, "confidence_score": 0.85, "shadow_fraction": 0.0, "crown_area_m2": 39.25, "review_status": "unreviewed" }, "recommended_task": "Field inspection: check irrigation, pruning, stress.", "confidence_score": 0.85, "status": "open", "alert_id": "ALERT-V1-00542" }, "geometry": { "type": "Point", "coordinates": [ 35.40116779495655, 32.920314762686964 ] } },
{ "type": "Feature", "properties": { "alert_type": "low_vigor_tree", "severity": "medium", "grove_code": "THOELIEB", "tree_code_optional": "KOG-THOELIEB-0111", "related_rule": "Ba'al rainfed discipline", "evidence": { "final_ndvi_mean": 0.3080560863018036, "health_index": 31.6, "confidence_score": 0.85, "shadow_fraction": 0.0, "crown_area_m2": 21.0, "review_status": "unreviewed" }, "recommended_task": "Field inspection: check irrigation, pruning, stress.", "confidence_score": 0.85, "status": "open", "alert_id": "ALERT-V1-00543" }, "geometry": { "type": "Point", "coordinates": [ 35.401298674405055, 32.920171388370562 ] } },
{ "type": "Feature", "properties": { "alert_type": "low_vigor_tree", "severity": "medium", "grove_code": "THOELIEB", "tree_code_optional": "KOG-THOELIEB-0112", "related_rule": "Ba'al rainfed discipline", "evidence": { "final_ndvi_mean": 0.3196026384830475, "health_index": 37.9, "confidence_score": 0.85, "shadow_fraction": 0.0, "crown_area_m2": 17.75, "review_status": "unreviewed" }, "recommended_task": "Field inspection: check irrigation, pruning, stress.", "confidence_score": 0.85, "status": "open", "alert_id": "ALERT-V1-00544" }, "geometry": { "type": "Point", "coordinates": [ 35.400568949189783, 32.919944840881065 ] } },
{ "type": "Feature", "properties": { "alert_type": "low_vigor_tree", "severity": "medium", "grove_code": "THOELIEB", "tree_code_optional": "KOG-THOELIEB-0113", "related_rule": "Ba'al rainfed discipline", "evidence": { "final_ndvi_mean": 0.3124242424964905, "health_index": 36.5, "confidence_score": 0.85, "shadow_fraction": 0.0, "crown_area_m2": 28.0, "review_status": "unreviewed" }, "recommended_task": "Field inspection: check irrigation, pruning, stress.", "confidence_score": 0.85, "status": "open", "alert_id": "ALERT-V1-00545" }, "geometry": { "type": "Point", "coordinates": [ 35.400577095335152, 32.919910123590313 ] } },
{ "type": "Feature", "properties": { "alert_type": "low_vigor_tree", "severity": "medium", "grove_code": "THOELIEB", "tree_code_optional": "KOG-THOELIEB-0114", "related_rule": "Ba'al rainfed discipline", "evidence": { "final_ndvi_mean": 0.3139296770095825, "health_index": 36.8, "confidence_score": 0.85, "shadow_fraction": 0.0, "crown_area_m2": 26.0, "review_status": "unreviewed" }, "recommended_task": "Field inspection: check irrigation, pruning, stress.", "confidence_score": 0.85, "status": "open", "alert_id": "ALERT-V1-00546" }, "geometry": { "type": "Point", "coordinates": [ 35.401695689166374, 32.919819043541764 ] } },
{ "type": "Feature", "properties": { "alert_type": "low_vigor_tree", "severity": "medium", "grove_code": "THOELIEB", "tree_code_optional": "KOG-THOELIEB-0115", "related_rule": "Ba'al rainfed discipline", "evidence": { "final_ndvi_mean": 0.2927074730396271, "health_index": 28.5, "confidence_score": 0.85, "shadow_fraction": 0.0, "crown_area_m2": 35.5, "review_status": "unreviewed" }, "recommended_task": "Field inspection: check irrigation, pruning, stress.", "confidence_score": 0.85, "status": "open", "alert_id": "ALERT-V1-00547" }, "geometry": { "type": "Point", "coordinates": [ 35.39963047459397, 32.921153113919424 ] } },
{ "type": "Feature", "properties": { "alert_type": "low_vigor_tree", "severity": "medium", "grove_code": "THOELIEB", "tree_code_optional": "KOG-THOELIEB-0116", "related_rule": "Ba'al rainfed discipline", "evidence": { "final_ndvi_mean": 0.3250798285007477, "health_index": 35.0, "confidence_score": 0.85, "shadow_fraction": 0.0, "crown_area_m2": 37.0, "review_status": "unreviewed" }, "recommended_task": "Field inspection: check irrigation, pruning, stress.", "confidence_score": 0.85, "status": "open", "alert_id": "ALERT-V1-00548" }, "geometry": { "type": "Point", "coordinates": [ 35.39948270280582, 32.921033170246488 ] } },
{ "type": "Feature", "properties": { "alert_type": "low_vigor_tree", "severity": "medium", "grove_code": "THOELIEB", "tree_code_optional": "KOG-THOELIEB-0117", "related_rule": "Ba'al rainfed discipline", "evidence": { "final_ndvi_mean": 0.3076114058494568, "health_index": 35.5, "confidence_score": 0.85, "shadow_fraction": 0.0, "crown_area_m2": 35.0, "review_status": "unreviewed" }, "recommended_task": "Field inspection: check irrigation, pruning, stress.", "confidence_score": 0.85, "status": "open", "alert_id": "ALERT-V1-00549" }, "geometry": { "type": "Point", "coordinates": [ 35.399775673431385, 32.92090257042436 ] } },
{ "type": "Feature", "properties": { "alert_type": "low_vigor_tree", "severity": "medium", "grove_code": "THOELIEB", "tree_code_optional": "KOG-THOELIEB-0118", "related_rule": "Ba'al rainfed discipline", "evidence": { "final_ndvi_mean": 0.31096360087394714, "health_index": 32.2, "confidence_score": 0.85, "shadow_fraction": 0.0, "crown_area_m2": 48.0, "review_status": "unreviewed" }, "recommended_task": "Field inspection: check irrigation, pruning, stress.", "confidence_score": 0.85, "status": "open", "alert_id": "ALERT-V1-00550" }, "geometry": { "type": "Point", "coordinates": [ 35.399672156788007, 32.920602393128299 ] } },
{ "type": "Feature", "properties": { "alert_type": "low_vigor_tree", "severity": "medium", "grove_code": "THOELIEB", "tree_code_optional": "KOG-THOELIEB-0119", "related_rule": "Ba'al rainfed discipline", "evidence": { "final_ndvi_mean": 0.315760999917984, "health_index": 37.2, "confidence_score": 0.85, "shadow_fraction": 0.0, "crown_area_m2": 35.25, "review_status": "unreviewed" }, "recommended_task": "Field inspection: check irrigation, pruning, stress.", "confidence_score": 0.85, "status": "open", "alert_id": "ALERT-V1-00551" }, "geometry": { "type": "Point", "coordinates": [ 35.399895335634312, 32.920580513081553 ] } },
{ "type": "Feature", "properties": { "alert_type": "low_vigor_tree", "severity": "medium", "grove_code": "THOELIEB", "tree_code_optional": "KOG-THOELIEB-0120", "related_rule": "Ba'al rainfed discipline", "evidence": { "final_ndvi_mean": 0.3097394108772278, "health_index": 35.9, "confidence_score": 0.85, "shadow_fraction": 0.0, "crown_area_m2": 39.25, "review_status": "unreviewed" }, "recommended_task": "Field inspection: check irrigation, pruning, stress.", "confidence_score": 0.85, "status": "open", "alert_id": "ALERT-V1-00552" }, "geometry": { "type": "Point", "coordinates": [ 35.400428967625089, 32.920334905938823 ] } },
{ "type": "Feature", "properties": { "alert_type": "low_vigor_tree", "severity": "medium", "grove_code": "THOELIEB", "tree_code_optional": "KOG-THOELIEB-0121", "related_rule": "Ba'al rainfed discipline", "evidence": { "final_ndvi_mean": 0.3197404742240906, "health_index": 37.9, "confidence_score": 0.85, "shadow_fraction": 0.0, "crown_area_m2": 41.25, "review_status": "unreviewed" }, "recommended_task": "Field inspection: check irrigation, pruning, stress.", "confidence_score": 0.85, "status": "open", "alert_id": "ALERT-V1-00553" }, "geometry": { "type": "Point", "coordinates": [ 35.400764228412463, 32.920212040769911 ] } },
{ "type": "Feature", "properties": { "alert_type": "low_vigor_tree", "severity": "medium", "grove_code": "THOELIEB", "tree_code_optional": "KOG-THOELIEB-0122", "related_rule": "Ba'al rainfed discipline", "evidence": { "final_ndvi_mean": 0.2870839536190033, "health_index": 27.4, "confidence_score": 0.85, "shadow_fraction": 0.0, "crown_area_m2": 37.5, "review_status": "unreviewed" }, "recommended_task": "Field inspection: check irrigation, pruning, stress.", "confidence_score": 0.85, "status": "open", "alert_id": "ALERT-V1-00554" }, "geometry": { "type": "Point", "coordinates": [ 35.401257032912213, 32.920205159641284 ] } },
{ "type": "Feature", "properties": { "alert_type": "low_vigor_tree", "severity": "medium", "grove_code": "THOELIEB", "tree_code_optional": "KOG-THOELIEB-0123", "related_rule": "Ba'al rainfed discipline", "evidence": { "final_ndvi_mean": 0.312981516122818, "health_index": 32.6, "confidence_score": 0.85, "shadow_fraction": 0.0, "crown_area_m2": 38.0, "review_status": "unreviewed" }, "recommended_task": "Field inspection: check irrigation, pruning, stress.", "confidence_score": 0.85, "status": "open", "alert_id": "ALERT-V1-00555" }, "geometry": { "type": "Point", "coordinates": [ 35.401470648554067, 32.920068459447812 ] } },
{ "type": "Feature", "properties": { "alert_type": "low_vigor_tree", "severity": "medium", "grove_code": "THOELIEB", "tree_code_optional": "KOG-THOELIEB-0124", "related_rule": "Ba'al rainfed discipline", "evidence": { "final_ndvi_mean": 0.3032812774181366, "health_index": 34.7, "confidence_score": 0.85, "shadow_fraction": 0.0, "crown_area_m2": 26.5, "review_status": "unreviewed" }, "recommended_task": "Field inspection: check irrigation, pruning, stress.", "confidence_score": 0.85, "status": "open", "alert_id": "ALERT-V1-00556" }, "geometry": { "type": "Point", "coordinates": [ 35.401226575883548, 32.920065076888015 ] } },
{ "type": "Feature", "properties": { "alert_type": "low_vigor_tree", "severity": "medium", "grove_code": "THOELIEB", "tree_code_optional": "KOG-THOELIEB-0125", "related_rule": "Ba'al rainfed discipline", "evidence": { "final_ndvi_mean": 0.3017118573188782, "health_index": 34.3, "confidence_score": 0.85, "shadow_fraction": 0.0, "crown_area_m2": 32.75, "review_status": "unreviewed" }, "recommended_task": "Field inspection: check irrigation, pruning, stress.", "confidence_score": 0.85, "status": "open", "alert_id": "ALERT-V1-00557" }, "geometry": { "type": "Point", "coordinates": [ 35.401680530573557, 32.919950805191526 ] } },
{ "type": "Feature", "properties": { "alert_type": "low_vigor_tree", "severity": "medium", "grove_code": "THOELIEB", "tree_code_optional": "KOG-THOELIEB-0126", "related_rule": "Ba'al rainfed discipline", "evidence": { "final_ndvi_mean": 0.3260743021965027, "health_index": 35.2, "confidence_score": 0.85, "shadow_fraction": 0.0, "crown_area_m2": 35.25, "review_status": "unreviewed" }, "recommended_task": "Field inspection: check irrigation, pruning, stress.", "confidence_score": 0.85, "status": "open", "alert_id": "ALERT-V1-00558" }, "geometry": { "type": "Point", "coordinates": [ 35.401304264879812, 32.919778628383035 ] } },
{ "type": "Feature", "properties": { "alert_type": "low_vigor_tree", "severity": "medium", "grove_code": "THOELIEB", "tree_code_optional": "KOG-THOELIEB-0127", "related_rule": "Ba'al rainfed discipline", "evidence": { "final_ndvi_mean": 0.29272180795669556, "health_index": 32.5, "confidence_score": 0.85, "shadow_fraction": 0.0, "crown_area_m2": 25.75, "review_status": "unreviewed" }, "recommended_task": "Field inspection: check irrigation, pruning, stress.", "confidence_score": 0.85, "status": "open", "alert_id": "ALERT-V1-00559" }, "geometry": { "type": "Point", "coordinates": [ 35.401892896965116, 32.919741880613167 ] } },
{ "type": "Feature", "properties": { "alert_type": "low_vigor_tree", "severity": "medium", "grove_code": "THOELIEB", "tree_code_optional": "KOG-THOELIEB-0128", "related_rule": "Ba'al rainfed discipline", "evidence": { "final_ndvi_mean": 0.31096529960632324, "health_index": 32.2, "confidence_score": 0.85, "shadow_fraction": 0.0, "crown_area_m2": 33.5, "review_status": "unreviewed" }, "recommended_task": "Field inspection: check irrigation, pruning, stress.", "confidence_score": 0.85, "status": "open", "alert_id": "ALERT-V1-00560" }, "geometry": { "type": "Point", "coordinates": [ 35.40116722579063, 32.919744698629742 ] } },
{ "type": "Feature", "properties": { "alert_type": "low_vigor_tree", "severity": "medium", "grove_code": "THOELIEB", "tree_code_optional": "KOG-THOELIEB-0129", "related_rule": "Ba'al rainfed discipline", "evidence": { "final_ndvi_mean": 0.28963497281074524, "health_index": 31.9, "confidence_score": 0.85, "shadow_fraction": 0.0, "crown_area_m2": 41.25, "review_status": "unreviewed" }, "recommended_task": "Field inspection: check irrigation, pruning, stress.", "confidence_score": 0.85, "status": "open", "alert_id": "ALERT-V1-00561" }, "geometry": { "type": "Point", "coordinates": [ 35.40056811680136, 32.919694886800151 ] } },
{ "type": "Feature", "properties": { "alert_type": "low_vigor_tree", "severity": "medium", "grove_code": "THOELIEB", "tree_code_optional": "KOG-THOELIEB-0130", "related_rule": "Ba'al rainfed discipline", "evidence": { "final_ndvi_mean": 0.31278735399246216, "health_index": 32.6, "confidence_score": 0.85, "shadow_fraction": 0.0, "crown_area_m2": 35.75, "review_status": "unreviewed" }, "recommended_task": "Field inspection: check irrigation, pruning, stress.", "confidence_score": 0.85, "status": "open", "alert_id": "ALERT-V1-00562" }, "geometry": { "type": "Point", "coordinates": [ 35.401595395782017, 32.919564110727087 ] } },
{ "type": "Feature", "properties": { "alert_type": "low_vigor_tree", "severity": "medium", "grove_code": "THOELIEB", "tree_code_optional": "KOG-THOELIEB-0132", "related_rule": "Ba'al rainfed discipline", "evidence": { "final_ndvi_mean": 0.3332413136959076, "health_index": 40.6, "confidence_score": 0.85, "shadow_fraction": 0.0, "crown_area_m2": 20.5, "review_status": "unreviewed" }, "recommended_task": "Field inspection: check irrigation, pruning, stress.", "confidence_score": 0.85, "status": "open", "alert_id": "ALERT-V1-00563" }, "geometry": { "type": "Point", "coordinates": [ 35.400867882047542, 32.919459474727454 ] } },
{ "type": "Feature", "properties": { "alert_type": "low_vigor_tree", "severity": "medium", "grove_code": "THOELIEB", "tree_code_optional": "KOG-THOELIEB-0133", "related_rule": "Ba'al rainfed discipline", "evidence": { "final_ndvi_mean": 0.3151277005672455, "health_index": 37.0, "confidence_score": 0.85, "shadow_fraction": 0.0, "crown_area_m2": 26.25, "review_status": "unreviewed" }, "recommended_task": "Field inspection: check irrigation, pruning, stress.", "confidence_score": 0.85, "status": "open", "alert_id": "ALERT-V1-00564" }, "geometry": { "type": "Point", "coordinates": [ 35.400864330414521, 32.919423888795855 ] } },
{ "type": "Feature", "properties": { "alert_type": "low_vigor_tree", "severity": "medium", "grove_code": "THOELIEB", "tree_code_optional": "KOG-THOELIEB-0134", "related_rule": "Ba'al rainfed discipline", "evidence": { "final_ndvi_mean": 0.30271390080451965, "health_index": 34.5, "confidence_score": 0.85, "shadow_fraction": 0.0, "crown_area_m2": 21.5, "review_status": "unreviewed" }, "recommended_task": "Field inspection: check irrigation, pruning, stress.", "confidence_score": 0.85, "status": "open", "alert_id": "ALERT-V1-00565" }, "geometry": { "type": "Point", "coordinates": [ 35.399680584669113, 32.921106669915858 ] } },
{ "type": "Feature", "properties": { "alert_type": "low_vigor_tree", "severity": "medium", "grove_code": "THOELIEB", "tree_code_optional": "KOG-THOELIEB-0136", "related_rule": "Ba'al rainfed discipline", "evidence": { "final_ndvi_mean": 0.3113301694393158, "health_index": 36.3, "confidence_score": 0.85, "shadow_fraction": 0.0, "crown_area_m2": 34.5, "review_status": "unreviewed" }, "recommended_task": "Field inspection: check irrigation, pruning, stress.", "confidence_score": 0.85, "status": "open", "alert_id": "ALERT-V1-00566" }, "geometry": { "type": "Point", "coordinates": [ 35.399549931478035, 32.920982570245613 ] } },
{ "type": "Feature", "properties": { "alert_type": "low_vigor_tree", "severity": "medium", "grove_code": "THOELIEB", "tree_code_optional": "KOG-THOELIEB-0137", "related_rule": "Ba'al rainfed discipline", "evidence": { "final_ndvi_mean": 0.3057573437690735, "health_index": 35.2, "confidence_score": 0.85, "shadow_fraction": 0.0, "crown_area_m2": 31.25, "review_status": "unreviewed" }, "recommended_task": "Field inspection: check irrigation, pruning, stress.", "confidence_score": 0.85, "status": "open", "alert_id": "ALERT-V1-00567" }, "geometry": { "type": "Point", "coordinates": [ 35.399610677512953, 32.92091004496384 ] } },
{ "type": "Feature", "properties": { "alert_type": "low_vigor_tree", "severity": "medium", "grove_code": "THOELIEB", "tree_code_optional": "KOG-THOELIEB-0138", "related_rule": "Ba'al rainfed discipline", "evidence": { "final_ndvi_mean": 0.2889460623264313, "health_index": 27.8, "confidence_score": 0.85, "shadow_fraction": 0.0, "crown_area_m2": 35.25, "review_status": "unreviewed" }, "recommended_task": "Field inspection: check irrigation, pruning, stress.", "confidence_score": 0.85, "status": "open", "alert_id": "ALERT-V1-00568" }, "geometry": { "type": "Point", "coordinates": [ 35.399739585885825, 32.920556485348051 ] } },
{ "type": "Feature", "properties": { "alert_type": "low_vigor_tree", "severity": "medium", "grove_code": "THOELIEB", "tree_code_optional": "KOG-THOELIEB-0139", "related_rule": "Ba'al rainfed discipline", "evidence": { "final_ndvi_mean": 0.2993147671222687, "health_index": 33.9, "confidence_score": 0.85, "shadow_fraction": 0.0, "crown_area_m2": 33.25, "review_status": "unreviewed" }, "recommended_task": "Field inspection: check irrigation, pruning, stress.", "confidence_score": 0.85, "status": "open", "alert_id": "ALERT-V1-00569" }, "geometry": { "type": "Point", "coordinates": [ 35.401331206373506, 32.920496352171853 ] } },
{ "type": "Feature", "properties": { "alert_type": "low_vigor_tree", "severity": "medium", "grove_code": "THOELIEB", "tree_code_optional": "KOG-THOELIEB-0140", "related_rule": "Ba'al rainfed discipline", "evidence": { "final_ndvi_mean": 0.2911283075809479, "health_index": 32.2, "confidence_score": 0.85, "shadow_fraction": 0.0, "crown_area_m2": 27.75, "review_status": "unreviewed" }, "recommended_task": "Field inspection: check irrigation, pruning, stress.", "confidence_score": 0.85, "status": "open", "alert_id": "ALERT-V1-00570" }, "geometry": { "type": "Point", "coordinates": [ 35.401014918077827, 32.920414401965886 ] } },
{ "type": "Feature", "properties": { "alert_type": "low_vigor_tree", "severity": "medium", "grove_code": "THOELIEB", "tree_code_optional": "KOG-THOELIEB-0141", "related_rule": "Ba'al rainfed discipline", "evidence": { "final_ndvi_mean": 0.2991132140159607, "health_index": 29.8, "confidence_score": 0.85, "shadow_fraction": 0.0, "crown_area_m2": 37.25, "review_status": "unreviewed" }, "recommended_task": "Field inspection: check irrigation, pruning, stress.", "confidence_score": 0.85, "status": "open", "alert_id": "ALERT-V1-00571" }, "geometry": { "type": "Point", "coordinates": [ 35.400428341630288, 32.920212963721056 ] } },
{ "type": "Feature", "properties": { "alert_type": "low_vigor_tree", "severity": "medium", "grove_code": "THOELIEB", "tree_code_optional": "KOG-THOELIEB-0142", "related_rule": "Ba'al rainfed discipline", "evidence": { "final_ndvi_mean": 0.2978578805923462, "health_index": 33.6, "confidence_score": 0.85, "shadow_fraction": 0.0, "crown_area_m2": 25.75, "review_status": "unreviewed" }, "recommended_task": "Field inspection: check irrigation, pruning, stress.", "confidence_score": 0.85, "status": "open", "alert_id": "ALERT-V1-00572" }, "geometry": { "type": "Point", "coordinates": [ 35.400995093493016, 32.920160799700199 ] } },
{ "type": "Feature", "properties": { "alert_type": "low_vigor_tree", "severity": "medium", "grove_code": "THOELIEB", "tree_code_optional": "KOG-THOELIEB-0143", "related_rule": "Ba'al rainfed discipline", "evidence": { "final_ndvi_mean": 0.32095107436180115, "health_index": 38.2, "confidence_score": 0.85, "shadow_fraction": 0.0, "crown_area_m2": 38.25, "review_status": "unreviewed" }, "recommended_task": "Field inspection: check irrigation, pruning, stress.", "confidence_score": 0.85, "status": "open", "alert_id": "ALERT-V1-00573" }, "geometry": { "type": "Point", "coordinates": [ 35.400300405129215, 32.91993093302807 ] } },
{ "type": "Feature", "properties": { "alert_type": "low_vigor_tree", "severity": "medium", "grove_code": "THOELIEB", "tree_code_optional": "KOG-THOELIEB-0144", "related_rule": "Ba'al rainfed discipline", "evidence": { "final_ndvi_mean": 0.3145143687725067, "health_index": 36.9, "confidence_score": 0.85, "shadow_fraction": 0.0, "crown_area_m2": 38.5, "review_status": "unreviewed" }, "recommended_task": "Field inspection: check irrigation, pruning, stress.", "confidence_score": 0.85, "status": "open", "alert_id": "ALERT-V1-00574" }, "geometry": { "type": "Point", "coordinates": [ 35.401001187697602, 32.919792024769286 ] } },
{ "type": "Feature", "properties": { "alert_type": "low_vigor_tree", "severity": "medium", "grove_code": "THOELIEB", "tree_code_optional": "KOG-THOELIEB-0145", "related_rule": "Ba'al rainfed discipline", "evidence": { "final_ndvi_mean": 0.27836406230926514, "health_index": 29.7, "confidence_score": 0.85, "shadow_fraction": 0.0, "crown_area_m2": 29.25, "review_status": "unreviewed" }, "recommended_task": "Field inspection: check irrigation, pruning, stress.", "confidence_score": 0.85, "status": "open", "alert_id": "ALERT-V1-00575" }, "geometry": { "type": "Point", "coordinates": [ 35.400593819701584, 32.919357776256177 ] } },
{ "type": "Feature", "properties": { "alert_type": "low_vigor_tree", "severity": "medium", "grove_code": "THOELIEB", "tree_code_optional": "KOG-THOELIEB-0146", "related_rule": "Ba'al rainfed discipline", "evidence": { "final_ndvi_mean": 0.2972177267074585, "health_index": 33.4, "confidence_score": 0.85, "shadow_fraction": 0.0, "crown_area_m2": 29.75, "review_status": "unreviewed" }, "recommended_task": "Field inspection: check irrigation, pruning, stress.", "confidence_score": 0.85, "status": "open", "alert_id": "ALERT-V1-00576" }, "geometry": { "type": "Point", "coordinates": [ 35.399714364357955, 32.920959143503545 ] } },
{ "type": "Feature", "properties": { "alert_type": "low_vigor_tree", "severity": "medium", "grove_code": "THOELIEB", "tree_code_optional": "KOG-THOELIEB-0147", "related_rule": "Ba'al rainfed discipline", "evidence": { "final_ndvi_mean": 0.3466629981994629, "health_index": 39.3, "confidence_score": 0.85, "shadow_fraction": 0.0, "crown_area_m2": 28.0, "review_status": "unreviewed" }, "recommended_task": "Field inspection: check irrigation, pruning, stress.", "confidence_score": 0.85, "status": "open", "alert_id": "ALERT-V1-00577" }, "geometry": { "type": "Point", "coordinates": [ 35.399314627590975, 32.920900549209186 ] } },
{ "type": "Feature", "properties": { "alert_type": "low_vigor_tree", "severity": "medium", "grove_code": "THOELIEB", "tree_code_optional": "KOG-THOELIEB-0148", "related_rule": "Ba'al rainfed discipline", "evidence": { "final_ndvi_mean": 0.3190327286720276, "health_index": 37.8, "confidence_score": 0.85, "shadow_fraction": 0.0, "crown_area_m2": 29.25, "review_status": "unreviewed" }, "recommended_task": "Field inspection: check irrigation, pruning, stress.", "confidence_score": 0.85, "status": "open", "alert_id": "ALERT-V1-00578" }, "geometry": { "type": "Point", "coordinates": [ 35.399985588596437, 32.920630988635729 ] } },
{ "type": "Feature", "properties": { "alert_type": "low_vigor_tree", "severity": "medium", "grove_code": "THOELIEB", "tree_code_optional": "KOG-THOELIEB-0149", "related_rule": "Ba'al rainfed discipline", "evidence": { "final_ndvi_mean": 0.29662325978279114, "health_index": 33.3, "confidence_score": 0.85, "shadow_fraction": 0.0, "crown_area_m2": 27.75, "review_status": "unreviewed" }, "recommended_task": "Field inspection: check irrigation, pruning, stress.", "confidence_score": 0.85, "status": "open", "alert_id": "ALERT-V1-00579" }, "geometry": { "type": "Point", "coordinates": [ 35.400053500798968, 32.920429951952627 ] } },
{ "type": "Feature", "properties": { "alert_type": "low_vigor_tree", "severity": "medium", "grove_code": "THOELIEB", "tree_code_optional": "KOG-THOELIEB-0150", "related_rule": "Ba'al rainfed discipline", "evidence": { "final_ndvi_mean": 0.3108551800251007, "health_index": 32.2, "confidence_score": 0.85, "shadow_fraction": 0.0, "crown_area_m2": 44.0, "review_status": "unreviewed" }, "recommended_task": "Field inspection: check irrigation, pruning, stress.", "confidence_score": 0.85, "status": "open", "alert_id": "ALERT-V1-00580" }, "geometry": { "type": "Point", "coordinates": [ 35.401390830305445, 32.920317115433768 ] } },
{ "type": "Feature", "properties": { "alert_type": "low_vigor_tree", "severity": "medium", "grove_code": "THOELIEB", "tree_code_optional": "KOG-THOELIEB-0151", "related_rule": "Ba'al rainfed discipline", "evidence": { "final_ndvi_mean": 0.3062558174133301, "health_index": 35.3, "confidence_score": 0.85, "shadow_fraction": 0.0, "crown_area_m2": 29.75, "review_status": "unreviewed" }, "recommended_task": "Field inspection: check irrigation, pruning, stress.", "confidence_score": 0.85, "status": "open", "alert_id": "ALERT-V1-00581" }, "geometry": { "type": "Point", "coordinates": [ 35.401726261831818, 32.920024212990704 ] } },
{ "type": "Feature", "properties": { "alert_type": "low_vigor_tree", "severity": "medium", "grove_code": "THOELIEB", "tree_code_optional": "KOG-THOELIEB-0152", "related_rule": "Ba'al rainfed discipline", "evidence": { "final_ndvi_mean": 0.2912139594554901, "health_index": 32.2, "confidence_score": 0.85, "shadow_fraction": 0.0, "crown_area_m2": 35.75, "review_status": "unreviewed" }, "recommended_task": "Field inspection: check irrigation, pruning, stress.", "confidence_score": 0.85, "status": "open", "alert_id": "ALERT-V1-00582" }, "geometry": { "type": "Point", "coordinates": [ 35.401015144830964, 32.920034260058934 ] } },
{ "type": "Feature", "properties": { "alert_type": "low_vigor_tree", "severity": "medium", "grove_code": "THOELIEB", "tree_code_optional": "KOG-THOELIEB-0153", "related_rule": "Ba'al rainfed discipline", "evidence": { "final_ndvi_mean": 0.2854461073875427, "health_index": 31.1, "confidence_score": 0.85, "shadow_fraction": 0.0, "crown_area_m2": 27.5, "review_status": "unreviewed" }, "recommended_task": "Field inspection: check irrigation, pruning, stress.", "confidence_score": 0.85, "status": "open", "alert_id": "ALERT-V1-00583" }, "geometry": { "type": "Point", "coordinates": [ 35.400494806469716, 32.919951770025015 ] } },
{ "type": "Feature", "properties": { "alert_type": "low_vigor_tree", "severity": "medium", "grove_code": "THOELIEB", "tree_code_optional": "KOG-THOELIEB-0154", "related_rule": "Ba'al rainfed discipline", "evidence": { "final_ndvi_mean": 0.27625706791877747, "health_index": 29.3, "confidence_score": 0.85, "shadow_fraction": 0.0, "crown_area_m2": 20.0, "review_status": "unreviewed" }, "recommended_task": "Field inspection: check irrigation, pruning, stress.", "confidence_score": 0.85, "status": "open", "alert_id": "ALERT-V1-00584" }, "geometry": { "type": "Point", "coordinates": [ 35.401089845832679, 32.9196323450794 ] } },
{ "type": "Feature", "properties": { "alert_type": "low_vigor_tree", "severity": "medium", "grove_code": "THOELIEB", "tree_code_optional": "KOG-THOELIEB-0155", "related_rule": "Ba'al rainfed discipline", "evidence": { "final_ndvi_mean": 0.29294484853744507, "health_index": 32.6, "confidence_score": 0.85, "shadow_fraction": 0.0, "crown_area_m2": 26.0, "review_status": "unreviewed" }, "recommended_task": "Field inspection: check irrigation, pruning, stress.", "confidence_score": 0.85, "status": "open", "alert_id": "ALERT-V1-00585" }, "geometry": { "type": "Point", "coordinates": [ 35.399677640381, 32.920850109915747 ] } },
{ "type": "Feature", "properties": { "alert_type": "low_vigor_tree", "severity": "medium", "grove_code": "THOELIEB", "tree_code_optional": "KOG-THOELIEB-0156", "related_rule": "Ba'al rainfed discipline", "evidence": { "final_ndvi_mean": 0.2989095449447632, "health_index": 33.8, "confidence_score": 0.85, "shadow_fraction": 0.0, "crown_area_m2": 27.75, "review_status": "unreviewed" }, "recommended_task": "Field inspection: check irrigation, pruning, stress.", "confidence_score": 0.85, "status": "open", "alert_id": "ALERT-V1-00586" }, "geometry": { "type": "Point", "coordinates": [ 35.39981817494975, 32.920837608030823 ] } },
{ "type": "Feature", "properties": { "alert_type": "low_vigor_tree", "severity": "medium", "grove_code": "THOELIEB", "tree_code_optional": "KOG-THOELIEB-0157", "related_rule": "Ba'al rainfed discipline", "evidence": { "final_ndvi_mean": 0.3065279722213745, "health_index": 35.3, "confidence_score": 0.85, "shadow_fraction": 0.0, "crown_area_m2": 27.75, "review_status": "unreviewed" }, "recommended_task": "Field inspection: check irrigation, pruning, stress.", "confidence_score": 0.85, "status": "open", "alert_id": "ALERT-V1-00587" }, "geometry": { "type": "Point", "coordinates": [ 35.400146967871656, 32.920622148526299 ] } },
{ "type": "Feature", "properties": { "alert_type": "low_vigor_tree", "severity": "medium", "grove_code": "THOELIEB", "tree_code_optional": "KOG-THOELIEB-0158", "related_rule": "Ba'al rainfed discipline", "evidence": { "final_ndvi_mean": 0.2986840307712555, "health_index": 33.7, "confidence_score": 0.85, "shadow_fraction": 0.0, "crown_area_m2": 29.5, "review_status": "unreviewed" }, "recommended_task": "Field inspection: check irrigation, pruning, stress.", "confidence_score": 0.85, "status": "open", "alert_id": "ALERT-V1-00588" }, "geometry": { "type": "Point", "coordinates": [ 35.400068375757961, 32.920554523972193 ] } },
{ "type": "Feature", "properties": { "alert_type": "low_vigor_tree", "severity": "medium", "grove_code": "THOELIEB", "tree_code_optional": "KOG-THOELIEB-0159", "related_rule": "Ba'al rainfed discipline", "evidence": { "final_ndvi_mean": 0.304182231426239, "health_index": 30.8, "confidence_score": 0.85, "shadow_fraction": 0.0, "crown_area_m2": 20.0, "review_status": "unreviewed" }, "recommended_task": "Field inspection: check irrigation, pruning, stress.", "confidence_score": 0.85, "status": "open", "alert_id": "ALERT-V1-00589" }, "geometry": { "type": "Point", "coordinates": [ 35.400880778280133, 32.920315473249879 ] } },
{ "type": "Feature", "properties": { "alert_type": "low_vigor_tree", "severity": "medium", "grove_code": "THOELIEB", "tree_code_optional": "KOG-THOELIEB-0160", "related_rule": "Ba'al rainfed discipline", "evidence": { "final_ndvi_mean": 0.3002995550632477, "health_index": 34.1, "confidence_score": 0.85, "shadow_fraction": 0.0, "crown_area_m2": 32.5, "review_status": "unreviewed" }, "recommended_task": "Field inspection: check irrigation, pruning, stress.", "confidence_score": 0.85, "status": "open", "alert_id": "ALERT-V1-00590" }, "geometry": { "type": "Point", "coordinates": [ 35.401089522521978, 32.920251964930948 ] } },
{ "type": "Feature", "properties": { "alert_type": "low_vigor_tree", "severity": "medium", "grove_code": "THOELIEB", "tree_code_optional": "KOG-THOELIEB-0161", "related_rule": "Ba'al rainfed discipline", "evidence": { "final_ndvi_mean": 0.3008546829223633, "health_index": 34.2, "confidence_score": 0.85, "shadow_fraction": 0.0, "crown_area_m2": 21.75, "review_status": "unreviewed" }, "recommended_task": "Field inspection: check irrigation, pruning, stress.", "confidence_score": 0.85, "status": "open", "alert_id": "ALERT-V1-00591" }, "geometry": { "type": "Point", "coordinates": [ 35.40105865703638, 32.920111283879947 ] } },
{ "type": "Feature", "properties": { "alert_type": "low_vigor_tree", "severity": "medium", "grove_code": "THOELIEB", "tree_code_optional": "KOG-THOELIEB-0162", "related_rule": "Ba'al rainfed discipline", "evidence": { "final_ndvi_mean": 0.2929219603538513, "health_index": 32.6, "confidence_score": 0.85, "shadow_fraction": 0.0, "crown_area_m2": 25.25, "review_status": "unreviewed" }, "recommended_task": "Field inspection: check irrigation, pruning, stress.", "confidence_score": 0.85, "status": "open", "alert_id": "ALERT-V1-00592" }, "geometry": { "type": "Point", "coordinates": [ 35.400771528573017, 32.919948426676321 ] } },
{ "type": "Feature", "properties": { "alert_type": "low_vigor_tree", "severity": "medium", "grove_code": "THOELIEB", "tree_code_optional": "KOG-THOELIEB-0163", "related_rule": "Ba'al rainfed discipline", "evidence": { "final_ndvi_mean": 0.3057299256324768, "health_index": 35.1, "confidence_score": 0.85, "shadow_fraction": 0.0, "crown_area_m2": 28.0, "review_status": "unreviewed" }, "recommended_task": "Field inspection: check irrigation, pruning, stress.", "confidence_score": 0.85, "status": "open", "alert_id": "ALERT-V1-00593" }, "geometry": { "type": "Point", "coordinates": [ 35.400503139829823, 32.919865089868367 ] } },
{ "type": "Feature", "properties": { "alert_type": "low_vigor_tree", "severity": "medium", "grove_code": "THOELIEB", "tree_code_optional": "KOG-THOELIEB-0164", "related_rule": "Ba'al rainfed discipline", "evidence": { "final_ndvi_mean": 0.29384350776672363, "health_index": 32.8, "confidence_score": 0.85, "shadow_fraction": 0.0, "crown_area_m2": 27.0, "review_status": "unreviewed" }, "recommended_task": "Field inspection: check irrigation, pruning, stress.", "confidence_score": 0.85, "status": "open", "alert_id": "ALERT-V1-00594" }, "geometry": { "type": "Point", "coordinates": [ 35.40058772245348, 32.919861743994346 ] } },
{ "type": "Feature", "properties": { "alert_type": "low_vigor_tree", "severity": "medium", "grove_code": "THOELIEB", "tree_code_optional": "KOG-THOELIEB-0165", "related_rule": "Ba'al rainfed discipline", "evidence": { "final_ndvi_mean": 0.28251203894615173, "health_index": 30.5, "confidence_score": 0.85, "shadow_fraction": 0.0, "crown_area_m2": 28.0, "review_status": "unreviewed" }, "recommended_task": "Field inspection: check irrigation, pruning, stress.", "confidence_score": 0.85, "status": "open", "alert_id": "ALERT-V1-00595" }, "geometry": { "type": "Point", "coordinates": [ 35.401753138422748, 32.919825364653633 ] } },
{ "type": "Feature", "properties": { "alert_type": "low_vigor_tree", "severity": "medium", "grove_code": "THOELIEB", "tree_code_optional": "KOG-THOELIEB-0166", "related_rule": "Ba'al rainfed discipline", "evidence": { "final_ndvi_mean": 0.2800608277320862, "health_index": 30.0, "confidence_score": 0.85, "shadow_fraction": 0.0, "crown_area_m2": 26.0, "review_status": "unreviewed" }, "recommended_task": "Field inspection: check irrigation, pruning, stress.", "confidence_score": 0.85, "status": "open", "alert_id": "ALERT-V1-00596" }, "geometry": { "type": "Point", "coordinates": [ 35.400510907559578, 32.91959063349514 ] } },
{ "type": "Feature", "properties": { "alert_type": "low_vigor_tree", "severity": "medium", "grove_code": "THOELIEB", "tree_code_optional": "KOG-THOELIEB-0167", "related_rule": "Ba'al rainfed discipline", "evidence": { "final_ndvi_mean": 0.3026514947414398, "health_index": 34.5, "confidence_score": 0.85, "shadow_fraction": 0.0, "crown_area_m2": 30.75, "review_status": "unreviewed" }, "recommended_task": "Field inspection: check irrigation, pruning, stress.", "confidence_score": 0.85, "status": "open", "alert_id": "ALERT-V1-00597" }, "geometry": { "type": "Point", "coordinates": [ 35.401454813678953, 32.919543094355809 ] } },
{ "type": "Feature", "properties": { "alert_type": "low_vigor_tree", "severity": "medium", "grove_code": "THOELIEB", "tree_code_optional": "KOG-THOELIEB-0168", "related_rule": "Ba'al rainfed discipline", "evidence": { "final_ndvi_mean": 0.2892444431781769, "health_index": 27.8, "confidence_score": 0.85, "shadow_fraction": 0.0, "crown_area_m2": 27.25, "review_status": "unreviewed" }, "recommended_task": "Field inspection: check irrigation, pruning, stress.", "confidence_score": 0.85, "status": "open", "alert_id": "ALERT-V1-00598" }, "geometry": { "type": "Point", "coordinates": [ 35.401232278171328, 32.919546428672007 ] } },
{ "type": "Feature", "properties": { "alert_type": "low_vigor_tree", "severity": "medium", "grove_code": "THOELIEB", "tree_code_optional": "KOG-THOELIEB-0169", "related_rule": "Ba'al rainfed discipline", "evidence": { "final_ndvi_mean": 0.33505696058273315, "health_index": 37.0, "confidence_score": 0.85, "shadow_fraction": 0.0, "crown_area_m2": 24.5, "review_status": "unreviewed" }, "recommended_task": "Field inspection: check irrigation, pruning, stress.", "confidence_score": 0.85, "status": "open", "alert_id": "ALERT-V1-00599" }, "geometry": { "type": "Point", "coordinates": [ 35.401750401837624, 32.919490238663819 ] } },
{ "type": "Feature", "properties": { "alert_type": "low_vigor_tree", "severity": "medium", "grove_code": "THOELIEB", "tree_code_optional": "KOG-THOELIEB-0170", "related_rule": "Ba'al rainfed discipline", "evidence": { "final_ndvi_mean": 0.3045722246170044, "health_index": 30.9, "confidence_score": 0.85, "shadow_fraction": 0.0, "crown_area_m2": 36.5, "review_status": "unreviewed" }, "recommended_task": "Field inspection: check irrigation, pruning, stress.", "confidence_score": 0.85, "status": "open", "alert_id": "ALERT-V1-00600" }, "geometry": { "type": "Point", "coordinates": [ 35.40114497913649, 32.919466212987942 ] } },
{ "type": "Feature", "properties": { "alert_type": "low_vigor_tree", "severity": "medium", "grove_code": "THOELIEB", "tree_code_optional": "KOG-THOELIEB-0171", "related_rule": "Ba'al rainfed discipline", "evidence": { "final_ndvi_mean": 0.2922291159629822, "health_index": 32.4, "confidence_score": 0.85, "shadow_fraction": 0.0, "crown_area_m2": 27.5, "review_status": "unreviewed" }, "recommended_task": "Field inspection: check irrigation, pruning, stress.", "confidence_score": 0.85, "status": "open", "alert_id": "ALERT-V1-00601" }, "geometry": { "type": "Point", "coordinates": [ 35.401373048232969, 32.920395958359173 ] } },
{ "type": "Feature", "properties": { "alert_type": "low_vigor_tree", "severity": "medium", "grove_code": "THOELIEB", "tree_code_optional": "KOG-THOELIEB-0172", "related_rule": "Ba'al rainfed discipline", "evidence": { "final_ndvi_mean": 0.3125441372394562, "health_index": 36.5, "confidence_score": 0.85, "shadow_fraction": 0.0, "crown_area_m2": 29.0, "review_status": "unreviewed" }, "recommended_task": "Field inspection: check irrigation, pruning, stress.", "confidence_score": 0.85, "status": "open", "alert_id": "ALERT-V1-00602" }, "geometry": { "type": "Point", "coordinates": [ 35.400286977269509, 32.920354705149869 ] } },
{ "type": "Feature", "properties": { "alert_type": "low_vigor_tree", "severity": "medium", "grove_code": "THOELIEB", "tree_code_optional": "KOG-THOELIEB-0173", "related_rule": "Ba'al rainfed discipline", "evidence": { "final_ndvi_mean": 0.3081604540348053, "health_index": 31.6, "confidence_score": 0.85, "shadow_fraction": 0.0, "crown_area_m2": 22.5, "review_status": "unreviewed" }, "recommended_task": "Field inspection: check irrigation, pruning, stress.", "confidence_score": 0.85, "status": "open", "alert_id": "ALERT-V1-00603" }, "geometry": { "type": "Point", "coordinates": [ 35.401299833389785, 32.920242069026301 ] } },
{ "type": "Feature", "properties": { "alert_type": "low_vigor_tree", "severity": "medium", "grove_code": "THOELIEB", "tree_code_optional": "KOG-THOELIEB-0174", "related_rule": "Ba'al rainfed discipline", "evidence": { "final_ndvi_mean": 0.3039218783378601, "health_index": 30.8, "confidence_score": 0.85, "shadow_fraction": 0.0, "crown_area_m2": 32.0, "review_status": "unreviewed" }, "recommended_task": "Field inspection: check irrigation, pruning, stress.", "confidence_score": 0.85, "status": "open", "alert_id": "ALERT-V1-00604" }, "geometry": { "type": "Point", "coordinates": [ 35.401274676547956, 32.920126198262025 ] } },
{ "type": "Feature", "properties": { "alert_type": "low_vigor_tree", "severity": "medium", "grove_code": "THOELIEB", "tree_code_optional": "KOG-THOELIEB-0175", "related_rule": "Ba'al rainfed discipline", "evidence": { "final_ndvi_mean": 0.29762008786201477, "health_index": 33.5, "confidence_score": 0.85, "shadow_fraction": 0.0, "crown_area_m2": 25.75, "review_status": "unreviewed" }, "recommended_task": "Field inspection: check irrigation, pruning, stress.", "confidence_score": 0.85, "status": "open", "alert_id": "ALERT-V1-00605" }, "geometry": { "type": "Point", "coordinates": [ 35.401737114647737, 32.919923119107501 ] } },
{ "type": "Feature", "properties": { "alert_type": "low_vigor_tree", "severity": "medium", "grove_code": "THOELIEB", "tree_code_optional": "KOG-THOELIEB-0176", "related_rule": "Ba'al rainfed discipline", "evidence": { "final_ndvi_mean": 0.29636216163635254, "health_index": 33.3, "confidence_score": 0.85, "shadow_fraction": 0.0, "crown_area_m2": 27.0, "review_status": "unreviewed" }, "recommended_task": "Field inspection: check irrigation, pruning, stress.", "confidence_score": 0.85, "status": "open", "alert_id": "ALERT-V1-00606" }, "geometry": { "type": "Point", "coordinates": [ 35.401576030135892, 32.919916931999175 ] } },
{ "type": "Feature", "properties": { "alert_type": "low_vigor_tree", "severity": "medium", "grove_code": "THOELIEB", "tree_code_optional": "KOG-THOELIEB-0177", "related_rule": "Ba'al rainfed discipline", "evidence": { "final_ndvi_mean": 0.29189905524253845, "health_index": 32.4, "confidence_score": 0.85, "shadow_fraction": 0.0, "crown_area_m2": 33.5, "review_status": "unreviewed" }, "recommended_task": "Field inspection: check irrigation, pruning, stress.", "confidence_score": 0.85, "status": "open", "alert_id": "ALERT-V1-00607" }, "geometry": { "type": "Point", "coordinates": [ 35.401446862724129, 32.919670449361519 ] } },
{ "type": "Feature", "properties": { "alert_type": "low_vigor_tree", "severity": "medium", "grove_code": "THOELIEB", "tree_code_optional": "KOG-THOELIEB-0178", "related_rule": "Ba'al rainfed discipline", "evidence": { "final_ndvi_mean": 0.2862306535243988, "health_index": 27.2, "confidence_score": 0.85, "shadow_fraction": 0.0, "crown_area_m2": 24.5, "review_status": "unreviewed" }, "recommended_task": "Field inspection: check irrigation, pruning, stress.", "confidence_score": 0.85, "status": "open", "alert_id": "ALERT-V1-00608" }, "geometry": { "type": "Point", "coordinates": [ 35.399416958972289, 32.920956074364852 ] } },
{ "type": "Feature", "properties": { "alert_type": "low_vigor_tree", "severity": "medium", "grove_code": "THOELIEB", "tree_code_optional": "KOG-THOELIEB-0179", "related_rule": "Ba'al rainfed discipline", "evidence": { "final_ndvi_mean": 0.2821846604347229, "health_index": 26.4, "confidence_score": 0.85, "shadow_fraction": 0.0, "crown_area_m2": 26.75, "review_status": "unreviewed" }, "recommended_task": "Field inspection: check irrigation, pruning, stress.", "confidence_score": 0.85, "status": "open", "alert_id": "ALERT-V1-00609" }, "geometry": { "type": "Point", "coordinates": [ 35.399973772560458, 32.920883788844989 ] } },
{ "type": "Feature", "properties": { "alert_type": "low_vigor_tree", "severity": "medium", "grove_code": "THOELIEB", "tree_code_optional": "KOG-THOELIEB-0180", "related_rule": "Ba'al rainfed discipline", "evidence": { "final_ndvi_mean": 0.28249478340148926, "health_index": 26.5, "confidence_score": 0.85, "shadow_fraction": 0.0, "crown_area_m2": 26.5, "review_status": "unreviewed" }, "recommended_task": "Field inspection: check irrigation, pruning, stress.", "confidence_score": 0.85, "status": "open", "alert_id": "ALERT-V1-00610" }, "geometry": { "type": "Point", "coordinates": [ 35.400043658416102, 32.920824541791674 ] } },
{ "type": "Feature", "properties": { "alert_type": "low_vigor_tree", "severity": "medium", "grove_code": "THOELIEB", "tree_code_optional": "KOG-THOELIEB-0181", "related_rule": "Ba'al rainfed discipline", "evidence": { "final_ndvi_mean": 0.2950133681297302, "health_index": 33.0, "confidence_score": 0.85, "shadow_fraction": 0.0, "crown_area_m2": 21.0, "review_status": "unreviewed" }, "recommended_task": "Field inspection: check irrigation, pruning, stress.", "confidence_score": 0.85, "status": "open", "alert_id": "ALERT-V1-00611" }, "geometry": { "type": "Point", "coordinates": [ 35.399604453428552, 32.920790224179704 ] } },
{ "type": "Feature", "properties": { "alert_type": "low_vigor_tree", "severity": "medium", "grove_code": "THOELIEB", "tree_code_optional": "KOG-THOELIEB-0182", "related_rule": "Ba'al rainfed discipline", "evidence": { "final_ndvi_mean": 0.28117895126342773, "health_index": 26.2, "confidence_score": 0.85, "shadow_fraction": 0.0, "crown_area_m2": 26.0, "review_status": "unreviewed" }, "recommended_task": "Field inspection: check irrigation, pruning, stress.", "confidence_score": 0.85, "status": "open", "alert_id": "ALERT-V1-00612" }, "geometry": { "type": "Point", "coordinates": [ 35.400122628461141, 32.920759105645963 ] } },
{ "type": "Feature", "properties": { "alert_type": "low_vigor_tree", "severity": "medium", "grove_code": "THOELIEB", "tree_code_optional": "KOG-THOELIEB-0183", "related_rule": "Ba'al rainfed discipline", "evidence": { "final_ndvi_mean": 0.3200913667678833, "health_index": 34.0, "confidence_score": 0.85, "shadow_fraction": 0.0, "crown_area_m2": 32.25, "review_status": "unreviewed" }, "recommended_task": "Field inspection: check irrigation, pruning, stress.", "confidence_score": 0.85, "status": "open", "alert_id": "ALERT-V1-00613" }, "geometry": { "type": "Point", "coordinates": [ 35.400210454960821, 32.920684952397281 ] } },
{ "type": "Feature", "properties": { "alert_type": "low_vigor_tree", "severity": "medium", "grove_code": "THOELIEB", "tree_code_optional": "KOG-THOELIEB-0184", "related_rule": "Ba'al rainfed discipline", "evidence": { "final_ndvi_mean": 0.3219168782234192, "health_index": 34.4, "confidence_score": 0.85, "shadow_fraction": 0.0, "crown_area_m2": 35.5, "review_status": "unreviewed" }, "recommended_task": "Field inspection: check irrigation, pruning, stress.", "confidence_score": 0.85, "status": "open", "alert_id": "ALERT-V1-00614" }, "geometry": { "type": "Point", "coordinates": [ 35.39958975734109, 32.920662964961046 ] } },
{ "type": "Feature", "properties": { "alert_type": "low_vigor_tree", "severity": "medium", "grove_code": "THOELIEB", "tree_code_optional": "KOG-THOELIEB-0186", "related_rule": "Ba'al rainfed discipline", "evidence": { "final_ndvi_mean": 0.284054696559906, "health_index": 30.8, "confidence_score": 0.85, "shadow_fraction": 0.0, "crown_area_m2": 20.0, "review_status": "unreviewed" }, "recommended_task": "Field inspection: check irrigation, pruning, stress.", "confidence_score": 0.85, "status": "open", "alert_id": "ALERT-V1-00615" }, "geometry": { "type": "Point", "coordinates": [ 35.400965465762368, 32.920412866077911 ] } },
{ "type": "Feature", "properties": { "alert_type": "low_vigor_tree", "severity": "medium", "grove_code": "THOELIEB", "tree_code_optional": "KOG-THOELIEB-0187", "related_rule": "Ba'al rainfed discipline", "evidence": { "final_ndvi_mean": 0.29141271114349365, "health_index": 32.3, "confidence_score": 0.85, "shadow_fraction": 0.0, "crown_area_m2": 23.25, "review_status": "unreviewed" }, "recommended_task": "Field inspection: check irrigation, pruning, stress.", "confidence_score": 0.85, "status": "open", "alert_id": "ALERT-V1-00616" }, "geometry": { "type": "Point", "coordinates": [ 35.401173872612965, 32.920403800996311 ] } },
{ "type": "Feature", "properties": { "alert_type": "low_vigor_tree", "severity": "medium", "grove_code": "THOELIEB", "tree_code_optional": "KOG-THOELIEB-0188", "related_rule": "Ba'al rainfed discipline", "evidence": { "final_ndvi_mean": 0.3074786067008972, "health_index": 31.5, "confidence_score": 0.85, "shadow_fraction": 0.0, "crown_area_m2": 25.25, "review_status": "unreviewed" }, "recommended_task": "Field inspection: check irrigation, pruning, stress.", "confidence_score": 0.85, "status": "open", "alert_id": "ALERT-V1-00617" }, "geometry": { "type": "Point", "coordinates": [ 35.400555130013529, 32.920386126411231 ] } },
{ "type": "Feature", "properties": { "alert_type": "low_vigor_tree", "severity": "medium", "grove_code": "THOELIEB", "tree_code_optional": "KOG-THOELIEB-0189", "related_rule": "Ba'al rainfed discipline", "evidence": { "final_ndvi_mean": 0.2836208939552307, "health_index": 30.7, "confidence_score": 0.85, "shadow_fraction": 0.0, "crown_area_m2": 20.5, "review_status": "unreviewed" }, "recommended_task": "Field inspection: check irrigation, pruning, stress.", "confidence_score": 0.85, "status": "open", "alert_id": "ALERT-V1-00618" }, "geometry": { "type": "Point", "coordinates": [ 35.400670026383978, 32.920337783324896 ] } },
{ "type": "Feature", "properties": { "alert_type": "low_vigor_tree", "severity": "medium", "grove_code": "THOELIEB", "tree_code_optional": "KOG-THOELIEB-0190", "related_rule": "Ba'al rainfed discipline", "evidence": { "final_ndvi_mean": 0.31542304158210754, "health_index": 33.1, "confidence_score": 0.85, "shadow_fraction": 0.0, "crown_area_m2": 28.5, "review_status": "unreviewed" }, "recommended_task": "Field inspection: check irrigation, pruning, stress.", "confidence_score": 0.85, "status": "open", "alert_id": "ALERT-V1-00619" }, "geometry": { "type": "Point", "coordinates": [ 35.39999799071429, 32.920326333656071 ] } },
{ "type": "Feature", "properties": { "alert_type": "low_vigor_tree", "severity": "medium", "grove_code": "THOELIEB", "tree_code_optional": "KOG-THOELIEB-0191", "related_rule": "Ba'al rainfed discipline", "evidence": { "final_ndvi_mean": 0.2978137135505676, "health_index": 33.6, "confidence_score": 0.85, "shadow_fraction": 0.0, "crown_area_m2": 24.25, "review_status": "unreviewed" }, "recommended_task": "Field inspection: check irrigation, pruning, stress.", "confidence_score": 0.85, "status": "open", "alert_id": "ALERT-V1-00620" }, "geometry": { "type": "Point", "coordinates": [ 35.400342718969526, 32.920283392369974 ] } },
{ "type": "Feature", "properties": { "alert_type": "low_vigor_tree", "severity": "medium", "grove_code": "THOELIEB", "tree_code_optional": "KOG-THOELIEB-0192", "related_rule": "Ba'al rainfed discipline", "evidence": { "final_ndvi_mean": 0.2876152992248535, "health_index": 31.5, "confidence_score": 0.85, "shadow_fraction": 0.0, "crown_area_m2": 18.25, "review_status": "unreviewed" }, "recommended_task": "Field inspection: check irrigation, pruning, stress.", "confidence_score": 0.85, "status": "open", "alert_id": "ALERT-V1-00621" }, "geometry": { "type": "Point", "coordinates": [ 35.400274952866837, 32.920257580341797 ] } },
{ "type": "Feature", "properties": { "alert_type": "low_vigor_tree", "severity": "medium", "grove_code": "THOELIEB", "tree_code_optional": "KOG-THOELIEB-0193", "related_rule": "Ba'al rainfed discipline", "evidence": { "final_ndvi_mean": 0.2911677956581116, "health_index": 32.2, "confidence_score": 0.85, "shadow_fraction": 0.0, "crown_area_m2": 27.5, "review_status": "unreviewed" }, "recommended_task": "Field inspection: check irrigation, pruning, stress.", "confidence_score": 0.85, "status": "open", "alert_id": "ALERT-V1-00622" }, "geometry": { "type": "Point", "coordinates": [ 35.400678914540364, 32.920233258590549 ] } },
{ "type": "Feature", "properties": { "alert_type": "low_vigor_tree", "severity": "medium", "grove_code": "THOELIEB", "tree_code_optional": "KOG-THOELIEB-0194", "related_rule": "Ba'al rainfed discipline", "evidence": { "final_ndvi_mean": 0.3232094645500183, "health_index": 38.6, "confidence_score": 0.85, "shadow_fraction": 0.0, "crown_area_m2": 32.0, "review_status": "unreviewed" }, "recommended_task": "Field inspection: check irrigation, pruning, stress.", "confidence_score": 0.85, "status": "open", "alert_id": "ALERT-V1-00623" }, "geometry": { "type": "Point", "coordinates": [ 35.400114804974208, 32.920231791338274 ] } },
{ "type": "Feature", "properties": { "alert_type": "low_vigor_tree", "severity": "medium", "grove_code": "THOELIEB", "tree_code_optional": "KOG-THOELIEB-0195", "related_rule": "Ba'al rainfed discipline", "evidence": { "final_ndvi_mean": 0.29445680975914, "health_index": 32.9, "confidence_score": 0.85, "shadow_fraction": 0.0, "crown_area_m2": 27.0, "review_status": "unreviewed" }, "recommended_task": "Field inspection: check irrigation, pruning, stress.", "confidence_score": 0.85, "status": "open", "alert_id": "ALERT-V1-00624" }, "geometry": { "type": "Point", "coordinates": [ 35.400295747460234, 32.920182665125729 ] } },
{ "type": "Feature", "properties": { "alert_type": "low_vigor_tree", "severity": "medium", "grove_code": "THOELIEB", "tree_code_optional": "KOG-THOELIEB-0196", "related_rule": "Ba'al rainfed discipline", "evidence": { "final_ndvi_mean": 0.31833475828170776, "health_index": 33.7, "confidence_score": 0.85, "shadow_fraction": 0.0, "crown_area_m2": 25.25, "review_status": "unreviewed" }, "recommended_task": "Field inspection: check irrigation, pruning, stress.", "confidence_score": 0.85, "status": "open", "alert_id": "ALERT-V1-00625" }, "geometry": { "type": "Point", "coordinates": [ 35.401422127392884, 32.920111624010389 ] } },
{ "type": "Feature", "properties": { "alert_type": "low_vigor_tree", "severity": "medium", "grove_code": "THOELIEB", "tree_code_optional": "KOG-THOELIEB-0197", "related_rule": "Ba'al rainfed discipline", "evidence": { "final_ndvi_mean": 0.35139000415802, "health_index": 40.3, "confidence_score": 0.85, "shadow_fraction": 0.0, "crown_area_m2": 32.5, "review_status": "unreviewed" }, "recommended_task": "Field inspection: check irrigation, pruning, stress.", "confidence_score": 0.85, "status": "open", "alert_id": "ALERT-V1-00626" }, "geometry": { "type": "Point", "coordinates": [ 35.400225830018734, 32.920060264350234 ] } },
{ "type": "Feature", "properties": { "alert_type": "low_vigor_tree", "severity": "medium", "grove_code": "THOELIEB", "tree_code_optional": "KOG-THOELIEB-0198", "related_rule": "Ba'al rainfed discipline", "evidence": { "final_ndvi_mean": 0.2903671860694885, "health_index": 28.1, "confidence_score": 0.85, "shadow_fraction": 0.0, "crown_area_m2": 29.75, "review_status": "unreviewed" }, "recommended_task": "Field inspection: check irrigation, pruning, stress.", "confidence_score": 0.85, "status": "open", "alert_id": "ALERT-V1-00627" }, "geometry": { "type": "Point", "coordinates": [ 35.400424672182737, 32.91995807232211 ] } },
{ "type": "Feature", "properties": { "alert_type": "low_vigor_tree", "severity": "medium", "grove_code": "THOELIEB", "tree_code_optional": "KOG-THOELIEB-0199", "related_rule": "Ba'al rainfed discipline", "evidence": { "final_ndvi_mean": 0.27915671467781067, "health_index": 29.8, "confidence_score": 0.85, "shadow_fraction": 0.0, "crown_area_m2": 23.0, "review_status": "unreviewed" }, "recommended_task": "Field inspection: check irrigation, pruning, stress.", "confidence_score": 0.85, "status": "open", "alert_id": "ALERT-V1-00628" }, "geometry": { "type": "Point", "coordinates": [ 35.401021870573629, 32.919863154724808 ] } },
{ "type": "Feature", "properties": { "alert_type": "low_vigor_tree", "severity": "medium", "grove_code": "THOELIEB", "tree_code_optional": "KOG-THOELIEB-0200", "related_rule": "Ba'al rainfed discipline", "evidence": { "final_ndvi_mean": 0.31577011942863464, "health_index": 37.2, "confidence_score": 0.85, "shadow_fraction": 0.0, "crown_area_m2": 28.0, "review_status": "unreviewed" }, "recommended_task": "Field inspection: check irrigation, pruning, stress.", "confidence_score": 0.85, "status": "open", "alert_id": "ALERT-V1-00629" }, "geometry": { "type": "Point", "coordinates": [ 35.40121048629198, 32.919810435271394 ] } },
{ "type": "Feature", "properties": { "alert_type": "low_vigor_tree", "severity": "medium", "grove_code": "THOELIEB", "tree_code_optional": "KOG-THOELIEB-0201", "related_rule": "Ba'al rainfed discipline", "evidence": { "final_ndvi_mean": 0.32259365916252136, "health_index": 34.5, "confidence_score": 0.85, "shadow_fraction": 0.0, "crown_area_m2": 27.75, "review_status": "unreviewed" }, "recommended_task": "Field inspection: check irrigation, pruning, stress.", "confidence_score": 0.85, "status": "open", "alert_id": "ALERT-V1-00630" }, "geometry": { "type": "Point", "coordinates": [ 35.400424994000062, 32.919670159883736 ] } },
{ "type": "Feature", "properties": { "alert_type": "low_vigor_tree", "severity": "medium", "grove_code": "THOELIEB", "tree_code_optional": "KOG-THOELIEB-0202", "related_rule": "Ba'al rainfed discipline", "evidence": { "final_ndvi_mean": 0.2850382924079895, "health_index": 31.0, "confidence_score": 0.85, "shadow_fraction": 0.0, "crown_area_m2": 22.5, "review_status": "unreviewed" }, "recommended_task": "Field inspection: check irrigation, pruning, stress.", "confidence_score": 0.85, "status": "open", "alert_id": "ALERT-V1-00631" }, "geometry": { "type": "Point", "coordinates": [ 35.401296221509504, 32.919556678857759 ] } },
{ "type": "Feature", "properties": { "alert_type": "low_vigor_tree", "severity": "medium", "grove_code": "THOELIEB", "tree_code_optional": "KOG-THOELIEB-0203", "related_rule": "Ba'al rainfed discipline", "evidence": { "final_ndvi_mean": 0.28365185856819153, "health_index": 30.7, "confidence_score": 0.85, "shadow_fraction": 0.0, "crown_area_m2": 20.25, "review_status": "unreviewed" }, "recommended_task": "Field inspection: check irrigation, pruning, stress.", "confidence_score": 0.85, "status": "open", "alert_id": "ALERT-V1-00632" }, "geometry": { "type": "Point", "coordinates": [ 35.401229095749436, 32.919428627547582 ] } },
{ "type": "Feature", "properties": { "alert_type": "low_vigor_tree", "severity": "medium", "grove_code": "THOELIEB", "tree_code_optional": "KOG-THOELIEB-0204", "related_rule": "Ba'al rainfed discipline", "evidence": { "final_ndvi_mean": 0.2849286198616028, "health_index": 31.0, "confidence_score": 0.85, "shadow_fraction": 0.0, "crown_area_m2": 24.25, "review_status": "unreviewed" }, "recommended_task": "Field inspection: check irrigation, pruning, stress.", "confidence_score": 0.85, "status": "open", "alert_id": "ALERT-V1-00633" }, "geometry": { "type": "Point", "coordinates": [ 35.400925762972655, 32.919397377576537 ] } },
{ "type": "Feature", "properties": { "alert_type": "low_vigor_tree", "severity": "medium", "grove_code": "THOELIEB", "tree_code_optional": "KOG-THOELIEB-0205", "related_rule": "Ba'al rainfed discipline", "evidence": { "final_ndvi_mean": 0.2843492031097412, "health_index": 30.9, "confidence_score": 0.85, "shadow_fraction": 0.0, "crown_area_m2": 17.75, "review_status": "unreviewed" }, "recommended_task": "Field inspection: check irrigation, pruning, stress.", "confidence_score": 0.85, "status": "open", "alert_id": "ALERT-V1-00634" }, "geometry": { "type": "Point", "coordinates": [ 35.399672228780425, 32.920733677390835 ] } },
{ "type": "Feature", "properties": { "alert_type": "low_vigor_tree", "severity": "medium", "grove_code": "THOELIEB", "tree_code_optional": "KOG-THOELIEB-0206", "related_rule": "Ba'al rainfed discipline", "evidence": { "final_ndvi_mean": 0.28496286273002625, "health_index": 27.0, "confidence_score": 0.85, "shadow_fraction": 0.0, "crown_area_m2": 26.0, "review_status": "unreviewed" }, "recommended_task": "Field inspection: check irrigation, pruning, stress.", "confidence_score": 0.85, "status": "open", "alert_id": "ALERT-V1-00635" }, "geometry": { "type": "Point", "coordinates": [ 35.401423977151047, 32.920497741066207 ] } },
{ "type": "Feature", "properties": { "alert_type": "low_vigor_tree", "severity": "medium", "grove_code": "THOELIEB", "tree_code_optional": "KOG-THOELIEB-0207", "related_rule": "Ba'al rainfed discipline", "evidence": { "final_ndvi_mean": 0.30196699500083923, "health_index": 30.4, "confidence_score": 0.85, "shadow_fraction": 0.0, "crown_area_m2": 24.5, "review_status": "unreviewed" }, "recommended_task": "Field inspection: check irrigation, pruning, stress.", "confidence_score": 0.85, "status": "open", "alert_id": "ALERT-V1-00636" }, "geometry": { "type": "Point", "coordinates": [ 35.401454658268413, 32.920403029549902 ] } },
{ "type": "Feature", "properties": { "alert_type": "low_vigor_tree", "severity": "medium", "grove_code": "THOELIEB", "tree_code_optional": "KOG-THOELIEB-0208", "related_rule": "Ba'al rainfed discipline", "evidence": { "final_ndvi_mean": 0.28912776708602905, "health_index": 31.8, "confidence_score": 0.85, "shadow_fraction": 0.0, "crown_area_m2": 19.25, "review_status": "unreviewed" }, "recommended_task": "Field inspection: check irrigation, pruning, stress.", "confidence_score": 0.85, "status": "open", "alert_id": "ALERT-V1-00637" }, "geometry": { "type": "Point", "coordinates": [ 35.401088589763056, 32.920367476792428 ] } },
{ "type": "Feature", "properties": { "alert_type": "low_vigor_tree", "severity": "medium", "grove_code": "THOELIEB", "tree_code_optional": "KOG-THOELIEB-0209", "related_rule": "Ba'al rainfed discipline", "evidence": { "final_ndvi_mean": 0.29306092858314514, "health_index": 28.6, "confidence_score": 0.85, "shadow_fraction": 0.0, "crown_area_m2": 19.75, "review_status": "unreviewed" }, "recommended_task": "Field inspection: check irrigation, pruning, stress.", "confidence_score": 0.85, "status": "open", "alert_id": "ALERT-V1-00638" }, "geometry": { "type": "Point", "coordinates": [ 35.400963934131703, 32.920350197957973 ] } },
{ "type": "Feature", "properties": { "alert_type": "low_vigor_tree", "severity": "medium", "grove_code": "THOELIEB", "tree_code_optional": "KOG-THOELIEB-0210", "related_rule": "Ba'al rainfed discipline", "evidence": { "final_ndvi_mean": 0.3009766638278961, "health_index": 34.2, "confidence_score": 0.85, "shadow_fraction": 0.0, "crown_area_m2": 23.75, "review_status": "unreviewed" }, "recommended_task": "Field inspection: check irrigation, pruning, stress.", "confidence_score": 0.85, "status": "open", "alert_id": "ALERT-V1-00639" }, "geometry": { "type": "Point", "coordinates": [ 35.401021228504774, 32.920335376302233 ] } },
{ "type": "Feature", "properties": { "alert_type": "low_vigor_tree", "severity": "medium", "grove_code": "THOELIEB", "tree_code_optional": "KOG-THOELIEB-0211", "related_rule": "Ba'al rainfed discipline", "evidence": { "final_ndvi_mean": 0.28592202067375183, "health_index": 31.2, "confidence_score": 0.85, "shadow_fraction": 0.0, "crown_area_m2": 22.5, "review_status": "unreviewed" }, "recommended_task": "Field inspection: check irrigation, pruning, stress.", "confidence_score": 0.85, "status": "open", "alert_id": "ALERT-V1-00640" }, "geometry": { "type": "Point", "coordinates": [ 35.401210982912737, 32.920163172881317 ] } },
{ "type": "Feature", "properties": { "alert_type": "low_vigor_tree", "severity": "medium", "grove_code": "THOELIEB", "tree_code_optional": "KOG-THOELIEB-0212", "related_rule": "Ba'al rainfed discipline", "evidence": { "final_ndvi_mean": 0.2793773412704468, "health_index": 25.9, "confidence_score": 0.85, "shadow_fraction": 0.0, "crown_area_m2": 17.5, "review_status": "unreviewed" }, "recommended_task": "Field inspection: check irrigation, pruning, stress.", "confidence_score": 0.85, "status": "open", "alert_id": "ALERT-V1-00641" }, "geometry": { "type": "Point", "coordinates": [ 35.400733403921869, 32.920159441246859 ] } },
{ "type": "Feature", "properties": { "alert_type": "low_vigor_tree", "severity": "medium", "grove_code": "THOELIEB", "tree_code_optional": "KOG-THOELIEB-0213", "related_rule": "Ba'al rainfed discipline", "evidence": { "final_ndvi_mean": 0.28235921263694763, "health_index": 30.5, "confidence_score": 0.85, "shadow_fraction": 0.0, "crown_area_m2": 22.25, "review_status": "unreviewed" }, "recommended_task": "Field inspection: check irrigation, pruning, stress.", "confidence_score": 0.85, "status": "open", "alert_id": "ALERT-V1-00642" }, "geometry": { "type": "Point", "coordinates": [ 35.400967536281541, 32.919852556884194 ] } },
{ "type": "Feature", "properties": { "alert_type": "low_vigor_tree", "severity": "medium", "grove_code": "THOELIEB", "tree_code_optional": "KOG-THOELIEB-0214", "related_rule": "Ba'al rainfed discipline", "evidence": { "final_ndvi_mean": 0.28657808899879456, "health_index": 27.3, "confidence_score": 0.85, "shadow_fraction": 0.0, "crown_area_m2": 23.75, "review_status": "unreviewed" }, "recommended_task": "Field inspection: check irrigation, pruning, stress.", "confidence_score": 0.85, "status": "open", "alert_id": "ALERT-V1-00643" }, "geometry": { "type": "Point", "coordinates": [ 35.401599805862134, 32.919804672741087 ] } },
{ "type": "Feature", "properties": { "alert_type": "low_vigor_tree", "severity": "medium", "grove_code": "THOELIEB", "tree_code_optional": "KOG-THOELIEB-0215", "related_rule": "Ba'al rainfed discipline", "evidence": { "final_ndvi_mean": 0.28911328315734863, "health_index": 31.8, "confidence_score": 0.85, "shadow_fraction": 0.0, "crown_area_m2": 25.0, "review_status": "unreviewed" }, "recommended_task": "Field inspection: check irrigation, pruning, stress.", "confidence_score": 0.85, "status": "open", "alert_id": "ALERT-V1-00644" }, "geometry": { "type": "Point", "coordinates": [ 35.401070337243269, 32.919406906081122 ] } },
{ "type": "Feature", "properties": { "alert_type": "low_vigor_tree", "severity": "medium", "grove_code": "THOELIEB", "tree_code_optional": "KOG-THOELIEB-0216", "related_rule": "Ba'al rainfed discipline", "evidence": { "final_ndvi_mean": 0.3193920850753784, "health_index": 37.9, "confidence_score": 0.85, "shadow_fraction": 0.0, "crown_area_m2": 25.0, "review_status": "unreviewed" }, "recommended_task": "Field inspection: check irrigation, pruning, stress.", "confidence_score": 0.85, "status": "open", "alert_id": "ALERT-V1-00645" }, "geometry": { "type": "Point", "coordinates": [ 35.400660374522154, 32.919359148536586 ] } },
{ "type": "Feature", "properties": { "alert_type": "low_vigor_tree", "severity": "medium", "grove_code": "THOELIEB", "tree_code_optional": "KOG-THOELIEB-0217", "related_rule": "Ba'al rainfed discipline", "evidence": { "final_ndvi_mean": 0.2785802185535431, "health_index": 25.7, "confidence_score": 0.85, "shadow_fraction": 0.0, "crown_area_m2": 18.5, "review_status": "unreviewed" }, "recommended_task": "Field inspection: check irrigation, pruning, stress.", "confidence_score": 0.85, "status": "open", "alert_id": "ALERT-V1-00646" }, "geometry": { "type": "Point", "coordinates": [ 35.399910351893894, 32.920805495490761 ] } },
{ "type": "Feature", "properties": { "alert_type": "low_vigor_tree", "severity": "medium", "grove_code": "THOELIEB", "tree_code_optional": "KOG-THOELIEB-0218", "related_rule": "Ba'al rainfed discipline", "evidence": { "final_ndvi_mean": 0.2791380286216736, "health_index": 29.8, "confidence_score": 0.85, "shadow_fraction": 0.0, "crown_area_m2": 12.0, "review_status": "unreviewed" }, "recommended_task": "Field inspection: check irrigation, pruning, stress.", "confidence_score": 0.85, "status": "open", "alert_id": "ALERT-V1-00647" }, "geometry": { "type": "Point", "coordinates": [ 35.400359678770428, 32.920479287110354 ] } },
{ "type": "Feature", "properties": { "alert_type": "low_vigor_tree", "severity": "medium", "grove_code": "THOELIEB", "tree_code_optional": "KOG-THOELIEB-0219", "related_rule": "Ba'al rainfed discipline", "evidence": { "final_ndvi_mean": 0.3021886944770813, "health_index": 30.4, "confidence_score": 0.85, "shadow_fraction": 0.0, "crown_area_m2": 17.0, "review_status": "unreviewed" }, "recommended_task": "Field inspection: check irrigation, pruning, stress.", "confidence_score": 0.85, "status": "open", "alert_id": "ALERT-V1-00648" }, "geometry": { "type": "Point", "coordinates": [ 35.401527948541549, 32.920219253194652 ] } },
{ "type": "Feature", "properties": { "alert_type": "low_vigor_tree", "severity": "medium", "grove_code": "THOELIEB", "tree_code_optional": "KOG-THOELIEB-0220", "related_rule": "Ba'al rainfed discipline", "evidence": { "final_ndvi_mean": 0.3087935447692871, "health_index": 31.8, "confidence_score": 0.85, "shadow_fraction": 0.0, "crown_area_m2": 18.5, "review_status": "unreviewed" }, "recommended_task": "Field inspection: check irrigation, pruning, stress.", "confidence_score": 0.85, "status": "open", "alert_id": "ALERT-V1-00649" }, "geometry": { "type": "Point", "coordinates": [ 35.401773828173148, 32.920040810210132 ] } },
{ "type": "Feature", "properties": { "alert_type": "low_vigor_tree", "severity": "medium", "grove_code": "THOELIEB", "tree_code_optional": "KOG-THOELIEB-0221", "related_rule": "Ba'al rainfed discipline", "evidence": { "final_ndvi_mean": 0.2737157940864563, "health_index": 24.7, "confidence_score": 0.85, "shadow_fraction": 0.0, "crown_area_m2": 17.0, "review_status": "unreviewed" }, "recommended_task": "Field inspection: check irrigation, pruning, stress.", "confidence_score": 0.85, "status": "open", "alert_id": "ALERT-V1-00650" }, "geometry": { "type": "Point", "coordinates": [ 35.401440128458631, 32.919849444899739 ] } },
{ "type": "Feature", "properties": { "alert_type": "low_vigor_tree", "severity": "medium", "grove_code": "THOELIEB", "tree_code_optional": "KOG-THOELIEB-0222", "related_rule": "Ba'al rainfed discipline", "evidence": { "final_ndvi_mean": 0.27699559926986694, "health_index": 29.4, "confidence_score": 0.85, "shadow_fraction": 0.0, "crown_area_m2": 16.75, "review_status": "unreviewed" }, "recommended_task": "Field inspection: check irrigation, pruning, stress.", "confidence_score": 0.85, "status": "open", "alert_id": "ALERT-V1-00651" }, "geometry": { "type": "Point", "coordinates": [ 35.400997194000908, 32.919457934889145 ] } },
{ "type": "Feature", "properties": { "alert_type": "low_vigor_tree", "severity": "medium", "grove_code": "THOELIEB", "tree_code_optional": "KOG-THOELIEB-0223", "related_rule": "Ba'al rainfed discipline", "evidence": { "final_ndvi_mean": 0.2716168165206909, "health_index": 24.3, "confidence_score": 0.85, "shadow_fraction": 0.0, "crown_area_m2": 18.25, "review_status": "unreviewed" }, "recommended_task": "Field inspection: check irrigation, pruning, stress.", "confidence_score": 0.85, "status": "open", "alert_id": "ALERT-V1-00652" }, "geometry": { "type": "Point", "coordinates": [ 35.399559203353483, 32.921067873243878 ] } },
{ "type": "Feature", "properties": { "alert_type": "low_vigor_tree", "severity": "medium", "grove_code": "THOELIEB", "tree_code_optional": "KOG-THOELIEB-0224", "related_rule": "Ba'al rainfed discipline", "evidence": { "final_ndvi_mean": 0.2845788896083832, "health_index": 30.9, "confidence_score": 0.85, "shadow_fraction": 0.0, "crown_area_m2": 9.5, "review_status": "unreviewed" }, "recommended_task": "Field inspection: check irrigation, pruning, stress.", "confidence_score": 0.85, "status": "open", "alert_id": "ALERT-V1-00653" }, "geometry": { "type": "Point", "coordinates": [ 35.400957460039173, 32.920380667669193 ] } },
{ "type": "Feature", "properties": { "alert_type": "low_vigor_tree", "severity": "medium", "grove_code": "THOELIEB", "tree_code_optional": "KOG-THOELIEB-0225", "related_rule": "Ba'al rainfed discipline", "evidence": { "final_ndvi_mean": 0.27539053559303284, "health_index": 25.1, "confidence_score": 0.85, "shadow_fraction": 0.0, "crown_area_m2": 14.75, "review_status": "unreviewed" }, "recommended_task": "Field inspection: check irrigation, pruning, stress.", "confidence_score": 0.85, "status": "open", "alert_id": "ALERT-V1-00654" }, "geometry": { "type": "Point", "coordinates": [ 35.400742354910051, 32.920347129984371 ] } },
{ "type": "Feature", "properties": { "alert_type": "low_vigor_tree", "severity": "medium", "grove_code": "THOELIEB", "tree_code_optional": "KOG-THOELIEB-0226", "related_rule": "Ba'al rainfed discipline", "evidence": { "final_ndvi_mean": 0.26463642716407776, "health_index": 26.9, "confidence_score": 0.85, "shadow_fraction": 0.0, "crown_area_m2": 16.5, "review_status": "unreviewed" }, "recommended_task": "Field inspection: check irrigation, pruning, stress.", "confidence_score": 0.85, "status": "open", "alert_id": "ALERT-V1-00655" }, "geometry": { "type": "Point", "coordinates": [ 35.401010750298383, 32.9194046466354 ] } },
{ "type": "Feature", "properties": { "alert_type": "low_vigor_tree", "severity": "medium", "grove_code": "THOELIEB", "tree_code_optional": "KOG-THOELIEB-0227", "related_rule": "Ba'al rainfed discipline", "evidence": { "final_ndvi_mean": 0.2735763490200043, "health_index": 28.7, "confidence_score": 0.85, "shadow_fraction": 0.0, "crown_area_m2": 14.5, "review_status": "unreviewed" }, "recommended_task": "Field inspection: check irrigation, pruning, stress.", "confidence_score": 0.85, "status": "open", "alert_id": "ALERT-V1-00656" }, "geometry": { "type": "Point", "coordinates": [ 35.399817416609423, 32.920748280162876 ] } },
{ "type": "Feature", "properties": { "alert_type": "low_vigor_tree", "severity": "medium", "grove_code": "THOELIEB", "tree_code_optional": "KOG-THOELIEB-0228", "related_rule": "Ba'al rainfed discipline", "evidence": { "final_ndvi_mean": 0.272810161113739, "health_index": 28.6, "confidence_score": 0.85, "shadow_fraction": 0.0, "crown_area_m2": 13.25, "review_status": "unreviewed" }, "recommended_task": "Field inspection: check irrigation, pruning, stress.", "confidence_score": 0.85, "status": "open", "alert_id": "ALERT-V1-00657" }, "geometry": { "type": "Point", "coordinates": [ 35.399897494125405, 32.920693282323498 ] } },
{ "type": "Feature", "properties": { "alert_type": "low_vigor_tree", "severity": "medium", "grove_code": "THOELIEB", "tree_code_optional": "KOG-THOELIEB-0229", "related_rule": "Ba'al rainfed discipline", "evidence": { "final_ndvi_mean": 0.2765164077281952, "health_index": 29.3, "confidence_score": 0.85, "shadow_fraction": 0.0, "crown_area_m2": 12.25, "review_status": "unreviewed" }, "recommended_task": "Field inspection: check irrigation, pruning, stress.", "confidence_score": 0.85, "status": "open", "alert_id": "ALERT-V1-00658" }, "geometry": { "type": "Point", "coordinates": [ 35.401473431515853, 32.920562816448779 ] } },
{ "type": "Feature", "properties": { "alert_type": "low_vigor_tree", "severity": "medium", "grove_code": "THOELIEB", "tree_code_optional": "KOG-THOELIEB-0230", "related_rule": "Ba'al rainfed discipline", "evidence": { "final_ndvi_mean": 0.27954384684562683, "health_index": 29.9, "confidence_score": 0.85, "shadow_fraction": 0.0, "crown_area_m2": 14.75, "review_status": "unreviewed" }, "recommended_task": "Field inspection: check irrigation, pruning, stress.", "confidence_score": 0.85, "status": "open", "alert_id": "ALERT-V1-00659" }, "geometry": { "type": "Point", "coordinates": [ 35.400253202465692, 32.920438524993394 ] } },
{ "type": "Feature", "properties": { "alert_type": "low_vigor_tree", "severity": "medium", "grove_code": "THOELIEB", "tree_code_optional": "KOG-THOELIEB-0231", "related_rule": "Ba'al rainfed discipline", "evidence": { "final_ndvi_mean": 0.2751730680465698, "health_index": 29.0, "confidence_score": 0.85, "shadow_fraction": 0.0, "crown_area_m2": 14.25, "review_status": "unreviewed" }, "recommended_task": "Field inspection: check irrigation, pruning, stress.", "confidence_score": 0.85, "status": "open", "alert_id": "ALERT-V1-00660" }, "geometry": { "type": "Point", "coordinates": [ 35.400513193050458, 32.920331582110968 ] } },
{ "type": "Feature", "properties": { "alert_type": "low_vigor_tree", "severity": "medium", "grove_code": "THOELIEB", "tree_code_optional": "KOG-THOELIEB-0232", "related_rule": "Ba'al rainfed discipline", "evidence": { "final_ndvi_mean": 0.27996355295181274, "health_index": 30.0, "confidence_score": 0.85, "shadow_fraction": 0.0, "crown_area_m2": 15.0, "review_status": "unreviewed" }, "recommended_task": "Field inspection: check irrigation, pruning, stress.", "confidence_score": 0.85, "status": "open", "alert_id": "ALERT-V1-00661" }, "geometry": { "type": "Point", "coordinates": [ 35.400657225115879, 32.920150846679086 ] } },
{ "type": "Feature", "properties": { "alert_type": "low_vigor_tree", "severity": "medium", "grove_code": "THOELIEB", "tree_code_optional": "KOG-THOELIEB-0233", "related_rule": "Ba'al rainfed discipline", "evidence": { "final_ndvi_mean": 0.31776705384254456, "health_index": 33.6, "confidence_score": 0.85, "shadow_fraction": 0.0, "crown_area_m2": 12.25, "review_status": "unreviewed" }, "recommended_task": "Field inspection: check irrigation, pruning, stress.", "confidence_score": 0.85, "status": "open", "alert_id": "ALERT-V1-00662" }, "geometry": { "type": "Point", "coordinates": [ 35.400253979673082, 32.920652409606141 ] } },
{ "type": "Feature", "properties": { "alert_type": "low_vigor_tree", "severity": "medium", "grove_code": "THOELIEB", "tree_code_optional": "KOG-THOELIEB-0234", "related_rule": "Ba'al rainfed discipline", "evidence": { "final_ndvi_mean": 0.27213287353515625, "health_index": 28.4, "confidence_score": 0.85, "shadow_fraction": 0.0, "crown_area_m2": 14.5, "review_status": "unreviewed" }, "recommended_task": "Field inspection: check irrigation, pruning, stress.", "confidence_score": 0.85, "status": "open", "alert_id": "ALERT-V1-00663" }, "geometry": { "type": "Point", "coordinates": [ 35.400128632588405, 32.920351217748021 ] } },
{ "type": "Feature", "properties": { "alert_type": "low_vigor_tree", "severity": "medium", "grove_code": "THOELIEB", "tree_code_optional": "KOG-THOELIEB-0235", "related_rule": "Ba'al rainfed discipline", "evidence": { "final_ndvi_mean": 0.27990591526031494, "health_index": 26.0, "confidence_score": 0.85, "shadow_fraction": 0.0, "crown_area_m2": 13.75, "review_status": "unreviewed" }, "recommended_task": "Field inspection: check irrigation, pruning, stress.", "confidence_score": 0.85, "status": "open", "alert_id": "ALERT-V1-00664" }, "geometry": { "type": "Point", "coordinates": [ 35.401568741588761, 32.920133156141119 ] } },
{ "type": "Feature", "properties": { "alert_type": "low_vigor_tree", "severity": "medium", "grove_code": "THOELIEB", "tree_code_optional": "KOG-THOELIEB-0236", "related_rule": "Ba'al rainfed discipline", "evidence": { "final_ndvi_mean": 0.3115147650241852, "health_index": 32.3, "confidence_score": 0.85, "shadow_fraction": 0.0, "crown_area_m2": 19.0, "review_status": "unreviewed" }, "recommended_task": "Field inspection: check irrigation, pruning, stress.", "confidence_score": 0.85, "status": "open", "alert_id": "ALERT-V1-00665" }, "geometry": { "type": "Point", "coordinates": [ 35.40165012216179, 32.920132490133703 ] } },
{ "type": "Feature", "properties": { "alert_type": "low_vigor_tree", "severity": "medium", "grove_code": "THOELIEB", "tree_code_optional": "KOG-THOELIEB-0237", "related_rule": "Ba'al rainfed discipline", "evidence": { "final_ndvi_mean": 0.2659910023212433, "health_index": 27.2, "confidence_score": 0.85, "shadow_fraction": 0.0, "crown_area_m2": 11.25, "review_status": "unreviewed" }, "recommended_task": "Field inspection: check irrigation, pruning, stress.", "confidence_score": 0.85, "status": "open", "alert_id": "ALERT-V1-00666" }, "geometry": { "type": "Point", "coordinates": [ 35.400436842824824, 32.920142332165902 ] } },
{ "type": "Feature", "properties": { "alert_type": "low_vigor_tree", "severity": "medium", "grove_code": "THOELIEB", "tree_code_optional": "KOG-THOELIEB-0238", "related_rule": "Ba'al rainfed discipline", "evidence": { "final_ndvi_mean": 0.2872266471385956, "health_index": 27.4, "confidence_score": 0.85, "shadow_fraction": 0.0, "crown_area_m2": 16.0, "review_status": "unreviewed" }, "recommended_task": "Field inspection: check irrigation, pruning, stress.", "confidence_score": 0.85, "status": "open", "alert_id": "ALERT-V1-00667" }, "geometry": { "type": "Point", "coordinates": [ 35.40171803953529, 32.920084741255096 ] } },
{ "type": "Feature", "properties": { "alert_type": "low_vigor_tree", "severity": "medium", "grove_code": "THOELIEB", "tree_code_optional": "KOG-THOELIEB-0239", "related_rule": "Ba'al rainfed discipline", "evidence": { "final_ndvi_mean": 0.2666141390800476, "health_index": 27.3, "confidence_score": 0.85, "shadow_fraction": 0.0, "crown_area_m2": 15.5, "review_status": "unreviewed" }, "recommended_task": "Field inspection: check irrigation, pruning, stress.", "confidence_score": 0.85, "status": "open", "alert_id": "ALERT-V1-00668" }, "geometry": { "type": "Point", "coordinates": [ 35.401414376559636, 32.920025399428312 ] } },
{ "type": "Feature", "properties": { "alert_type": "low_vigor_tree", "severity": "medium", "grove_code": "THOELIEB", "tree_code_optional": "KOG-THOELIEB-0240", "related_rule": "Ba'al rainfed discipline", "evidence": { "final_ndvi_mean": 0.3160232603549957, "health_index": 33.2, "confidence_score": 0.85, "shadow_fraction": 0.0, "crown_area_m2": 19.5, "review_status": "unreviewed" }, "recommended_task": "Field inspection: check irrigation, pruning, stress.", "confidence_score": 0.85, "status": "open", "alert_id": "ALERT-V1-00669" }, "geometry": { "type": "Point", "coordinates": [ 35.401913969901287, 32.919943934849115 ] } },
{ "type": "Feature", "properties": { "alert_type": "low_vigor_tree", "severity": "medium", "grove_code": "THOELIEB", "tree_code_optional": "KOG-THOELIEB-0241", "related_rule": "Ba'al rainfed discipline", "evidence": { "final_ndvi_mean": 0.2873808741569519, "health_index": 27.5, "confidence_score": 0.85, "shadow_fraction": 0.0, "crown_area_m2": 12.5, "review_status": "unreviewed" }, "recommended_task": "Field inspection: check irrigation, pruning, stress.", "confidence_score": 0.85, "status": "open", "alert_id": "ALERT-V1-00670" }, "geometry": { "type": "Point", "coordinates": [ 35.401359757511045, 32.919895847898346 ] } },
{ "type": "Feature", "properties": { "alert_type": "low_vigor_tree", "severity": "medium", "grove_code": "THOELIEB", "tree_code_optional": "KOG-THOELIEB-0242", "related_rule": "Ba'al rainfed discipline", "evidence": { "final_ndvi_mean": 0.28053751587867737, "health_index": 26.1, "confidence_score": 0.85, "shadow_fraction": 0.0, "crown_area_m2": 15.5, "review_status": "unreviewed" }, "recommended_task": "Field inspection: check irrigation, pruning, stress.", "confidence_score": 0.85, "status": "open", "alert_id": "ALERT-V1-00671" }, "geometry": { "type": "Point", "coordinates": [ 35.400875196964861, 32.919854618330461 ] } },
{ "type": "Feature", "properties": { "alert_type": "low_vigor_tree", "severity": "medium", "grove_code": "THOELIEB", "tree_code_optional": "KOG-THOELIEB-0243", "related_rule": "Ba'al rainfed discipline", "evidence": { "final_ndvi_mean": 0.270232617855072, "health_index": 28.0, "confidence_score": 0.85, "shadow_fraction": 0.0, "crown_area_m2": 10.0, "review_status": "unreviewed" }, "recommended_task": "Field inspection: check irrigation, pruning, stress.", "confidence_score": 0.85, "status": "open", "alert_id": "ALERT-V1-00672" }, "geometry": { "type": "Point", "coordinates": [ 35.4005716589038, 32.919788382739917 ] } },
{ "type": "Feature", "properties": { "alert_type": "low_vigor_tree", "severity": "medium", "grove_code": "THOELIEB", "tree_code_optional": "KOG-THOELIEB-0244", "related_rule": "Ba'al rainfed discipline", "evidence": { "final_ndvi_mean": 0.26000097393989563, "health_index": 22.0, "confidence_score": 0.85, "shadow_fraction": 0.0, "crown_area_m2": 13.25, "review_status": "unreviewed" }, "recommended_task": "Field inspection: check irrigation, pruning, stress.", "confidence_score": 0.85, "status": "open", "alert_id": "ALERT-V1-00673" }, "geometry": { "type": "Point", "coordinates": [ 35.400507984211934, 32.919523519318318 ] } },
{ "type": "Feature", "properties": { "alert_type": "low_vigor_tree", "severity": "medium", "grove_code": "THOELIEB", "tree_code_optional": "KOG-THOELIEB-0245", "related_rule": "Ba'al rainfed discipline", "evidence": { "final_ndvi_mean": 0.2761502265930176, "health_index": 29.2, "confidence_score": 0.85, "shadow_fraction": 0.0, "crown_area_m2": 12.75, "review_status": "unreviewed" }, "recommended_task": "Field inspection: check irrigation, pruning, stress.", "confidence_score": 0.85, "status": "open", "alert_id": "ALERT-V1-00674" }, "geometry": { "type": "Point", "coordinates": [ 35.401886859040943, 32.919502445401768 ] } },
{ "type": "Feature", "properties": { "alert_type": "low_vigor_tree", "severity": "medium", "grove_code": "THOELIEB", "tree_code_optional": "KOG-THOELIEB-0246", "related_rule": "Ba'al rainfed discipline", "evidence": { "final_ndvi_mean": 0.2659907042980194, "health_index": 23.2, "confidence_score": 0.85, "shadow_fraction": 0.0, "crown_area_m2": 14.0, "review_status": "unreviewed" }, "recommended_task": "Field inspection: check irrigation, pruning, stress.", "confidence_score": 0.85, "status": "open", "alert_id": "ALERT-V1-00675" }, "geometry": { "type": "Point", "coordinates": [ 35.400167357529277, 32.920172250175675 ] } },
{ "type": "Feature", "properties": { "alert_type": "low_vigor_tree", "severity": "medium", "grove_code": "THOELIEB", "tree_code_optional": "KOG-THOELIEB-0247", "related_rule": "Ba'al rainfed discipline", "evidence": { "final_ndvi_mean": 0.3155290484428406, "health_index": 33.1, "confidence_score": 0.85, "shadow_fraction": 0.0, "crown_area_m2": 14.5, "review_status": "unreviewed" }, "recommended_task": "Field inspection: check irrigation, pruning, stress.", "confidence_score": 0.85, "status": "open", "alert_id": "ALERT-V1-00676" }, "geometry": { "type": "Point", "coordinates": [ 35.401848613936771, 32.919991830250353 ] } },
{ "type": "Feature", "properties": { "alert_type": "low_vigor_tree", "severity": "medium", "grove_code": "THOELIEB", "tree_code_optional": "KOG-THOELIEB-0248", "related_rule": "Ba'al rainfed discipline", "evidence": { "final_ndvi_mean": 0.26636555790901184, "health_index": 27.3, "confidence_score": 0.85, "shadow_fraction": 0.0, "crown_area_m2": 12.75, "review_status": "unreviewed" }, "recommended_task": "Field inspection: check irrigation, pruning, stress.", "confidence_score": 0.85, "status": "open", "alert_id": "ALERT-V1-00677" }, "geometry": { "type": "Point", "coordinates": [ 35.401542831028678, 32.919846851777727 ] } },
{ "type": "Feature", "properties": { "alert_type": "low_vigor_tree", "severity": "medium", "grove_code": "THOELIEB", "tree_code_optional": "KOG-THOELIEB-0249", "related_rule": "Ba'al rainfed discipline", "evidence": { "final_ndvi_mean": 0.2670406997203827, "health_index": 27.4, "confidence_score": 0.85, "shadow_fraction": 0.0, "crown_area_m2": 9.25, "review_status": "unreviewed" }, "recommended_task": "Field inspection: check irrigation, pruning, stress.", "confidence_score": 0.85, "status": "open", "alert_id": "ALERT-V1-00678" }, "geometry": { "type": "Point", "coordinates": [ 35.399628983604664, 32.921022318054476 ] } },
{ "type": "Feature", "properties": { "alert_type": "low_vigor_tree", "severity": "medium", "grove_code": "THOELIEB", "tree_code_optional": "KOG-THOELIEB-0250", "related_rule": "Ba'al rainfed discipline", "evidence": { "final_ndvi_mean": 0.27152079343795776, "health_index": 28.3, "confidence_score": 0.85, "shadow_fraction": 0.0, "crown_area_m2": 8.5, "review_status": "unreviewed" }, "recommended_task": "Field inspection: check irrigation, pruning, stress.", "confidence_score": 0.85, "status": "open", "alert_id": "ALERT-V1-00679" }, "geometry": { "type": "Point", "coordinates": [ 35.399469987960359, 32.920899220430826 ] } },
{ "type": "Feature", "properties": { "alert_type": "low_vigor_tree", "severity": "medium", "grove_code": "THOELIEB", "tree_code_optional": "KOG-THOELIEB-0251", "related_rule": "Ba'al rainfed discipline", "evidence": { "final_ndvi_mean": 0.26540032029151917, "health_index": 27.1, "confidence_score": 0.85, "shadow_fraction": 0.0, "crown_area_m2": 7.5, "review_status": "unreviewed" }, "recommended_task": "Field inspection: check irrigation, pruning, stress.", "confidence_score": 0.85, "status": "open", "alert_id": "ALERT-V1-00680" }, "geometry": { "type": "Point", "coordinates": [ 35.399976160908288, 32.920746971802842 ] } },
{ "type": "Feature", "properties": { "alert_type": "low_vigor_tree", "severity": "medium", "grove_code": "THOELIEB", "tree_code_optional": "KOG-THOELIEB-0252", "related_rule": "Ba'al rainfed discipline", "evidence": { "final_ndvi_mean": 0.2649184763431549, "health_index": 27.0, "confidence_score": 0.85, "shadow_fraction": 0.0, "crown_area_m2": 6.0, "review_status": "unreviewed" }, "recommended_task": "Field inspection: check irrigation, pruning, stress.", "confidence_score": 0.85, "status": "open", "alert_id": "ALERT-V1-00681" }, "geometry": { "type": "Point", "coordinates": [ 35.399983189756774, 32.920514041935029 ] } },
{ "type": "Feature", "properties": { "alert_type": "low_vigor_tree", "severity": "medium", "grove_code": "THOELIEB", "tree_code_optional": "KOG-THOELIEB-0253", "related_rule": "Ba'al rainfed discipline", "evidence": { "final_ndvi_mean": 0.2609013020992279, "health_index": 26.2, "confidence_score": 0.85, "shadow_fraction": 0.0, "crown_area_m2": 7.5, "review_status": "unreviewed" }, "recommended_task": "Field inspection: check irrigation, pruning, stress.", "confidence_score": 0.85, "status": "open", "alert_id": "ALERT-V1-00682" }, "geometry": { "type": "Point", "coordinates": [ 35.400445009594549, 32.920471053641641 ] } },
{ "type": "Feature", "properties": { "alert_type": "low_vigor_tree", "severity": "medium", "grove_code": "THOELIEB", "tree_code_optional": "KOG-THOELIEB-0254", "related_rule": "Ba'al rainfed discipline", "evidence": { "final_ndvi_mean": 0.2694658041000366, "health_index": 23.9, "confidence_score": 0.85, "shadow_fraction": 0.0, "crown_area_m2": 8.75, "review_status": "unreviewed" }, "recommended_task": "Field inspection: check irrigation, pruning, stress.", "confidence_score": 0.85, "status": "open", "alert_id": "ALERT-V1-00683" }, "geometry": { "type": "Point", "coordinates": [ 35.400347249276358, 32.920157779904514 ] } },
{ "type": "Feature", "properties": { "alert_type": "low_vigor_tree", "severity": "medium", "grove_code": "THOELIEB", "tree_code_optional": "KOG-THOELIEB-0255", "related_rule": "Ba'al rainfed discipline", "evidence": { "final_ndvi_mean": 0.26852744817733765, "health_index": 23.7, "confidence_score": 0.85, "shadow_fraction": 0.0, "crown_area_m2": 9.0, "review_status": "unreviewed" }, "recommended_task": "Field inspection: check irrigation, pruning, stress.", "confidence_score": 0.85, "status": "open", "alert_id": "ALERT-V1-00684" }, "geometry": { "type": "Point", "coordinates": [ 35.400778397259295, 32.920116907682349 ] } },
{ "type": "Feature", "properties": { "alert_type": "low_vigor_tree", "severity": "medium", "grove_code": "THOELIEB", "tree_code_optional": "KOG-THOELIEB-0256", "related_rule": "Ba'al rainfed discipline", "evidence": { "final_ndvi_mean": 0.2579537034034729, "health_index": 25.6, "confidence_score": 0.85, "shadow_fraction": 0.0, "crown_area_m2": 8.25, "review_status": "unreviewed" }, "recommended_task": "Field inspection: check irrigation, pruning, stress.", "confidence_score": 0.85, "status": "open", "alert_id": "ALERT-V1-00685" }, "geometry": { "type": "Point", "coordinates": [ 35.400647641847726, 32.919752025265801 ] } },
{ "type": "Feature", "properties": { "alert_type": "low_vigor_tree", "severity": "medium", "grove_code": "THOELIEB", "tree_code_optional": "KOG-THOELIEB-0257", "related_rule": "Ba'al rainfed discipline", "evidence": { "final_ndvi_mean": 0.26257047057151794, "health_index": 26.5, "confidence_score": 0.85, "shadow_fraction": 0.0, "crown_area_m2": 6.25, "review_status": "unreviewed" }, "recommended_task": "Field inspection: check irrigation, pruning, stress.", "confidence_score": 0.85, "status": "open", "alert_id": "ALERT-V1-00686" }, "geometry": { "type": "Point", "coordinates": [ 35.40151212750181, 32.920438551291653 ] } },
{ "type": "Feature", "properties": { "alert_type": "low_vigor_tree", "severity": "medium", "grove_code": "THOELIEB", "tree_code_optional": "KOG-THOELIEB-0258", "related_rule": "Ba'al rainfed discipline", "evidence": { "final_ndvi_mean": 0.2673117518424988, "health_index": 23.5, "confidence_score": 0.85, "shadow_fraction": 0.0, "crown_area_m2": 5.25, "review_status": "unreviewed" }, "recommended_task": "Field inspection: check irrigation, pruning, stress.", "confidence_score": 0.85, "status": "open", "alert_id": "ALERT-V1-00687" }, "geometry": { "type": "Point", "coordinates": [ 35.400660555493467, 32.91996364296724 ] } },
{ "type": "Feature", "properties": { "alert_type": "low_vigor_tree", "severity": "medium", "grove_code": "THOELIEB", "tree_code_optional": "KOG-THOELIEB-0259", "related_rule": "Ba'al rainfed discipline", "evidence": { "final_ndvi_mean": 0.281832218170166, "health_index": 26.4, "confidence_score": 0.85, "shadow_fraction": 0.0, "crown_area_m2": 4.25, "review_status": "unreviewed" }, "recommended_task": "Field inspection: check irrigation, pruning, stress.", "confidence_score": 0.85, "status": "open", "alert_id": "ALERT-V1-00688" }, "geometry": { "type": "Point", "coordinates": [ 35.400434345640527, 32.91962769669253 ] } },
{ "type": "Feature", "properties": { "alert_type": "low_vigor_tree", "severity": "medium", "grove_code": "THOELIEB", "tree_code_optional": "KOG-THOELIEB-0260", "related_rule": "Ba'al rainfed discipline", "evidence": { "final_ndvi_mean": 0.27207398414611816, "health_index": 24.4, "confidence_score": 0.85, "shadow_fraction": 0.0, "crown_area_m2": 6.0, "review_status": "unreviewed" }, "recommended_task": "Field inspection: check irrigation, pruning, stress.", "confidence_score": 0.85, "status": "open", "alert_id": "ALERT-V1-00689" }, "geometry": { "type": "Point", "coordinates": [ 35.400444028230901, 32.919606846156547 ] } },
{ "type": "Feature", "properties": { "alert_type": "low_vigor_tree", "severity": "medium", "grove_code": "THOELIEB", "tree_code_optional": "KOG-THOELIEB-0261", "related_rule": "Ba'al rainfed discipline", "evidence": { "final_ndvi_mean": 0.2850828468799591, "health_index": 27.0, "confidence_score": 0.85, "shadow_fraction": 0.0, "crown_area_m2": 6.0, "review_status": "unreviewed" }, "recommended_task": "Field inspection: check irrigation, pruning, stress.", "confidence_score": 0.85, "status": "open", "alert_id": "ALERT-V1-00690" }, "geometry": { "type": "Point", "coordinates": [ 35.401161052739369, 32.920473936977999 ] } },
{ "type": "Feature", "properties": { "alert_type": "low_vigor_tree", "severity": "medium", "grove_code": "THOELIEB", "tree_code_optional": "KOG-THOELIEB-0262", "related_rule": "Ba'al rainfed discipline", "evidence": { "final_ndvi_mean": 0.25480207800865173, "health_index": 21.0, "confidence_score": 0.85, "shadow_fraction": 0.0, "crown_area_m2": 3.25, "review_status": "unreviewed" }, "recommended_task": "Field inspection: check irrigation, pruning, stress.", "confidence_score": 0.85, "status": "open", "alert_id": "ALERT-V1-00691" }, "geometry": { "type": "Point", "coordinates": [ 35.400422141519982, 32.920408962035673 ] } },
{ "type": "Feature", "properties": { "alert_type": "low_vigor_tree", "severity": "medium", "grove_code": "THOELIEB", "tree_code_optional": "KOG-THOELIEB-0263", "related_rule": "Ba'al rainfed discipline", "evidence": { "final_ndvi_mean": 0.2640323042869568, "health_index": 22.8, "confidence_score": 0.85, "shadow_fraction": 0.0, "crown_area_m2": 5.25, "review_status": "unreviewed" }, "recommended_task": "Field inspection: check irrigation, pruning, stress.", "confidence_score": 0.85, "status": "open", "alert_id": "ALERT-V1-00692" }, "geometry": { "type": "Point", "coordinates": [ 35.400653785361342, 32.919807259726568 ] } },
{ "type": "Feature", "properties": { "alert_type": "low_vigor_tree", "severity": "medium", "grove_code": "THOELIEB", "tree_code_optional": "KOG-THOELIEB-0264", "related_rule": "Ba'al rainfed discipline", "evidence": { "final_ndvi_mean": 0.2623581886291504, "health_index": 22.5, "confidence_score": 0.85, "shadow_fraction": 0.0, "crown_area_m2": 2.0, "review_status": "unreviewed" }, "recommended_task": "Field inspection: check irrigation, pruning, stress.", "confidence_score": 0.85, "status": "open", "alert_id": "ALERT-V1-00693" }, "geometry": { "type": "Point", "coordinates": [ 35.400177268363443, 32.920401355044184 ] } },
{ "type": "Feature", "properties": { "alert_type": "low_vigor_tree", "severity": "medium", "grove_code": "THOELIEB", "tree_code_optional": "KOG-THOELIEB-0265", "related_rule": "Ba'al rainfed discipline", "evidence": { "final_ndvi_mean": 0.25321847200393677, "health_index": 20.6, "confidence_score": 0.85, "shadow_fraction": 0.0, "crown_area_m2": 2.5, "review_status": "unreviewed" }, "recommended_task": "Field inspection: check irrigation, pruning, stress.", "confidence_score": 0.85, "status": "open", "alert_id": "ALERT-V1-00694" }, "geometry": { "type": "Point", "coordinates": [ 35.400206279239256, 32.920228568556851 ] } },
{ "type": "Feature", "properties": { "alert_type": "low_vigor_tree", "severity": "medium", "grove_code": "THOELIEB", "tree_code_optional": "KOG-THOELIEB-0266", "related_rule": "Ba'al rainfed discipline", "evidence": { "final_ndvi_mean": 0.25650009512901306, "health_index": 21.3, "confidence_score": 0.85, "shadow_fraction": 0.0, "crown_area_m2": 2.5, "review_status": "unreviewed" }, "recommended_task": "Field inspection: check irrigation, pruning, stress.", "confidence_score": 0.85, "status": "open", "alert_id": "ALERT-V1-00695" }, "geometry": { "type": "Point", "coordinates": [ 35.400508262817389, 32.920048733586448 ] } },
{ "type": "Feature", "properties": { "alert_type": "low_vigor_tree", "severity": "medium", "grove_code": "THOELIEB", "tree_code_optional": "KOG-THOELIEB-0267", "related_rule": "Ba'al rainfed discipline", "evidence": { "final_ndvi_mean": 0.26840507984161377, "health_index": 23.7, "confidence_score": 0.85, "shadow_fraction": 0.0, "crown_area_m2": 2.75, "review_status": "unreviewed" }, "recommended_task": "Field inspection: check irrigation, pruning, stress.", "confidence_score": 0.85, "status": "open", "alert_id": "ALERT-V1-00696" }, "geometry": { "type": "Point", "coordinates": [ 35.401991857149021, 32.919896967571617 ] } },
{ "type": "Feature", "properties": { "alert_type": "low_vigor_tree", "severity": "medium", "grove_code": "THOELIEB", "tree_code_optional": "KOG-THOELIEB-0268", "related_rule": "Ba'al rainfed discipline", "evidence": { "final_ndvi_mean": 0.28745579719543457, "health_index": 27.5, "confidence_score": 0.85, "shadow_fraction": 0.0, "crown_area_m2": 2.25, "review_status": "unreviewed" }, "recommended_task": "Field inspection: check irrigation, pruning, stress.", "confidence_score": 0.85, "status": "open", "alert_id": "ALERT-V1-00697" }, "geometry": { "type": "Point", "coordinates": [ 35.402209144112597, 32.919739360058962 ] } },
{ "type": "Feature", "properties": { "alert_type": "low_vigor_tree", "severity": "medium", "grove_code": "THOELIEB", "tree_code_optional": "KOG-THOELIEB-0269", "related_rule": "Ba'al rainfed discipline", "evidence": { "final_ndvi_mean": 0.2928011119365692, "health_index": 28.6, "confidence_score": 0.85, "shadow_fraction": 0.0, "crown_area_m2": 3.5, "review_status": "unreviewed" }, "recommended_task": "Field inspection: check irrigation, pruning, stress.", "confidence_score": 0.85, "status": "open", "alert_id": "ALERT-V1-00698" }, "geometry": { "type": "Point", "coordinates": [ 35.402225124382291, 32.91972627836865 ] } },
{ "type": "Feature", "properties": { "alert_type": "low_vigor_tree", "severity": "medium", "grove_code": "SERET_AL_AJOUL_A", "tree_code_optional": "KOG-SERET_AL_AJOUL_A-0001", "related_rule": "Ba'al rainfed discipline", "evidence": { "final_ndvi_mean": 0.31585443019866943, "health_index": 33.2, "confidence_score": 0.85, "shadow_fraction": 0.0, "crown_area_m2": 244.75, "review_status": "unreviewed" }, "recommended_task": "Field inspection: check irrigation, pruning, stress.", "confidence_score": 0.85, "status": "open", "alert_id": "ALERT-V1-00699" }, "geometry": { "type": "Point", "coordinates": [ 35.403980165719993, 32.919285188382439 ] } },
{ "type": "Feature", "properties": { "alert_type": "low_vigor_tree", "severity": "medium", "grove_code": "SERET_AL_AJOUL_A", "tree_code_optional": "KOG-SERET_AL_AJOUL_A-0003", "related_rule": "Ba'al rainfed discipline", "evidence": { "final_ndvi_mean": 0.29560890793800354, "health_index": 29.1, "confidence_score": 0.85, "shadow_fraction": 0.0, "crown_area_m2": 216.0, "review_status": "unreviewed" }, "recommended_task": "Field inspection: check irrigation, pruning, stress.", "confidence_score": 0.85, "status": "open", "alert_id": "ALERT-V1-00700" }, "geometry": { "type": "Point", "coordinates": [ 35.405568033456809, 32.919370747068626 ] } },
{ "type": "Feature", "properties": { "alert_type": "low_vigor_tree", "severity": "medium", "grove_code": "SERET_AL_AJOUL_A", "tree_code_optional": "KOG-SERET_AL_AJOUL_A-0004", "related_rule": "Ba'al rainfed discipline", "evidence": { "final_ndvi_mean": 0.30088797211647034, "health_index": 34.2, "confidence_score": 0.85, "shadow_fraction": 0.0, "crown_area_m2": 266.5, "review_status": "unreviewed" }, "recommended_task": "Field inspection: check irrigation, pruning, stress.", "confidence_score": 0.85, "status": "open", "alert_id": "ALERT-V1-00701" }, "geometry": { "type": "Point", "coordinates": [ 35.405747741460821, 32.919072417080592 ] } },
{ "type": "Feature", "properties": { "alert_type": "low_vigor_tree", "severity": "medium", "grove_code": "SERET_AL_AJOUL_A", "tree_code_optional": "KOG-SERET_AL_AJOUL_A-0005", "related_rule": "Ba'al rainfed discipline", "evidence": { "final_ndvi_mean": 0.3563806116580963, "health_index": 41.3, "confidence_score": 0.85, "shadow_fraction": 0.0, "crown_area_m2": 144.0, "review_status": "unreviewed" }, "recommended_task": "Field inspection: check irrigation, pruning, stress.", "confidence_score": 0.85, "status": "open", "alert_id": "ALERT-V1-00702" }, "geometry": { "type": "Point", "coordinates": [ 35.403105308587342, 32.919084194971774 ] } },
{ "type": "Feature", "properties": { "alert_type": "low_vigor_tree", "severity": "medium", "grove_code": "SERET_AL_AJOUL_A", "tree_code_optional": "KOG-SERET_AL_AJOUL_A-0006", "related_rule": "Ba'al rainfed discipline", "evidence": { "final_ndvi_mean": 0.2839188873767853, "health_index": 26.8, "confidence_score": 0.85, "shadow_fraction": 0.0, "crown_area_m2": 189.75, "review_status": "unreviewed" }, "recommended_task": "Field inspection: check irrigation, pruning, stress.", "confidence_score": 0.85, "status": "open", "alert_id": "ALERT-V1-00703" }, "geometry": { "type": "Point", "coordinates": [ 35.40577054023742, 32.918086232302883 ] } },
{ "type": "Feature", "properties": { "alert_type": "low_vigor_tree", "severity": "medium", "grove_code": "SERET_AL_AJOUL_A", "tree_code_optional": "KOG-SERET_AL_AJOUL_A-0007", "related_rule": "Ba'al rainfed discipline", "evidence": { "final_ndvi_mean": 0.32093846797943115, "health_index": 34.2, "confidence_score": 0.85, "shadow_fraction": 0.0, "crown_area_m2": 134.25, "review_status": "unreviewed" }, "recommended_task": "Field inspection: check irrigation, pruning, stress.", "confidence_score": 0.85, "status": "open", "alert_id": "ALERT-V1-00704" }, "geometry": { "type": "Point", "coordinates": [ 35.403142392099667, 32.919232390395898 ] } },
{ "type": "Feature", "properties": { "alert_type": "low_vigor_tree", "severity": "medium", "grove_code": "SERET_AL_AJOUL_A", "tree_code_optional": "KOG-SERET_AL_AJOUL_A-0008", "related_rule": "Ba'al rainfed discipline", "evidence": { "final_ndvi_mean": 0.34775328636169434, "health_index": 39.6, "confidence_score": 0.85, "shadow_fraction": 0.0, "crown_area_m2": 101.5, "review_status": "unreviewed" }, "recommended_task": "Field inspection: check irrigation, pruning, stress.", "confidence_score": 0.85, "status": "open", "alert_id": "ALERT-V1-00705" }, "geometry": { "type": "Point", "coordinates": [ 35.405584169528808, 32.918934378344026 ] } },
{ "type": "Feature", "properties": { "alert_type": "low_vigor_tree", "severity": "medium", "grove_code": "SERET_AL_AJOUL_A", "tree_code_optional": "KOG-SERET_AL_AJOUL_A-0010", "related_rule": "Ba'al rainfed discipline", "evidence": { "final_ndvi_mean": 0.2803260087966919, "health_index": 30.1, "confidence_score": 0.85, "shadow_fraction": 0.0, "crown_area_m2": 87.0, "review_status": "unreviewed" }, "recommended_task": "Field inspection: check irrigation, pruning, stress.", "confidence_score": 0.85, "status": "open", "alert_id": "ALERT-V1-00706" }, "geometry": { "type": "Point", "coordinates": [ 35.405676662921906, 32.918232584619531 ] } },
{ "type": "Feature", "properties": { "alert_type": "low_vigor_tree", "severity": "medium", "grove_code": "SERET_AL_AJOUL_A", "tree_code_optional": "KOG-SERET_AL_AJOUL_A-0012", "related_rule": "Ba'al rainfed discipline", "evidence": { "final_ndvi_mean": 0.35484856367111206, "health_index": 45.0, "confidence_score": 0.85, "shadow_fraction": 0.0, "crown_area_m2": 106.75, "review_status": "unreviewed" }, "recommended_task": "Field inspection: check irrigation, pruning, stress.", "confidence_score": 0.85, "status": "open", "alert_id": "ALERT-V1-00707" }, "geometry": { "type": "Point", "coordinates": [ 35.406107973587645, 32.918926739648718 ] } },
{ "type": "Feature", "properties": { "alert_type": "low_vigor_tree", "severity": "medium", "grove_code": "SERET_AL_AJOUL_A", "tree_code_optional": "KOG-SERET_AL_AJOUL_A-0013", "related_rule": "Ba'al rainfed discipline", "evidence": { "final_ndvi_mean": 0.3166826367378235, "health_index": 33.3, "confidence_score": 0.85, "shadow_fraction": 0.0, "crown_area_m2": 110.75, "review_status": "unreviewed" }, "recommended_task": "Field inspection: check irrigation, pruning, stress.", "confidence_score": 0.85, "status": "open", "alert_id": "ALERT-V1-00708" }, "geometry": { "type": "Point", "coordinates": [ 35.404912512390183, 32.919686149877627 ] } },
{ "type": "Feature", "properties": { "alert_type": "low_vigor_tree", "severity": "medium", "grove_code": "SERET_AL_AJOUL_A", "tree_code_optional": "KOG-SERET_AL_AJOUL_A-0014", "related_rule": "Ba'al rainfed discipline", "evidence": { "final_ndvi_mean": 0.3341284394264221, "health_index": 36.8, "confidence_score": 0.85, "shadow_fraction": 0.0, "crown_area_m2": 94.75, "review_status": "unreviewed" }, "recommended_task": "Field inspection: check irrigation, pruning, stress.", "confidence_score": 0.85, "status": "open", "alert_id": "ALERT-V1-00709" }, "geometry": { "type": "Point", "coordinates": [ 35.40527905228624, 32.91943803527446 ] } },
{ "type": "Feature", "properties": { "alert_type": "low_vigor_tree", "severity": "medium", "grove_code": "SERET_AL_AJOUL_A", "tree_code_optional": "KOG-SERET_AL_AJOUL_A-0015", "related_rule": "Ba'al rainfed discipline", "evidence": { "final_ndvi_mean": 0.34649378061294556, "health_index": 43.3, "confidence_score": 0.85, "shadow_fraction": 0.0, "crown_area_m2": 84.0, "review_status": "unreviewed" }, "recommended_task": "Field inspection: check irrigation, pruning, stress.", "confidence_score": 0.85, "status": "open", "alert_id": "ALERT-V1-00710" }, "geometry": { "type": "Point", "coordinates": [ 35.404814744376431, 32.919308641135814 ] } },
{ "type": "Feature", "properties": { "alert_type": "low_vigor_tree", "severity": "medium", "grove_code": "SERET_AL_AJOUL_A", "tree_code_optional": "KOG-SERET_AL_AJOUL_A-0016", "related_rule": "Ba'al rainfed discipline", "evidence": { "final_ndvi_mean": 0.3169569969177246, "health_index": 33.4, "confidence_score": 0.85, "shadow_fraction": 0.0, "crown_area_m2": 71.5, "review_status": "unreviewed" }, "recommended_task": "Field inspection: check irrigation, pruning, stress.", "confidence_score": 0.85, "status": "open", "alert_id": "ALERT-V1-00711" }, "geometry": { "type": "Point", "coordinates": [ 35.405658632587055, 32.918895793368648 ] } },
{ "type": "Feature", "properties": { "alert_type": "low_vigor_tree", "severity": "medium", "grove_code": "SERET_AL_AJOUL_A", "tree_code_optional": "KOG-SERET_AL_AJOUL_A-0017", "related_rule": "Ba'al rainfed discipline", "evidence": { "final_ndvi_mean": 0.35127076506614685, "health_index": 44.3, "confidence_score": 0.85, "shadow_fraction": 0.0, "crown_area_m2": 90.75, "review_status": "unreviewed" }, "recommended_task": "Field inspection: check irrigation, pruning, stress.", "confidence_score": 0.85, "status": "open", "alert_id": "ALERT-V1-00712" }, "geometry": { "type": "Point", "coordinates": [ 35.405129235910763, 32.919270171656756 ] } },
{ "type": "Feature", "properties": { "alert_type": "low_vigor_tree", "severity": "medium", "grove_code": "SERET_AL_AJOUL_A", "tree_code_optional": "KOG-SERET_AL_AJOUL_A-0018", "related_rule": "Ba'al rainfed discipline", "evidence": { "final_ndvi_mean": 0.32772523164749146, "health_index": 35.5, "confidence_score": 0.85, "shadow_fraction": 0.0, "crown_area_m2": 91.75, "review_status": "unreviewed" }, "recommended_task": "Field inspection: check irrigation, pruning, stress.", "confidence_score": 0.85, "status": "open", "alert_id": "ALERT-V1-00713" }, "geometry": { "type": "Point", "coordinates": [ 35.40610235547652, 32.919225193150567 ] } },
{ "type": "Feature", "properties": { "alert_type": "low_vigor_tree", "severity": "medium", "grove_code": "SERET_AL_AJOUL_A", "tree_code_optional": "KOG-SERET_AL_AJOUL_A-0019", "related_rule": "Ba'al rainfed discipline", "evidence": { "final_ndvi_mean": 0.3189082741737366, "health_index": 33.8, "confidence_score": 0.85, "shadow_fraction": 0.0, "crown_area_m2": 95.25, "review_status": "unreviewed" }, "recommended_task": "Field inspection: check irrigation, pruning, stress.", "confidence_score": 0.85, "status": "open", "alert_id": "ALERT-V1-00714" }, "geometry": { "type": "Point", "coordinates": [ 35.404777083228012, 32.919223626979864 ] } },
{ "type": "Feature", "properties": { "alert_type": "low_vigor_tree", "severity": "medium", "grove_code": "SERET_AL_AJOUL_A", "tree_code_optional": "KOG-SERET_AL_AJOUL_A-0020", "related_rule": "Ba'al rainfed discipline", "evidence": { "final_ndvi_mean": 0.33561763167381287, "health_index": 41.1, "confidence_score": 0.85, "shadow_fraction": 0.0, "crown_area_m2": 82.5, "review_status": "unreviewed" }, "recommended_task": "Field inspection: check irrigation, pruning, stress.", "confidence_score": 0.85, "status": "open", "alert_id": "ALERT-V1-00715" }, "geometry": { "type": "Point", "coordinates": [ 35.40550535737723, 32.919213049495973 ] } },
{ "type": "Feature", "properties": { "alert_type": "low_vigor_tree", "severity": "medium", "grove_code": "SERET_AL_AJOUL_A", "tree_code_optional": "KOG-SERET_AL_AJOUL_A-0021", "related_rule": "Ba'al rainfed discipline", "evidence": { "final_ndvi_mean": 0.2657446563243866, "health_index": 17.1, "confidence_score": 0.85, "shadow_fraction": 0.0, "crown_area_m2": 127.5, "review_status": "unreviewed" }, "recommended_task": "Field inspection: check irrigation, pruning, stress.", "confidence_score": 0.85, "status": "open", "alert_id": "ALERT-V1-00716" }, "geometry": { "type": "Point", "coordinates": [ 35.406663715839393, 32.918762828293779 ] } },
{ "type": "Feature", "properties": { "alert_type": "low_vigor_tree", "severity": "medium", "grove_code": "SERET_AL_AJOUL_A", "tree_code_optional": "KOG-SERET_AL_AJOUL_A-0022", "related_rule": "Ba'al rainfed discipline", "evidence": { "final_ndvi_mean": 0.333412230014801, "health_index": 40.7, "confidence_score": 0.85, "shadow_fraction": 0.0, "crown_area_m2": 85.75, "review_status": "unreviewed" }, "recommended_task": "Field inspection: check irrigation, pruning, stress.", "confidence_score": 0.85, "status": "open", "alert_id": "ALERT-V1-00717" }, "geometry": { "type": "Point", "coordinates": [ 35.407230375443127, 32.91849450477136 ] } },
{ "type": "Feature", "properties": { "alert_type": "low_vigor_tree", "severity": "medium", "grove_code": "SERET_AL_AJOUL_A", "tree_code_optional": "KOG-SERET_AL_AJOUL_A-0023", "related_rule": "Ba'al rainfed discipline", "evidence": { "final_ndvi_mean": 0.3264681100845337, "health_index": 35.3, "confidence_score": 0.85, "shadow_fraction": 0.0, "crown_area_m2": 94.0, "review_status": "unreviewed" }, "recommended_task": "Field inspection: check irrigation, pruning, stress.", "confidence_score": 0.85, "status": "open", "alert_id": "ALERT-V1-00718" }, "geometry": { "type": "Point", "coordinates": [ 35.404390293293325, 32.919298095687545 ] } },
{ "type": "Feature", "properties": { "alert_type": "low_vigor_tree", "severity": "medium", "grove_code": "SERET_AL_AJOUL_A", "tree_code_optional": "KOG-SERET_AL_AJOUL_A-0024", "related_rule": "Ba'al rainfed discipline", "evidence": { "final_ndvi_mean": 0.33651202917099, "health_index": 37.3, "confidence_score": 0.85, "shadow_fraction": 0.0, "crown_area_m2": 91.75, "review_status": "unreviewed" }, "recommended_task": "Field inspection: check irrigation, pruning, stress.", "confidence_score": 0.85, "status": "open", "alert_id": "ALERT-V1-00719" }, "geometry": { "type": "Point", "coordinates": [ 35.406178363420054, 32.919102697039143 ] } },
{ "type": "Feature", "properties": { "alert_type": "low_vigor_tree", "severity": "medium", "grove_code": "SERET_AL_AJOUL_A", "tree_code_optional": "KOG-SERET_AL_AJOUL_A-0025", "related_rule": "Ba'al rainfed discipline", "evidence": { "final_ndvi_mean": 0.3329191207885742, "health_index": 40.6, "confidence_score": 0.85, "shadow_fraction": 0.0, "crown_area_m2": 80.5, "review_status": "unreviewed" }, "recommended_task": "Field inspection: check irrigation, pruning, stress.", "confidence_score": 0.85, "status": "open", "alert_id": "ALERT-V1-00720" }, "geometry": { "type": "Point", "coordinates": [ 35.406012856581768, 32.919146909439235 ] } },
{ "type": "Feature", "properties": { "alert_type": "low_vigor_tree", "severity": "medium", "grove_code": "SERET_AL_AJOUL_A", "tree_code_optional": "KOG-SERET_AL_AJOUL_A-0026", "related_rule": "Ba'al rainfed discipline", "evidence": { "final_ndvi_mean": 0.31930941343307495, "health_index": 33.9, "confidence_score": 0.85, "shadow_fraction": 0.0, "crown_area_m2": 115.25, "review_status": "unreviewed" }, "recommended_task": "Field inspection: check irrigation, pruning, stress.", "confidence_score": 0.85, "status": "open", "alert_id": "ALERT-V1-00721" }, "geometry": { "type": "Point", "coordinates": [ 35.403314608842081, 32.919132891391932 ] } },
{ "type": "Feature", "properties": { "alert_type": "low_vigor_tree", "severity": "medium", "grove_code": "SERET_AL_AJOUL_A", "tree_code_optional": "KOG-SERET_AL_AJOUL_A-0027", "related_rule": "Ba'al rainfed discipline", "evidence": { "final_ndvi_mean": 0.33067432045936584, "health_index": 40.1, "confidence_score": 0.85, "shadow_fraction": 0.0, "crown_area_m2": 86.5, "review_status": "unreviewed" }, "recommended_task": "Field inspection: check irrigation, pruning, stress.", "confidence_score": 0.85, "status": "open", "alert_id": "ALERT-V1-00722" }, "geometry": { "type": "Point", "coordinates": [ 35.404953463054916, 32.919450347926642 ] } },
{ "type": "Feature", "properties": { "alert_type": "low_vigor_tree", "severity": "medium", "grove_code": "SERET_AL_AJOUL_A", "tree_code_optional": "KOG-SERET_AL_AJOUL_A-0028", "related_rule": "Ba'al rainfed discipline", "evidence": { "final_ndvi_mean": 0.3398718535900116, "health_index": 42.0, "confidence_score": 0.85, "shadow_fraction": 0.0, "crown_area_m2": 96.0, "review_status": "unreviewed" }, "recommended_task": "Field inspection: check irrigation, pruning, stress.", "confidence_score": 0.85, "status": "open", "alert_id": "ALERT-V1-00723" }, "geometry": { "type": "Point", "coordinates": [ 35.404818843586121, 32.91940067003177 ] } },
{ "type": "Feature", "properties": { "alert_type": "low_vigor_tree", "severity": "medium", "grove_code": "SERET_AL_AJOUL_A", "tree_code_optional": "KOG-SERET_AL_AJOUL_A-0029", "related_rule": "Ba'al rainfed discipline", "evidence": { "final_ndvi_mean": 0.31703537702560425, "health_index": 33.4, "confidence_score": 0.85, "shadow_fraction": 0.0, "crown_area_m2": 112.5, "review_status": "unreviewed" }, "recommended_task": "Field inspection: check irrigation, pruning, stress.", "confidence_score": 0.85, "status": "open", "alert_id": "ALERT-V1-00724" }, "geometry": { "type": "Point", "coordinates": [ 35.403152388806099, 32.919315493787536 ] } },
{ "type": "Feature", "properties": { "alert_type": "low_vigor_tree", "severity": "medium", "grove_code": "SERET_AL_AJOUL_A", "tree_code_optional": "KOG-SERET_AL_AJOUL_A-0030", "related_rule": "Ba'al rainfed discipline", "evidence": { "final_ndvi_mean": 0.3340417146682739, "health_index": 36.8, "confidence_score": 0.85, "shadow_fraction": 0.0, "crown_area_m2": 82.5, "review_status": "unreviewed" }, "recommended_task": "Field inspection: check irrigation, pruning, stress.", "confidence_score": 0.85, "status": "open", "alert_id": "ALERT-V1-00725" }, "geometry": { "type": "Point", "coordinates": [ 35.405075760298267, 32.919079381595495 ] } },
{ "type": "Feature", "properties": { "alert_type": "low_vigor_tree", "severity": "medium", "grove_code": "SERET_AL_AJOUL_A", "tree_code_optional": "KOG-SERET_AL_AJOUL_A-0031", "related_rule": "Ba'al rainfed discipline", "evidence": { "final_ndvi_mean": 0.3269971013069153, "health_index": 39.4, "confidence_score": 0.85, "shadow_fraction": 0.0, "crown_area_m2": 81.75, "review_status": "unreviewed" }, "recommended_task": "Field inspection: check irrigation, pruning, stress.", "confidence_score": 0.85, "status": "open", "alert_id": "ALERT-V1-00726" }, "geometry": { "type": "Point", "coordinates": [ 35.405159480181176, 32.919033587562097 ] } },
{ "type": "Feature", "properties": { "alert_type": "low_vigor_tree", "severity": "medium", "grove_code": "SERET_AL_AJOUL_A", "tree_code_optional": "KOG-SERET_AL_AJOUL_A-0032", "related_rule": "Ba'al rainfed discipline", "evidence": { "final_ndvi_mean": 0.34550321102142334, "health_index": 39.1, "confidence_score": 0.85, "shadow_fraction": 0.0, "crown_area_m2": 86.25, "review_status": "unreviewed" }, "recommended_task": "Field inspection: check irrigation, pruning, stress.", "confidence_score": 0.85, "status": "open", "alert_id": "ALERT-V1-00727" }, "geometry": { "type": "Point", "coordinates": [ 35.406093258761032, 32.918710302657438 ] } },
{ "type": "Feature", "properties": { "alert_type": "low_vigor_tree", "severity": "medium", "grove_code": "SERET_AL_AJOUL_A", "tree_code_optional": "KOG-SERET_AL_AJOUL_A-0033", "related_rule": "Ba'al rainfed discipline", "evidence": { "final_ndvi_mean": 0.3267589807510376, "health_index": 39.4, "confidence_score": 0.85, "shadow_fraction": 0.0, "crown_area_m2": 63.5, "review_status": "unreviewed" }, "recommended_task": "Field inspection: check irrigation, pruning, stress.", "confidence_score": 0.85, "status": "open", "alert_id": "ALERT-V1-00728" }, "geometry": { "type": "Point", "coordinates": [ 35.406016982425321, 32.919226231048654 ] } },
{ "type": "Feature", "properties": { "alert_type": "low_vigor_tree", "severity": "medium", "grove_code": "SERET_AL_AJOUL_A", "tree_code_optional": "KOG-SERET_AL_AJOUL_A-0034", "related_rule": "Ba'al rainfed discipline", "evidence": { "final_ndvi_mean": 0.3094262480735779, "health_index": 31.9, "confidence_score": 0.85, "shadow_fraction": 0.0, "crown_area_m2": 67.25, "review_status": "unreviewed" }, "recommended_task": "Field inspection: check irrigation, pruning, stress.", "confidence_score": 0.85, "status": "open", "alert_id": "ALERT-V1-00729" }, "geometry": { "type": "Point", "coordinates": [ 35.404265874079101, 32.919402315154983 ] } },
{ "type": "Feature", "properties": { "alert_type": "low_vigor_tree", "severity": "medium", "grove_code": "SERET_AL_AJOUL_A", "tree_code_optional": "KOG-SERET_AL_AJOUL_A-0035", "related_rule": "Ba'al rainfed discipline", "evidence": { "final_ndvi_mean": 0.30707770586013794, "health_index": 35.4, "confidence_score": 0.85, "shadow_fraction": 0.0, "crown_area_m2": 78.0, "review_status": "unreviewed" }, "recommended_task": "Field inspection: check irrigation, pruning, stress.", "confidence_score": 0.85, "status": "open", "alert_id": "ALERT-V1-00730" }, "geometry": { "type": "Point", "coordinates": [ 35.404880686864125, 32.919585042406545 ] } },
{ "type": "Feature", "properties": { "alert_type": "low_vigor_tree", "severity": "medium", "grove_code": "SERET_AL_AJOUL_A", "tree_code_optional": "KOG-SERET_AL_AJOUL_A-0036", "related_rule": "Ba'al rainfed discipline", "evidence": { "final_ndvi_mean": 0.32929208874702454, "health_index": 35.9, "confidence_score": 0.85, "shadow_fraction": 0.0, "crown_area_m2": 88.25, "review_status": "unreviewed" }, "recommended_task": "Field inspection: check irrigation, pruning, stress.", "confidence_score": 0.85, "status": "open", "alert_id": "ALERT-V1-00731" }, "geometry": { "type": "Point", "coordinates": [ 35.405310831198882, 32.919544309889432 ] } },
{ "type": "Feature", "properties": { "alert_type": "low_vigor_tree", "severity": "medium", "grove_code": "SERET_AL_AJOUL_A", "tree_code_optional": "KOG-SERET_AL_AJOUL_A-0037", "related_rule": "Ba'al rainfed discipline", "evidence": { "final_ndvi_mean": 0.32424116134643555, "health_index": 38.8, "confidence_score": 0.85, "shadow_fraction": 0.0, "crown_area_m2": 78.5, "review_status": "unreviewed" }, "recommended_task": "Field inspection: check irrigation, pruning, stress.", "confidence_score": 0.85, "status": "open", "alert_id": "ALERT-V1-00732" }, "geometry": { "type": "Point", "coordinates": [ 35.404985023495499, 32.919126242617928 ] } },
{ "type": "Feature", "properties": { "alert_type": "low_vigor_tree", "severity": "medium", "grove_code": "SERET_AL_AJOUL_A", "tree_code_optional": "KOG-SERET_AL_AJOUL_A-0038", "related_rule": "Ba'al rainfed discipline", "evidence": { "final_ndvi_mean": 0.3582087457180023, "health_index": 41.6, "confidence_score": 0.85, "shadow_fraction": 0.0, "crown_area_m2": 72.25, "review_status": "unreviewed" }, "recommended_task": "Field inspection: check irrigation, pruning, stress.", "confidence_score": 0.85, "status": "open", "alert_id": "ALERT-V1-00733" }, "geometry": { "type": "Point", "coordinates": [ 35.407149443058479, 32.918833818070077 ] } },
{ "type": "Feature", "properties": { "alert_type": "low_vigor_tree", "severity": "medium", "grove_code": "SERET_AL_AJOUL_A", "tree_code_optional": "KOG-SERET_AL_AJOUL_A-0039", "related_rule": "Ba'al rainfed discipline", "evidence": { "final_ndvi_mean": 0.33336135745048523, "health_index": 40.7, "confidence_score": 0.85, "shadow_fraction": 0.0, "crown_area_m2": 75.25, "review_status": "unreviewed" }, "recommended_task": "Field inspection: check irrigation, pruning, stress.", "confidence_score": 0.85, "status": "open", "alert_id": "ALERT-V1-00734" }, "geometry": { "type": "Point", "coordinates": [ 35.405790271050364, 32.918741908192047 ] } },
{ "type": "Feature", "properties": { "alert_type": "low_vigor_tree", "severity": "medium", "grove_code": "SERET_AL_AJOUL_A", "tree_code_optional": "KOG-SERET_AL_AJOUL_A-0040", "related_rule": "Ba'al rainfed discipline", "evidence": { "final_ndvi_mean": 0.3441961705684662, "health_index": 42.8, "confidence_score": 0.85, "shadow_fraction": 0.0, "crown_area_m2": 64.5, "review_status": "unreviewed" }, "recommended_task": "Field inspection: check irrigation, pruning, stress.", "confidence_score": 0.85, "status": "open", "alert_id": "ALERT-V1-00735" }, "geometry": { "type": "Point", "coordinates": [ 35.404717804211437, 32.919797414843259 ] } },
{ "type": "Feature", "properties": { "alert_type": "low_vigor_tree", "severity": "medium", "grove_code": "SERET_AL_AJOUL_A", "tree_code_optional": "KOG-SERET_AL_AJOUL_A-0041", "related_rule": "Ba'al rainfed discipline", "evidence": { "final_ndvi_mean": 0.32249715924263, "health_index": 34.5, "confidence_score": 0.85, "shadow_fraction": 0.0, "crown_area_m2": 61.75, "review_status": "unreviewed" }, "recommended_task": "Field inspection: check irrigation, pruning, stress.", "confidence_score": 0.85, "status": "open", "alert_id": "ALERT-V1-00736" }, "geometry": { "type": "Point", "coordinates": [ 35.404802199809886, 32.919704414483775 ] } },
{ "type": "Feature", "properties": { "alert_type": "low_vigor_tree", "severity": "medium", "grove_code": "SERET_AL_AJOUL_A", "tree_code_optional": "KOG-SERET_AL_AJOUL_A-0042", "related_rule": "Ba'al rainfed discipline", "evidence": { "final_ndvi_mean": 0.34293344616889954, "health_index": 42.6, "confidence_score": 0.85, "shadow_fraction": 0.0, "crown_area_m2": 72.0, "review_status": "unreviewed" }, "recommended_task": "Field inspection: check irrigation, pruning, stress.", "confidence_score": 0.85, "status": "open", "alert_id": "ALERT-V1-00737" }, "geometry": { "type": "Point", "coordinates": [ 35.405245872800698, 32.919331308840896 ] } },
{ "type": "Feature", "properties": { "alert_type": "low_vigor_tree", "severity": "medium", "grove_code": "SERET_AL_AJOUL_A", "tree_code_optional": "KOG-SERET_AL_AJOUL_A-0043", "related_rule": "Ba'al rainfed discipline", "evidence": { "final_ndvi_mean": 0.33962729573249817, "health_index": 41.9, "confidence_score": 0.85, "shadow_fraction": 0.0, "crown_area_m2": 69.75, "review_status": "unreviewed" }, "recommended_task": "Field inspection: check irrigation, pruning, stress.", "confidence_score": 0.85, "status": "open", "alert_id": "ALERT-V1-00738" }, "geometry": { "type": "Point", "coordinates": [ 35.403458538284269, 32.919314660588981 ] } },
{ "type": "Feature", "properties": { "alert_type": "low_vigor_tree", "severity": "medium", "grove_code": "SERET_AL_AJOUL_A", "tree_code_optional": "KOG-SERET_AL_AJOUL_A-0044", "related_rule": "Ba'al rainfed discipline", "evidence": { "final_ndvi_mean": 0.32856032252311707, "health_index": 39.7, "confidence_score": 0.85, "shadow_fraction": 0.0, "crown_area_m2": 74.75, "review_status": "unreviewed" }, "recommended_task": "Field inspection: check irrigation, pruning, stress.", "confidence_score": 0.85, "status": "open", "alert_id": "ALERT-V1-00739" }, "geometry": { "type": "Point", "coordinates": [ 35.405730439046145, 32.919232293723212 ] } },
{ "type": "Feature", "properties": { "alert_type": "low_vigor_tree", "severity": "medium", "grove_code": "SERET_AL_AJOUL_A", "tree_code_optional": "KOG-SERET_AL_AJOUL_A-0045", "related_rule": "Ba'al rainfed discipline", "evidence": { "final_ndvi_mean": 0.3226701021194458, "health_index": 38.5, "confidence_score": 0.85, "shadow_fraction": 0.0, "crown_area_m2": 86.5, "review_status": "unreviewed" }, "recommended_task": "Field inspection: check irrigation, pruning, stress.", "confidence_score": 0.85, "status": "open", "alert_id": "ALERT-V1-00740" }, "geometry": { "type": "Point", "coordinates": [ 35.405802563639945, 32.918938912108032 ] } },
{ "type": "Feature", "properties": { "alert_type": "low_vigor_tree", "severity": "medium", "grove_code": "SERET_AL_AJOUL_A", "tree_code_optional": "KOG-SERET_AL_AJOUL_A-0046", "related_rule": "Ba'al rainfed discipline", "evidence": { "final_ndvi_mean": 0.3312782645225525, "health_index": 36.3, "confidence_score": 0.85, "shadow_fraction": 0.0, "crown_area_m2": 72.5, "review_status": "unreviewed" }, "recommended_task": "Field inspection: check irrigation, pruning, stress.", "confidence_score": 0.85, "status": "open", "alert_id": "ALERT-V1-00741" }, "geometry": { "type": "Point", "coordinates": [ 35.403516468816996, 32.919718277452631 ] } },
{ "type": "Feature", "properties": { "alert_type": "low_vigor_tree", "severity": "medium", "grove_code": "SERET_AL_AJOUL_A", "tree_code_optional": "KOG-SERET_AL_AJOUL_A-0047", "related_rule": "Ba'al rainfed discipline", "evidence": { "final_ndvi_mean": 0.3393055200576782, "health_index": 37.9, "confidence_score": 0.85, "shadow_fraction": 0.0, "crown_area_m2": 80.5, "review_status": "unreviewed" }, "recommended_task": "Field inspection: check irrigation, pruning, stress.", "confidence_score": 0.85, "status": "open", "alert_id": "ALERT-V1-00742" }, "geometry": { "type": "Point", "coordinates": [ 35.405181207752292, 32.919479604520802 ] } },
{ "type": "Feature", "properties": { "alert_type": "low_vigor_tree", "severity": "medium", "grove_code": "SERET_AL_AJOUL_A", "tree_code_optional": "KOG-SERET_AL_AJOUL_A-0048", "related_rule": "Ba'al rainfed discipline", "evidence": { "final_ndvi_mean": 0.3227633237838745, "health_index": 34.6, "confidence_score": 0.85, "shadow_fraction": 0.0, "crown_area_m2": 72.25, "review_status": "unreviewed" }, "recommended_task": "Field inspection: check irrigation, pruning, stress.", "confidence_score": 0.85, "status": "open", "alert_id": "ALERT-V1-00743" }, "geometry": { "type": "Point", "coordinates": [ 35.40505407361718, 32.919420387529868 ] } },
{ "type": "Feature", "properties": { "alert_type": "low_vigor_tree", "severity": "medium", "grove_code": "SERET_AL_AJOUL_A", "tree_code_optional": "KOG-SERET_AL_AJOUL_A-0049", "related_rule": "Ba'al rainfed discipline", "evidence": { "final_ndvi_mean": 0.33759304881095886, "health_index": 37.5, "confidence_score": 0.85, "shadow_fraction": 0.0, "crown_area_m2": 73.75, "review_status": "unreviewed" }, "recommended_task": "Field inspection: check irrigation, pruning, stress.", "confidence_score": 0.85, "status": "open", "alert_id": "ALERT-V1-00744" }, "geometry": { "type": "Point", "coordinates": [ 35.405721152268725, 32.919389304652299 ] } },
{ "type": "Feature", "properties": { "alert_type": "low_vigor_tree", "severity": "medium", "grove_code": "SERET_AL_AJOUL_A", "tree_code_optional": "KOG-SERET_AL_AJOUL_A-0050", "related_rule": "Ba'al rainfed discipline", "evidence": { "final_ndvi_mean": 0.3417675495147705, "health_index": 42.4, "confidence_score": 0.85, "shadow_fraction": 0.0, "crown_area_m2": 53.75, "review_status": "unreviewed" }, "recommended_task": "Field inspection: check irrigation, pruning, stress.", "confidence_score": 0.85, "status": "open", "alert_id": "ALERT-V1-00745" }, "geometry": { "type": "Point", "coordinates": [ 35.404191393048926, 32.9193855897745 ] } },
{ "type": "Feature", "properties": { "alert_type": "low_vigor_tree", "severity": "medium", "grove_code": "SERET_AL_AJOUL_A", "tree_code_optional": "KOG-SERET_AL_AJOUL_A-0051", "related_rule": "Ba'al rainfed discipline", "evidence": { "final_ndvi_mean": 0.32563936710357666, "health_index": 39.1, "confidence_score": 0.85, "shadow_fraction": 0.0, "crown_area_m2": 71.0, "review_status": "unreviewed" }, "recommended_task": "Field inspection: check irrigation, pruning, stress.", "confidence_score": 0.85, "status": "open", "alert_id": "ALERT-V1-00746" }, "geometry": { "type": "Point", "coordinates": [ 35.405458087791189, 32.919056041956217 ] } },
{ "type": "Feature", "properties": { "alert_type": "low_vigor_tree", "severity": "medium", "grove_code": "SERET_AL_AJOUL_A", "tree_code_optional": "KOG-SERET_AL_AJOUL_A-0052", "related_rule": "Ba'al rainfed discipline", "evidence": { "final_ndvi_mean": 0.3320516049861908, "health_index": 40.4, "confidence_score": 0.85, "shadow_fraction": 0.0, "crown_area_m2": 92.25, "review_status": "unreviewed" }, "recommended_task": "Field inspection: check irrigation, pruning, stress.", "confidence_score": 0.85, "status": "open", "alert_id": "ALERT-V1-00747" }, "geometry": { "type": "Point", "coordinates": [ 35.405437895684699, 32.918899185731547 ] } },
{ "type": "Feature", "properties": { "alert_type": "low_vigor_tree", "severity": "medium", "grove_code": "SERET_AL_AJOUL_A", "tree_code_optional": "KOG-SERET_AL_AJOUL_A-0053", "related_rule": "Ba'al rainfed discipline", "evidence": { "final_ndvi_mean": 0.33168044686317444, "health_index": 40.3, "confidence_score": 0.85, "shadow_fraction": 0.0, "crown_area_m2": 73.0, "review_status": "unreviewed" }, "recommended_task": "Field inspection: check irrigation, pruning, stress.", "confidence_score": 0.85, "status": "open", "alert_id": "ALERT-V1-00748" }, "geometry": { "type": "Point", "coordinates": [ 35.405762702351936, 32.918862526627343 ] } },
{ "type": "Feature", "properties": { "alert_type": "low_vigor_tree", "severity": "medium", "grove_code": "SERET_AL_AJOUL_A", "tree_code_optional": "KOG-SERET_AL_AJOUL_A-0056", "related_rule": "Ba'al rainfed discipline", "evidence": { "final_ndvi_mean": 0.33440282940864563, "health_index": 40.9, "confidence_score": 0.85, "shadow_fraction": 0.0, "crown_area_m2": 79.75, "review_status": "unreviewed" }, "recommended_task": "Field inspection: check irrigation, pruning, stress.", "confidence_score": 0.85, "status": "open", "alert_id": "ALERT-V1-00749" }, "geometry": { "type": "Point", "coordinates": [ 35.407132582798646, 32.918517730119866 ] } },
{ "type": "Feature", "properties": { "alert_type": "low_vigor_tree", "severity": "medium", "grove_code": "SERET_AL_AJOUL_A", "tree_code_optional": "KOG-SERET_AL_AJOUL_A-0057", "related_rule": "Ba'al rainfed discipline", "evidence": { "final_ndvi_mean": 0.32510918378829956, "health_index": 35.0, "confidence_score": 0.85, "shadow_fraction": 0.0, "crown_area_m2": 63.5, "review_status": "unreviewed" }, "recommended_task": "Field inspection: check irrigation, pruning, stress.", "confidence_score": 0.85, "status": "open", "alert_id": "ALERT-V1-00750" }, "geometry": { "type": "Point", "coordinates": [ 35.405001315418751, 32.919639066651676 ] } },
{ "type": "Feature", "properties": { "alert_type": "low_vigor_tree", "severity": "medium", "grove_code": "SERET_AL_AJOUL_A", "tree_code_optional": "KOG-SERET_AL_AJOUL_A-0058", "related_rule": "Ba'al rainfed discipline", "evidence": { "final_ndvi_mean": 0.32216915488243103, "health_index": 34.4, "confidence_score": 0.85, "shadow_fraction": 0.0, "crown_area_m2": 84.0, "review_status": "unreviewed" }, "recommended_task": "Field inspection: check irrigation, pruning, stress.", "confidence_score": 0.85, "status": "open", "alert_id": "ALERT-V1-00751" }, "geometry": { "type": "Point", "coordinates": [ 35.405212167315625, 32.919580309219121 ] } },
{ "type": "Feature", "properties": { "alert_type": "low_vigor_tree", "severity": "medium", "grove_code": "SERET_AL_AJOUL_A", "tree_code_optional": "KOG-SERET_AL_AJOUL_A-0059", "related_rule": "Ba'al rainfed discipline", "evidence": { "final_ndvi_mean": 0.3324882388114929, "health_index": 40.5, "confidence_score": 0.85, "shadow_fraction": 0.0, "crown_area_m2": 69.75, "review_status": "unreviewed" }, "recommended_task": "Field inspection: check irrigation, pruning, stress.", "confidence_score": 0.85, "status": "open", "alert_id": "ALERT-V1-00752" }, "geometry": { "type": "Point", "coordinates": [ 35.404499684374358, 32.919340778291961 ] } },
{ "type": "Feature", "properties": { "alert_type": "low_vigor_tree", "severity": "medium", "grove_code": "SERET_AL_AJOUL_A", "tree_code_optional": "KOG-SERET_AL_AJOUL_A-0060", "related_rule": "Ba'al rainfed discipline", "evidence": { "final_ndvi_mean": 0.31727293133735657, "health_index": 33.5, "confidence_score": 0.85, "shadow_fraction": 0.0, "crown_area_m2": 69.75, "review_status": "unreviewed" }, "recommended_task": "Field inspection: check irrigation, pruning, stress.", "confidence_score": 0.85, "status": "open", "alert_id": "ALERT-V1-00753" }, "geometry": { "type": "Point", "coordinates": [ 35.405030343945675, 32.919317683939248 ] } },
{ "type": "Feature", "properties": { "alert_type": "low_vigor_tree", "severity": "medium", "grove_code": "SERET_AL_AJOUL_A", "tree_code_optional": "KOG-SERET_AL_AJOUL_A-0061", "related_rule": "Ba'al rainfed discipline", "evidence": { "final_ndvi_mean": 0.32036036252975464, "health_index": 38.1, "confidence_score": 0.85, "shadow_fraction": 0.0, "crown_area_m2": 80.5, "review_status": "unreviewed" }, "recommended_task": "Field inspection: check irrigation, pruning, stress.", "confidence_score": 0.85, "status": "open", "alert_id": "ALERT-V1-00754" }, "geometry": { "type": "Point", "coordinates": [ 35.405364230963642, 32.919086226032462 ] } },
{ "type": "Feature", "properties": { "alert_type": "low_vigor_tree", "severity": "medium", "grove_code": "SERET_AL_AJOUL_A", "tree_code_optional": "KOG-SERET_AL_AJOUL_A-0062", "related_rule": "Ba'al rainfed discipline", "evidence": { "final_ndvi_mean": 0.33863356709480286, "health_index": 37.7, "confidence_score": 0.85, "shadow_fraction": 0.0, "crown_area_m2": 90.0, "review_status": "unreviewed" }, "recommended_task": "Field inspection: check irrigation, pruning, stress.", "confidence_score": 0.85, "status": "open", "alert_id": "ALERT-V1-00755" }, "geometry": { "type": "Point", "coordinates": [ 35.406308233147882, 32.918916137417526 ] } },
{ "type": "Feature", "properties": { "alert_type": "low_vigor_tree", "severity": "medium", "grove_code": "SERET_AL_AJOUL_A", "tree_code_optional": "KOG-SERET_AL_AJOUL_A-0063", "related_rule": "Ba'al rainfed discipline", "evidence": { "final_ndvi_mean": 0.3219163417816162, "health_index": 34.4, "confidence_score": 0.85, "shadow_fraction": 0.0, "crown_area_m2": 82.75, "review_status": "unreviewed" }, "recommended_task": "Field inspection: check irrigation, pruning, stress.", "confidence_score": 0.85, "status": "open", "alert_id": "ALERT-V1-00756" }, "geometry": { "type": "Point", "coordinates": [ 35.405476026806284, 32.918348251945737 ] } },
{ "type": "Feature", "properties": { "alert_type": "low_vigor_tree", "severity": "medium", "grove_code": "SERET_AL_AJOUL_A", "tree_code_optional": "KOG-SERET_AL_AJOUL_A-0064", "related_rule": "Ba'al rainfed discipline", "evidence": { "final_ndvi_mean": 0.3388516902923584, "health_index": 41.8, "confidence_score": 0.85, "shadow_fraction": 0.0, "crown_area_m2": 73.5, "review_status": "unreviewed" }, "recommended_task": "Field inspection: check irrigation, pruning, stress.", "confidence_score": 0.85, "status": "open", "alert_id": "ALERT-V1-00757" }, "geometry": { "type": "Point", "coordinates": [ 35.403704024816889, 32.91981553075955 ] } },
{ "type": "Feature", "properties": { "alert_type": "low_vigor_tree", "severity": "medium", "grove_code": "SERET_AL_AJOUL_A", "tree_code_optional": "KOG-SERET_AL_AJOUL_A-0065", "related_rule": "Ba'al rainfed discipline", "evidence": { "final_ndvi_mean": 0.33460548520088196, "health_index": 40.9, "confidence_score": 0.85, "shadow_fraction": 0.0, "crown_area_m2": 54.25, "review_status": "unreviewed" }, "recommended_task": "Field inspection: check irrigation, pruning, stress.", "confidence_score": 0.85, "status": "open", "alert_id": "ALERT-V1-00758" }, "geometry": { "type": "Point", "coordinates": [ 35.404702174598306, 32.919734979623641 ] } },
{ "type": "Feature", "properties": { "alert_type": "low_vigor_tree", "severity": "medium", "grove_code": "SERET_AL_AJOUL_A", "tree_code_optional": "KOG-SERET_AL_AJOUL_A-0066", "related_rule": "Ba'al rainfed discipline", "evidence": { "final_ndvi_mean": 0.3253510296344757, "health_index": 35.1, "confidence_score": 0.85, "shadow_fraction": 0.0, "crown_area_m2": 69.5, "review_status": "unreviewed" }, "recommended_task": "Field inspection: check irrigation, pruning, stress.", "confidence_score": 0.85, "status": "open", "alert_id": "ALERT-V1-00759" }, "geometry": { "type": "Point", "coordinates": [ 35.405983075086624, 32.918879289637061 ] } },
{ "type": "Feature", "properties": { "alert_type": "low_vigor_tree", "severity": "medium", "grove_code": "SERET_AL_AJOUL_A", "tree_code_optional": "KOG-SERET_AL_AJOUL_A-0067", "related_rule": "Ba'al rainfed discipline", "evidence": { "final_ndvi_mean": 0.3392047882080078, "health_index": 41.8, "confidence_score": 0.85, "shadow_fraction": 0.0, "crown_area_m2": 45.75, "review_status": "unreviewed" }, "recommended_task": "Field inspection: check irrigation, pruning, stress.", "confidence_score": 0.85, "status": "open", "alert_id": "ALERT-V1-00760" }, "geometry": { "type": "Point", "coordinates": [ 35.404832737228766, 32.919755773145056 ] } },
{ "type": "Feature", "properties": { "alert_type": "low_vigor_tree", "severity": "medium", "grove_code": "SERET_AL_AJOUL_A", "tree_code_optional": "KOG-SERET_AL_AJOUL_A-0068", "related_rule": "Ba'al rainfed discipline", "evidence": { "final_ndvi_mean": 0.3300234079360962, "health_index": 40.0, "confidence_score": 0.85, "shadow_fraction": 0.0, "crown_area_m2": 70.25, "review_status": "unreviewed" }, "recommended_task": "Field inspection: check irrigation, pruning, stress.", "confidence_score": 0.85, "status": "open", "alert_id": "ALERT-V1-00761" }, "geometry": { "type": "Point", "coordinates": [ 35.403410716960614, 32.919631778156045 ] } },
{ "type": "Feature", "properties": { "alert_type": "low_vigor_tree", "severity": "medium", "grove_code": "SERET_AL_AJOUL_A", "tree_code_optional": "KOG-SERET_AL_AJOUL_A-0069", "related_rule": "Ba'al rainfed discipline", "evidence": { "final_ndvi_mean": 0.2867063283920288, "health_index": 31.3, "confidence_score": 0.85, "shadow_fraction": 0.0, "crown_area_m2": 79.25, "review_status": "unreviewed" }, "recommended_task": "Field inspection: check irrigation, pruning, stress.", "confidence_score": 0.85, "status": "open", "alert_id": "ALERT-V1-00762" }, "geometry": { "type": "Point", "coordinates": [ 35.405411124229431, 32.919499084942842 ] } },
{ "type": "Feature", "properties": { "alert_type": "low_vigor_tree", "severity": "medium", "grove_code": "SERET_AL_AJOUL_A", "tree_code_optional": "KOG-SERET_AL_AJOUL_A-0070", "related_rule": "Ba'al rainfed discipline", "evidence": { "final_ndvi_mean": 0.3227238357067108, "health_index": 34.5, "confidence_score": 0.85, "shadow_fraction": 0.0, "crown_area_m2": 62.5, "review_status": "unreviewed" }, "recommended_task": "Field inspection: check irrigation, pruning, stress.", "confidence_score": 0.85, "status": "open", "alert_id": "ALERT-V1-00763" }, "geometry": { "type": "Point", "coordinates": [ 35.404331947185852, 32.919462355393271 ] } },
{ "type": "Feature", "properties": { "alert_type": "low_vigor_tree", "severity": "medium", "grove_code": "SERET_AL_AJOUL_A", "tree_code_optional": "KOG-SERET_AL_AJOUL_A-0071", "related_rule": "Ba'al rainfed discipline", "evidence": { "final_ndvi_mean": 0.30068132281303406, "health_index": 30.1, "confidence_score": 0.85, "shadow_fraction": 0.0, "crown_area_m2": 89.5, "review_status": "unreviewed" }, "recommended_task": "Field inspection: check irrigation, pruning, stress.", "confidence_score": 0.85, "status": "open", "alert_id": "ALERT-V1-00764" }, "geometry": { "type": "Point", "coordinates": [ 35.403779000043883, 32.919282936836964 ] } },
{ "type": "Feature", "properties": { "alert_type": "low_vigor_tree", "severity": "medium", "grove_code": "SERET_AL_AJOUL_A", "tree_code_optional": "KOG-SERET_AL_AJOUL_A-0072", "related_rule": "Ba'al rainfed discipline", "evidence": { "final_ndvi_mean": 0.3235660791397095, "health_index": 38.7, "confidence_score": 0.85, "shadow_fraction": 0.0, "crown_area_m2": 49.75, "review_status": "unreviewed" }, "recommended_task": "Field inspection: check irrigation, pruning, stress.", "confidence_score": 0.85, "status": "open", "alert_id": "ALERT-V1-00765" }, "geometry": { "type": "Point", "coordinates": [ 35.405402728652533, 32.91922513788095 ] } },
{ "type": "Feature", "properties": { "alert_type": "low_vigor_tree", "severity": "medium", "grove_code": "SERET_AL_AJOUL_A", "tree_code_optional": "KOG-SERET_AL_AJOUL_A-0073", "related_rule": "Ba'al rainfed discipline", "evidence": { "final_ndvi_mean": 0.3203733563423157, "health_index": 34.1, "confidence_score": 0.85, "shadow_fraction": 0.0, "crown_area_m2": 59.5, "review_status": "unreviewed" }, "recommended_task": "Field inspection: check irrigation, pruning, stress.", "confidence_score": 0.85, "status": "open", "alert_id": "ALERT-V1-00766" }, "geometry": { "type": "Point", "coordinates": [ 35.403899029526137, 32.91923897477259 ] } },
{ "type": "Feature", "properties": { "alert_type": "low_vigor_tree", "severity": "medium", "grove_code": "SERET_AL_AJOUL_A", "tree_code_optional": "KOG-SERET_AL_AJOUL_A-0074", "related_rule": "Ba'al rainfed discipline", "evidence": { "final_ndvi_mean": 0.3291214406490326, "health_index": 35.8, "confidence_score": 0.85, "shadow_fraction": 0.0, "crown_area_m2": 78.25, "review_status": "unreviewed" }, "recommended_task": "Field inspection: check irrigation, pruning, stress.", "confidence_score": 0.85, "status": "open", "alert_id": "ALERT-V1-00767" }, "geometry": { "type": "Point", "coordinates": [ 35.405006289346552, 32.919221755556052 ] } },
{ "type": "Feature", "properties": { "alert_type": "low_vigor_tree", "severity": "medium", "grove_code": "SERET_AL_AJOUL_A", "tree_code_optional": "KOG-SERET_AL_AJOUL_A-0075", "related_rule": "Ba'al rainfed discipline", "evidence": { "final_ndvi_mean": 0.3251298666000366, "health_index": 39.0, "confidence_score": 0.85, "shadow_fraction": 0.0, "crown_area_m2": 71.75, "review_status": "unreviewed" }, "recommended_task": "Field inspection: check irrigation, pruning, stress.", "confidence_score": 0.85, "status": "open", "alert_id": "ALERT-V1-00768" }, "geometry": { "type": "Point", "coordinates": [ 35.404759671890652, 32.919125367663938 ] } },
{ "type": "Feature", "properties": { "alert_type": "low_vigor_tree", "severity": "medium", "grove_code": "SERET_AL_AJOUL_A", "tree_code_optional": "KOG-SERET_AL_AJOUL_A-0076", "related_rule": "Ba'al rainfed discipline", "evidence": { "final_ndvi_mean": 0.31599804759025574, "health_index": 37.2, "confidence_score": 0.85, "shadow_fraction": 0.0, "crown_area_m2": 70.5, "review_status": "unreviewed" }, "recommended_task": "Field inspection: check irrigation, pruning, stress.", "confidence_score": 0.85, "status": "open", "alert_id": "ALERT-V1-00769" }, "geometry": { "type": "Point", "coordinates": [ 35.40556682318401, 32.919104250883436 ] } },
{ "type": "Feature", "properties": { "alert_type": "low_vigor_tree", "severity": "medium", "grove_code": "SERET_AL_AJOUL_A", "tree_code_optional": "KOG-SERET_AL_AJOUL_A-0077", "related_rule": "Ba'al rainfed discipline", "evidence": { "final_ndvi_mean": 0.3349113166332245, "health_index": 41.0, "confidence_score": 0.85, "shadow_fraction": 0.0, "crown_area_m2": 56.75, "review_status": "unreviewed" }, "recommended_task": "Field inspection: check irrigation, pruning, stress.", "confidence_score": 0.85, "status": "open", "alert_id": "ALERT-V1-00770" }, "geometry": { "type": "Point", "coordinates": [ 35.403456895474747, 32.919141244315355 ] } },
{ "type": "Feature", "properties": { "alert_type": "low_vigor_tree", "severity": "medium", "grove_code": "SERET_AL_AJOUL_A", "tree_code_optional": "KOG-SERET_AL_AJOUL_A-0078", "related_rule": "Ba'al rainfed discipline", "evidence": { "final_ndvi_mean": 0.27713742852211, "health_index": 25.4, "confidence_score": 0.85, "shadow_fraction": 0.0, "crown_area_m2": 100.0, "review_status": "unreviewed" }, "recommended_task": "Field inspection: check irrigation, pruning, stress.", "confidence_score": 0.85, "status": "open", "alert_id": "ALERT-V1-00771" }, "geometry": { "type": "Point", "coordinates": [ 35.406424999237068, 32.919042021138523 ] } },
{ "type": "Feature", "properties": { "alert_type": "low_vigor_tree", "severity": "medium", "grove_code": "SERET_AL_AJOUL_A", "tree_code_optional": "KOG-SERET_AL_AJOUL_A-0079", "related_rule": "Ba'al rainfed discipline", "evidence": { "final_ndvi_mean": 0.31738004088401794, "health_index": 33.5, "confidence_score": 0.85, "shadow_fraction": 0.0, "crown_area_m2": 39.75, "review_status": "unreviewed" }, "recommended_task": "Field inspection: check irrigation, pruning, stress.", "confidence_score": 0.85, "status": "open", "alert_id": "ALERT-V1-00772" }, "geometry": { "type": "Point", "coordinates": [ 35.407177379275055, 32.918777903912982 ] } },
{ "type": "Feature", "properties": { "alert_type": "low_vigor_tree", "severity": "medium", "grove_code": "SERET_AL_AJOUL_A", "tree_code_optional": "KOG-SERET_AL_AJOUL_A-0080", "related_rule": "Ba'al rainfed discipline", "evidence": { "final_ndvi_mean": 0.31416457891464233, "health_index": 36.8, "confidence_score": 0.85, "shadow_fraction": 0.0, "crown_area_m2": 60.75, "review_status": "unreviewed" }, "recommended_task": "Field inspection: check irrigation, pruning, stress.", "confidence_score": 0.85, "status": "open", "alert_id": "ALERT-V1-00773" }, "geometry": { "type": "Point", "coordinates": [ 35.406006419769767, 32.91846551003897 ] } },
{ "type": "Feature", "properties": { "alert_type": "low_vigor_tree", "severity": "medium", "grove_code": "SERET_AL_AJOUL_A", "tree_code_optional": "KOG-SERET_AL_AJOUL_A-0081", "related_rule": "Ba'al rainfed discipline", "evidence": { "final_ndvi_mean": 0.32357776165008545, "health_index": 38.7, "confidence_score": 0.85, "shadow_fraction": 0.0, "crown_area_m2": 43.5, "review_status": "unreviewed" }, "recommended_task": "Field inspection: check irrigation, pruning, stress.", "confidence_score": 0.85, "status": "open", "alert_id": "ALERT-V1-00774" }, "geometry": { "type": "Point", "coordinates": [ 35.404285608468946, 32.919339735969061 ] } },
{ "type": "Feature", "properties": { "alert_type": "low_vigor_tree", "severity": "medium", "grove_code": "SERET_AL_AJOUL_A", "tree_code_optional": "KOG-SERET_AL_AJOUL_A-0082", "related_rule": "Ba'al rainfed discipline", "evidence": { "final_ndvi_mean": 0.3429787755012512, "health_index": 42.6, "confidence_score": 0.85, "shadow_fraction": 0.0, "crown_area_m2": 41.25, "review_status": "unreviewed" }, "recommended_task": "Field inspection: check irrigation, pruning, stress.", "confidence_score": 0.85, "status": "open", "alert_id": "ALERT-V1-00775" }, "geometry": { "type": "Point", "coordinates": [ 35.405834913253784, 32.919281811064188 ] } },
{ "type": "Feature", "properties": { "alert_type": "low_vigor_tree", "severity": "medium", "grove_code": "SERET_AL_AJOUL_A", "tree_code_optional": "KOG-SERET_AL_AJOUL_A-0083", "related_rule": "Ba'al rainfed discipline", "evidence": { "final_ndvi_mean": 0.30269864201545715, "health_index": 34.5, "confidence_score": 0.85, "shadow_fraction": 0.0, "crown_area_m2": 23.75, "review_status": "unreviewed" }, "recommended_task": "Field inspection: check irrigation, pruning, stress.", "confidence_score": 0.85, "status": "open", "alert_id": "ALERT-V1-00776" }, "geometry": { "type": "Point", "coordinates": [ 35.405447709732975, 32.919237161323295 ] } },
{ "type": "Feature", "properties": { "alert_type": "low_vigor_tree", "severity": "medium", "grove_code": "SERET_AL_AJOUL_A", "tree_code_optional": "KOG-SERET_AL_AJOUL_A-0084", "related_rule": "Ba'al rainfed discipline", "evidence": { "final_ndvi_mean": 0.34073933959007263, "health_index": 42.1, "confidence_score": 0.85, "shadow_fraction": 0.0, "crown_area_m2": 70.25, "review_status": "unreviewed" }, "recommended_task": "Field inspection: check irrigation, pruning, stress.", "confidence_score": 0.85, "status": "open", "alert_id": "ALERT-V1-00777" }, "geometry": { "type": "Point", "coordinates": [ 35.40337441032429, 32.919235397951006 ] } },
{ "type": "Feature", "properties": { "alert_type": "low_vigor_tree", "severity": "medium", "grove_code": "SERET_AL_AJOUL_A", "tree_code_optional": "KOG-SERET_AL_AJOUL_A-0085", "related_rule": "Ba'al rainfed discipline", "evidence": { "final_ndvi_mean": 0.32322388887405396, "health_index": 34.6, "confidence_score": 0.85, "shadow_fraction": 0.0, "crown_area_m2": 57.75, "review_status": "unreviewed" }, "recommended_task": "Field inspection: check irrigation, pruning, stress.", "confidence_score": 0.85, "status": "open", "alert_id": "ALERT-V1-00778" }, "geometry": { "type": "Point", "coordinates": [ 35.403195077354702, 32.919151141419476 ] } },
{ "type": "Feature", "properties": { "alert_type": "low_vigor_tree", "severity": "medium", "grove_code": "SERET_AL_AJOUL_A", "tree_code_optional": "KOG-SERET_AL_AJOUL_A-0086", "related_rule": "Ba'al rainfed discipline", "evidence": { "final_ndvi_mean": 0.3361111879348755, "health_index": 41.2, "confidence_score": 0.85, "shadow_fraction": 0.0, "crown_area_m2": 41.75, "review_status": "unreviewed" }, "recommended_task": "Field inspection: check irrigation, pruning, stress.", "confidence_score": 0.85, "status": "open", "alert_id": "ALERT-V1-00779" }, "geometry": { "type": "Point", "coordinates": [ 35.40324722029559, 32.919096837103993 ] } },
{ "type": "Feature", "properties": { "alert_type": "low_vigor_tree", "severity": "medium", "grove_code": "SERET_AL_AJOUL_A", "tree_code_optional": "KOG-SERET_AL_AJOUL_A-0087", "related_rule": "Ba'al rainfed discipline", "evidence": { "final_ndvi_mean": 0.3347794711589813, "health_index": 41.0, "confidence_score": 0.85, "shadow_fraction": 0.0, "crown_area_m2": 47.25, "review_status": "unreviewed" }, "recommended_task": "Field inspection: check irrigation, pruning, stress.", "confidence_score": 0.85, "status": "open", "alert_id": "ALERT-V1-00780" }, "geometry": { "type": "Point", "coordinates": [ 35.406188549220161, 32.918894977040878 ] } },
{ "type": "Feature", "properties": { "alert_type": "low_vigor_tree", "severity": "medium", "grove_code": "SERET_AL_AJOUL_A", "tree_code_optional": "KOG-SERET_AL_AJOUL_A-0088", "related_rule": "Ba'al rainfed discipline", "evidence": { "final_ndvi_mean": 0.3107169270515442, "health_index": 36.1, "confidence_score": 0.85, "shadow_fraction": 0.0, "crown_area_m2": 37.0, "review_status": "unreviewed" }, "recommended_task": "Field inspection: check irrigation, pruning, stress.", "confidence_score": 0.85, "status": "open", "alert_id": "ALERT-V1-00781" }, "geometry": { "type": "Point", "coordinates": [ 35.405508658957359, 32.918292386890712 ] } },
{ "type": "Feature", "properties": { "alert_type": "low_vigor_tree", "severity": "medium", "grove_code": "SERET_AL_AJOUL_A", "tree_code_optional": "KOG-SERET_AL_AJOUL_A-0089", "related_rule": "Ba'al rainfed discipline", "evidence": { "final_ndvi_mean": 0.307048499584198, "health_index": 31.4, "confidence_score": 0.85, "shadow_fraction": 0.0, "crown_area_m2": 60.5, "review_status": "unreviewed" }, "recommended_task": "Field inspection: check irrigation, pruning, stress.", "confidence_score": 0.85, "status": "open", "alert_id": "ALERT-V1-00782" }, "geometry": { "type": "Point", "coordinates": [ 35.405468937420245, 32.918242921827748 ] } },
{ "type": "Feature", "properties": { "alert_type": "low_vigor_tree", "severity": "medium", "grove_code": "SERET_AL_AJOUL_A", "tree_code_optional": "KOG-SERET_AL_AJOUL_A-0090", "related_rule": "Ba'al rainfed discipline", "evidence": { "final_ndvi_mean": 0.3294226825237274, "health_index": 35.9, "confidence_score": 0.85, "shadow_fraction": 0.0, "crown_area_m2": 58.0, "review_status": "unreviewed" }, "recommended_task": "Field inspection: check irrigation, pruning, stress.", "confidence_score": 0.85, "status": "open", "alert_id": "ALERT-V1-00783" }, "geometry": { "type": "Point", "coordinates": [ 35.403825704493052, 32.919653027614238 ] } },
{ "type": "Feature", "properties": { "alert_type": "low_vigor_tree", "severity": "medium", "grove_code": "SERET_AL_AJOUL_A", "tree_code_optional": "KOG-SERET_AL_AJOUL_A-0091", "related_rule": "Ba'al rainfed discipline", "evidence": { "final_ndvi_mean": 0.3326755464076996, "health_index": 36.5, "confidence_score": 0.85, "shadow_fraction": 0.0, "crown_area_m2": 78.25, "review_status": "unreviewed" }, "recommended_task": "Field inspection: check irrigation, pruning, stress.", "confidence_score": 0.85, "status": "open", "alert_id": "ALERT-V1-00784" }, "geometry": { "type": "Point", "coordinates": [ 35.405125933650361, 32.919625313414691 ] } },
{ "type": "Feature", "properties": { "alert_type": "low_vigor_tree", "severity": "medium", "grove_code": "SERET_AL_AJOUL_A", "tree_code_optional": "KOG-SERET_AL_AJOUL_A-0092", "related_rule": "Ba'al rainfed discipline", "evidence": { "final_ndvi_mean": 0.35113221406936646, "health_index": 44.2, "confidence_score": 0.85, "shadow_fraction": 0.0, "crown_area_m2": 59.0, "review_status": "unreviewed" }, "recommended_task": "Field inspection: check irrigation, pruning, stress.", "confidence_score": 0.85, "status": "open", "alert_id": "ALERT-V1-00785" }, "geometry": { "type": "Point", "coordinates": [ 35.403351154345629, 32.919376313455132 ] } },
{ "type": "Feature", "properties": { "alert_type": "low_vigor_tree", "severity": "medium", "grove_code": "SERET_AL_AJOUL_A", "tree_code_optional": "KOG-SERET_AL_AJOUL_A-0093", "related_rule": "Ba'al rainfed discipline", "evidence": { "final_ndvi_mean": 0.31921976804733276, "health_index": 37.8, "confidence_score": 0.85, "shadow_fraction": 0.0, "crown_area_m2": 56.5, "review_status": "unreviewed" }, "recommended_task": "Field inspection: check irrigation, pruning, stress.", "confidence_score": 0.85, "status": "open", "alert_id": "ALERT-V1-00786" }, "geometry": { "type": "Point", "coordinates": [ 35.405746400356293, 32.919324590419251 ] } },
{ "type": "Feature", "properties": { "alert_type": "low_vigor_tree", "severity": "medium", "grove_code": "SERET_AL_AJOUL_A", "tree_code_optional": "KOG-SERET_AL_AJOUL_A-0095", "related_rule": "Ba'al rainfed discipline", "evidence": { "final_ndvi_mean": 0.3164616525173187, "health_index": 33.3, "confidence_score": 0.85, "shadow_fraction": 0.0, "crown_area_m2": 51.5, "review_status": "unreviewed" }, "recommended_task": "Field inspection: check irrigation, pruning, stress.", "confidence_score": 0.85, "status": "open", "alert_id": "ALERT-V1-00787" }, "geometry": { "type": "Point", "coordinates": [ 35.40447098811876, 32.919257161505122 ] } },
{ "type": "Feature", "properties": { "alert_type": "low_vigor_tree", "severity": "medium", "grove_code": "SERET_AL_AJOUL_A", "tree_code_optional": "KOG-SERET_AL_AJOUL_A-0096", "related_rule": "Ba'al rainfed discipline", "evidence": { "final_ndvi_mean": 0.3052045404911041, "health_index": 31.0, "confidence_score": 0.85, "shadow_fraction": 0.0, "crown_area_m2": 67.0, "review_status": "unreviewed" }, "recommended_task": "Field inspection: check irrigation, pruning, stress.", "confidence_score": 0.85, "status": "open", "alert_id": "ALERT-V1-00788" }, "geometry": { "type": "Point", "coordinates": [ 35.404661587909004, 32.919173093135122 ] } },
{ "type": "Feature", "properties": { "alert_type": "low_vigor_tree", "severity": "medium", "grove_code": "SERET_AL_AJOUL_A", "tree_code_optional": "KOG-SERET_AL_AJOUL_A-0097", "related_rule": "Ba'al rainfed discipline", "evidence": { "final_ndvi_mean": 0.3178034722805023, "health_index": 33.6, "confidence_score": 0.85, "shadow_fraction": 0.0, "crown_area_m2": 72.25, "review_status": "unreviewed" }, "recommended_task": "Field inspection: check irrigation, pruning, stress.", "confidence_score": 0.85, "status": "open", "alert_id": "ALERT-V1-00789" }, "geometry": { "type": "Point", "coordinates": [ 35.40587242761864, 32.91910178887111 ] } },
{ "type": "Feature", "properties": { "alert_type": "low_vigor_tree", "severity": "medium", "grove_code": "SERET_AL_AJOUL_A", "tree_code_optional": "KOG-SERET_AL_AJOUL_A-0098", "related_rule": "Ba'al rainfed discipline", "evidence": { "final_ndvi_mean": 0.32592150568962097, "health_index": 39.2, "confidence_score": 0.85, "shadow_fraction": 0.0, "crown_area_m2": 55.0, "review_status": "unreviewed" }, "recommended_task": "Field inspection: check irrigation, pruning, stress.", "confidence_score": 0.85, "status": "open", "alert_id": "ALERT-V1-00790" }, "geometry": { "type": "Point", "coordinates": [ 35.406369177849115, 32.919095345369705 ] } },
{ "type": "Feature", "properties": { "alert_type": "low_vigor_tree", "severity": "medium", "grove_code": "SERET_AL_AJOUL_A", "tree_code_optional": "KOG-SERET_AL_AJOUL_A-0099", "related_rule": "Ba'al rainfed discipline", "evidence": { "final_ndvi_mean": 0.3171042203903198, "health_index": 33.4, "confidence_score": 0.85, "shadow_fraction": 0.0, "crown_area_m2": 61.25, "review_status": "unreviewed" }, "recommended_task": "Field inspection: check irrigation, pruning, stress.", "confidence_score": 0.85, "status": "open", "alert_id": "ALERT-V1-00791" }, "geometry": { "type": "Point", "coordinates": [ 35.405927085053548, 32.918780137629703 ] } },
{ "type": "Feature", "properties": { "alert_type": "low_vigor_tree", "severity": "medium", "grove_code": "SERET_AL_AJOUL_A", "tree_code_optional": "KOG-SERET_AL_AJOUL_A-0100", "related_rule": "Ba'al rainfed discipline", "evidence": { "final_ndvi_mean": 0.33606457710266113, "health_index": 41.2, "confidence_score": 0.85, "shadow_fraction": 0.0, "crown_area_m2": 64.75, "review_status": "unreviewed" }, "recommended_task": "Field inspection: check irrigation, pruning, stress.", "confidence_score": 0.85, "status": "open", "alert_id": "ALERT-V1-00792" }, "geometry": { "type": "Point", "coordinates": [ 35.406974139394286, 32.918678425547888 ] } },
{ "type": "Feature", "properties": { "alert_type": "low_vigor_tree", "severity": "medium", "grove_code": "SERET_AL_AJOUL_A", "tree_code_optional": "KOG-SERET_AL_AJOUL_A-0101", "related_rule": "Ba'al rainfed discipline", "evidence": { "final_ndvi_mean": 0.298513263463974, "health_index": 29.7, "confidence_score": 0.85, "shadow_fraction": 0.0, "crown_area_m2": 91.5, "review_status": "unreviewed" }, "recommended_task": "Field inspection: check irrigation, pruning, stress.", "confidence_score": 0.85, "status": "open", "alert_id": "ALERT-V1-00793" }, "geometry": { "type": "Point", "coordinates": [ 35.406209190333215, 32.918673022598888 ] } },
{ "type": "Feature", "properties": { "alert_type": "low_vigor_tree", "severity": "medium", "grove_code": "SERET_AL_AJOUL_A", "tree_code_optional": "KOG-SERET_AL_AJOUL_A-0102", "related_rule": "Ba'al rainfed discipline", "evidence": { "final_ndvi_mean": 0.3035110533237457, "health_index": 30.7, "confidence_score": 0.85, "shadow_fraction": 0.0, "crown_area_m2": 56.5, "review_status": "unreviewed" }, "recommended_task": "Field inspection: check irrigation, pruning, stress.", "confidence_score": 0.85, "status": "open", "alert_id": "ALERT-V1-00794" }, "geometry": { "type": "Point", "coordinates": [ 35.405677727600192, 32.918616076919164 ] } },
{ "type": "Feature", "properties": { "alert_type": "low_vigor_tree", "severity": "medium", "grove_code": "SERET_AL_AJOUL_A", "tree_code_optional": "KOG-SERET_AL_AJOUL_A-0103", "related_rule": "Ba'al rainfed discipline", "evidence": { "final_ndvi_mean": 0.3183065950870514, "health_index": 33.7, "confidence_score": 0.85, "shadow_fraction": 0.0, "crown_area_m2": 61.0, "review_status": "unreviewed" }, "recommended_task": "Field inspection: check irrigation, pruning, stress.", "confidence_score": 0.85, "status": "open", "alert_id": "ALERT-V1-00795" }, "geometry": { "type": "Point", "coordinates": [ 35.405754354566156, 32.918577702421175 ] } },
{ "type": "Feature", "properties": { "alert_type": "low_vigor_tree", "severity": "medium", "grove_code": "SERET_AL_AJOUL_A", "tree_code_optional": "KOG-SERET_AL_AJOUL_A-0104", "related_rule": "Ba'al rainfed discipline", "evidence": { "final_ndvi_mean": 0.30967846512794495, "health_index": 35.9, "confidence_score": 0.85, "shadow_fraction": 0.0, "crown_area_m2": 58.25, "review_status": "unreviewed" }, "recommended_task": "Field inspection: check irrigation, pruning, stress.", "confidence_score": 0.85, "status": "open", "alert_id": "ALERT-V1-00796" }, "geometry": { "type": "Point", "coordinates": [ 35.405556858469119, 32.918381790094465 ] } },
{ "type": "Feature", "properties": { "alert_type": "low_vigor_tree", "severity": "medium", "grove_code": "SERET_AL_AJOUL_A", "tree_code_optional": "KOG-SERET_AL_AJOUL_A-0105", "related_rule": "Ba'al rainfed discipline", "evidence": { "final_ndvi_mean": 0.3109247386455536, "health_index": 36.2, "confidence_score": 0.85, "shadow_fraction": 0.0, "crown_area_m2": 59.0, "review_status": "unreviewed" }, "recommended_task": "Field inspection: check irrigation, pruning, stress.", "confidence_score": 0.85, "status": "open", "alert_id": "ALERT-V1-00797" }, "geometry": { "type": "Point", "coordinates": [ 35.403914866201944, 32.919576397781412 ] } },
{ "type": "Feature", "properties": { "alert_type": "low_vigor_tree", "severity": "medium", "grove_code": "SERET_AL_AJOUL_A", "tree_code_optional": "KOG-SERET_AL_AJOUL_A-0106", "related_rule": "Ba'al rainfed discipline", "evidence": { "final_ndvi_mean": 0.32709962129592896, "health_index": 35.4, "confidence_score": 0.85, "shadow_fraction": 0.0, "crown_area_m2": 79.0, "review_status": "unreviewed" }, "recommended_task": "Field inspection: check irrigation, pruning, stress.", "confidence_score": 0.85, "status": "open", "alert_id": "ALERT-V1-00798" }, "geometry": { "type": "Point", "coordinates": [ 35.40464312024713, 32.919557840806803 ] } },
{ "type": "Feature", "properties": { "alert_type": "low_vigor_tree", "severity": "medium", "grove_code": "SERET_AL_AJOUL_A", "tree_code_optional": "KOG-SERET_AL_AJOUL_A-0107", "related_rule": "Ba'al rainfed discipline", "evidence": { "final_ndvi_mean": 0.290204256772995, "health_index": 28.0, "confidence_score": 0.85, "shadow_fraction": 0.0, "crown_area_m2": 62.0, "review_status": "unreviewed" }, "recommended_task": "Field inspection: check irrigation, pruning, stress.", "confidence_score": 0.85, "status": "open", "alert_id": "ALERT-V1-00799" }, "geometry": { "type": "Point", "coordinates": [ 35.405494272708886, 32.91946981491774 ] } },
{ "type": "Feature", "properties": { "alert_type": "low_vigor_tree", "severity": "medium", "grove_code": "SERET_AL_AJOUL_A", "tree_code_optional": "KOG-SERET_AL_AJOUL_A-0108", "related_rule": "Ba'al rainfed discipline", "evidence": { "final_ndvi_mean": 0.318579763174057, "health_index": 37.7, "confidence_score": 0.85, "shadow_fraction": 0.0, "crown_area_m2": 54.25, "review_status": "unreviewed" }, "recommended_task": "Field inspection: check irrigation, pruning, stress.", "confidence_score": 0.85, "status": "open", "alert_id": "ALERT-V1-00800" }, "geometry": { "type": "Point", "coordinates": [ 35.404728018337899, 32.919444663758696 ] } },
{ "type": "Feature", "properties": { "alert_type": "low_vigor_tree", "severity": "medium", "grove_code": "SERET_AL_AJOUL_A", "tree_code_optional": "KOG-SERET_AL_AJOUL_A-0109", "related_rule": "Ba'al rainfed discipline", "evidence": { "final_ndvi_mean": 0.3197396993637085, "health_index": 33.9, "confidence_score": 0.85, "shadow_fraction": 0.0, "crown_area_m2": 55.0, "review_status": "unreviewed" }, "recommended_task": "Field inspection: check irrigation, pruning, stress.", "confidence_score": 0.85, "status": "open", "alert_id": "ALERT-V1-00801" }, "geometry": { "type": "Point", "coordinates": [ 35.404933271406044, 32.919366235392133 ] } },
{ "type": "Feature", "properties": { "alert_type": "low_vigor_tree", "severity": "medium", "grove_code": "SERET_AL_AJOUL_A", "tree_code_optional": "KOG-SERET_AL_AJOUL_A-0110", "related_rule": "Ba'al rainfed discipline", "evidence": { "final_ndvi_mean": 0.34705713391304016, "health_index": 43.4, "confidence_score": 0.85, "shadow_fraction": 0.0, "crown_area_m2": 71.25, "review_status": "unreviewed" }, "recommended_task": "Field inspection: check irrigation, pruning, stress.", "confidence_score": 0.85, "status": "open", "alert_id": "ALERT-V1-00802" }, "geometry": { "type": "Point", "coordinates": [ 35.406198989485901, 32.919191702488781 ] } },
{ "type": "Feature", "properties": { "alert_type": "low_vigor_tree", "severity": "medium", "grove_code": "SERET_AL_AJOUL_A", "tree_code_optional": "KOG-SERET_AL_AJOUL_A-0111", "related_rule": "Ba'al rainfed discipline", "evidence": { "final_ndvi_mean": 0.32042860984802246, "health_index": 34.1, "confidence_score": 0.85, "shadow_fraction": 0.0, "crown_area_m2": 52.75, "review_status": "unreviewed" }, "recommended_task": "Field inspection: check irrigation, pruning, stress.", "confidence_score": 0.85, "status": "open", "alert_id": "ALERT-V1-00803" }, "geometry": { "type": "Point", "coordinates": [ 35.405256371568647, 32.919047891081981 ] } },
{ "type": "Feature", "properties": { "alert_type": "low_vigor_tree", "severity": "medium", "grove_code": "SERET_AL_AJOUL_A", "tree_code_optional": "KOG-SERET_AL_AJOUL_A-0112", "related_rule": "Ba'al rainfed discipline", "evidence": { "final_ndvi_mean": 0.31852632761001587, "health_index": 37.7, "confidence_score": 0.85, "shadow_fraction": 0.0, "crown_area_m2": 67.25, "review_status": "unreviewed" }, "recommended_task": "Field inspection: check irrigation, pruning, stress.", "confidence_score": 0.85, "status": "open", "alert_id": "ALERT-V1-00804" }, "geometry": { "type": "Point", "coordinates": [ 35.404949326968335, 32.919040639364411 ] } },
{ "type": "Feature", "properties": { "alert_type": "low_vigor_tree", "severity": "medium", "grove_code": "SERET_AL_AJOUL_A", "tree_code_optional": "KOG-SERET_AL_AJOUL_A-0113", "related_rule": "Ba'al rainfed discipline", "evidence": { "final_ndvi_mean": 0.31156864762306213, "health_index": 32.3, "confidence_score": 0.85, "shadow_fraction": 0.0, "crown_area_m2": 56.0, "review_status": "unreviewed" }, "recommended_task": "Field inspection: check irrigation, pruning, stress.", "confidence_score": 0.85, "status": "open", "alert_id": "ALERT-V1-00805" }, "geometry": { "type": "Point", "coordinates": [ 35.40553969727732, 32.919025153530299 ] } },
{ "type": "Feature", "properties": { "alert_type": "low_vigor_tree", "severity": "medium", "grove_code": "SERET_AL_AJOUL_A", "tree_code_optional": "KOG-SERET_AL_AJOUL_A-0114", "related_rule": "Ba'al rainfed discipline", "evidence": { "final_ndvi_mean": 0.3298746645450592, "health_index": 36.0, "confidence_score": 0.85, "shadow_fraction": 0.0, "crown_area_m2": 55.0, "review_status": "unreviewed" }, "recommended_task": "Field inspection: check irrigation, pruning, stress.", "confidence_score": 0.85, "status": "open", "alert_id": "ALERT-V1-00806" }, "geometry": { "type": "Point", "coordinates": [ 35.406153518576524, 32.919006908860339 ] } },
{ "type": "Feature", "properties": { "alert_type": "low_vigor_tree", "severity": "medium", "grove_code": "SERET_AL_AJOUL_A", "tree_code_optional": "KOG-SERET_AL_AJOUL_A-0115", "related_rule": "Ba'al rainfed discipline", "evidence": { "final_ndvi_mean": 0.32812538743019104, "health_index": 39.6, "confidence_score": 0.85, "shadow_fraction": 0.0, "crown_area_m2": 58.25, "review_status": "unreviewed" }, "recommended_task": "Field inspection: check irrigation, pruning, stress.", "confidence_score": 0.85, "status": "open", "alert_id": "ALERT-V1-00807" }, "geometry": { "type": "Point", "coordinates": [ 35.406846905515302, 32.918691953677467 ] } },
{ "type": "Feature", "properties": { "alert_type": "low_vigor_tree", "severity": "medium", "grove_code": "SERET_AL_AJOUL_A", "tree_code_optional": "KOG-SERET_AL_AJOUL_A-0116", "related_rule": "Ba'al rainfed discipline", "evidence": { "final_ndvi_mean": 0.31324756145477295, "health_index": 36.6, "confidence_score": 0.85, "shadow_fraction": 0.0, "crown_area_m2": 59.5, "review_status": "unreviewed" }, "recommended_task": "Field inspection: check irrigation, pruning, stress.", "confidence_score": 0.85, "status": "open", "alert_id": "ALERT-V1-00808" }, "geometry": { "type": "Point", "coordinates": [ 35.407031474759087, 32.918547833315998 ] } },
{ "type": "Feature", "properties": { "alert_type": "low_vigor_tree", "severity": "medium", "grove_code": "SERET_AL_AJOUL_A", "tree_code_optional": "KOG-SERET_AL_AJOUL_A-0117", "related_rule": "Ba'al rainfed discipline", "evidence": { "final_ndvi_mean": 0.30264559388160706, "health_index": 34.5, "confidence_score": 0.85, "shadow_fraction": 0.0, "crown_area_m2": 58.25, "review_status": "unreviewed" }, "recommended_task": "Field inspection: check irrigation, pruning, stress.", "confidence_score": 0.85, "status": "open", "alert_id": "ALERT-V1-00809" }, "geometry": { "type": "Point", "coordinates": [ 35.405852028241753, 32.918528199067708 ] } },
{ "type": "Feature", "properties": { "alert_type": "low_vigor_tree", "severity": "medium", "grove_code": "SERET_AL_AJOUL_A", "tree_code_optional": "KOG-SERET_AL_AJOUL_A-0118", "related_rule": "Ba'al rainfed discipline", "evidence": { "final_ndvi_mean": 0.3126187026500702, "health_index": 32.5, "confidence_score": 0.85, "shadow_fraction": 0.0, "crown_area_m2": 58.75, "review_status": "unreviewed" }, "recommended_task": "Field inspection: check irrigation, pruning, stress.", "confidence_score": 0.85, "status": "open", "alert_id": "ALERT-V1-00810" }, "geometry": { "type": "Point", "coordinates": [ 35.405715532984082, 32.918497550284215 ] } },
{ "type": "Feature", "properties": { "alert_type": "low_vigor_tree", "severity": "medium", "grove_code": "SERET_AL_AJOUL_A", "tree_code_optional": "KOG-SERET_AL_AJOUL_A-0119", "related_rule": "Ba'al rainfed discipline", "evidence": { "final_ndvi_mean": 0.307230144739151, "health_index": 35.4, "confidence_score": 0.85, "shadow_fraction": 0.0, "crown_area_m2": 53.5, "review_status": "unreviewed" }, "recommended_task": "Field inspection: check irrigation, pruning, stress.", "confidence_score": 0.85, "status": "open", "alert_id": "ALERT-V1-00811" }, "geometry": { "type": "Point", "coordinates": [ 35.405976211320493, 32.918403226639462 ] } },
{ "type": "Feature", "properties": { "alert_type": "low_vigor_tree", "severity": "medium", "grove_code": "SERET_AL_AJOUL_A", "tree_code_optional": "KOG-SERET_AL_AJOUL_A-0120", "related_rule": "Ba'al rainfed discipline", "evidence": { "final_ndvi_mean": 0.3392600119113922, "health_index": 41.9, "confidence_score": 0.85, "shadow_fraction": 0.0, "crown_area_m2": 36.0, "review_status": "unreviewed" }, "recommended_task": "Field inspection: check irrigation, pruning, stress.", "confidence_score": 0.85, "status": "open", "alert_id": "ALERT-V1-00812" }, "geometry": { "type": "Point", "coordinates": [ 35.404107999780393, 32.91999748876443 ] } },
{ "type": "Feature", "properties": { "alert_type": "low_vigor_tree", "severity": "medium", "grove_code": "SERET_AL_AJOUL_A", "tree_code_optional": "KOG-SERET_AL_AJOUL_A-0121", "related_rule": "Ba'al rainfed discipline", "evidence": { "final_ndvi_mean": 0.3470608592033386, "health_index": 43.4, "confidence_score": 0.85, "shadow_fraction": 0.0, "crown_area_m2": 55.0, "review_status": "unreviewed" }, "recommended_task": "Field inspection: check irrigation, pruning, stress.", "confidence_score": 0.85, "status": "open", "alert_id": "ALERT-V1-00813" }, "geometry": { "type": "Point", "coordinates": [ 35.403710834153273, 32.919732109360694 ] } },
{ "type": "Feature", "properties": { "alert_type": "low_vigor_tree", "severity": "medium", "grove_code": "SERET_AL_AJOUL_A", "tree_code_optional": "KOG-SERET_AL_AJOUL_A-0122", "related_rule": "Ba'al rainfed discipline", "evidence": { "final_ndvi_mean": 0.323058545589447, "health_index": 34.6, "confidence_score": 0.85, "shadow_fraction": 0.0, "crown_area_m2": 58.25, "review_status": "unreviewed" }, "recommended_task": "Field inspection: check irrigation, pruning, stress.", "confidence_score": 0.85, "status": "open", "alert_id": "ALERT-V1-00814" }, "geometry": { "type": "Point", "coordinates": [ 35.405623930573107, 32.919435725827128 ] } },
{ "type": "Feature", "properties": { "alert_type": "low_vigor_tree", "severity": "medium", "grove_code": "SERET_AL_AJOUL_A", "tree_code_optional": "KOG-SERET_AL_AJOUL_A-0123", "related_rule": "Ba'al rainfed discipline", "evidence": { "final_ndvi_mean": 0.32884329557418823, "health_index": 35.8, "confidence_score": 0.85, "shadow_fraction": 0.0, "crown_area_m2": 64.0, "review_status": "unreviewed" }, "recommended_task": "Field inspection: check irrigation, pruning, stress.", "confidence_score": 0.85, "status": "open", "alert_id": "ALERT-V1-00815" }, "geometry": { "type": "Point", "coordinates": [ 35.405716348279476, 32.918974315894225 ] } },
{ "type": "Feature", "properties": { "alert_type": "low_vigor_tree", "severity": "medium", "grove_code": "SERET_AL_AJOUL_A", "tree_code_optional": "KOG-SERET_AL_AJOUL_A-0124", "related_rule": "Ba'al rainfed discipline", "evidence": { "final_ndvi_mean": 0.3394452929496765, "health_index": 41.9, "confidence_score": 0.85, "shadow_fraction": 0.0, "crown_area_m2": 55.25, "review_status": "unreviewed" }, "recommended_task": "Field inspection: check irrigation, pruning, stress.", "confidence_score": 0.85, "status": "open", "alert_id": "ALERT-V1-00816" }, "geometry": { "type": "Point", "coordinates": [ 35.405142829123342, 32.918948445386398 ] } },
{ "type": "Feature", "properties": { "alert_type": "low_vigor_tree", "severity": "medium", "grove_code": "SERET_AL_AJOUL_A", "tree_code_optional": "KOG-SERET_AL_AJOUL_A-0125", "related_rule": "Ba'al rainfed discipline", "evidence": { "final_ndvi_mean": 0.32783377170562744, "health_index": 39.6, "confidence_score": 0.85, "shadow_fraction": 0.0, "crown_area_m2": 55.25, "review_status": "unreviewed" }, "recommended_task": "Field inspection: check irrigation, pruning, stress.", "confidence_score": 0.85, "status": "open", "alert_id": "ALERT-V1-00817" }, "geometry": { "type": "Point", "coordinates": [ 35.405898339852243, 32.918905315995325 ] } },
{ "type": "Feature", "properties": { "alert_type": "low_vigor_tree", "severity": "medium", "grove_code": "SERET_AL_AJOUL_A", "tree_code_optional": "KOG-SERET_AL_AJOUL_A-0126", "related_rule": "Ba'al rainfed discipline", "evidence": { "final_ndvi_mean": 0.3253980278968811, "health_index": 35.1, "confidence_score": 0.85, "shadow_fraction": 0.0, "crown_area_m2": 56.25, "review_status": "unreviewed" }, "recommended_task": "Field inspection: check irrigation, pruning, stress.", "confidence_score": 0.85, "status": "open", "alert_id": "ALERT-V1-00818" }, "geometry": { "type": "Point", "coordinates": [ 35.405858229499913, 32.918619153364901 ] } },
{ "type": "Feature", "properties": { "alert_type": "low_vigor_tree", "severity": "medium", "grove_code": "SERET_AL_AJOUL_A", "tree_code_optional": "KOG-SERET_AL_AJOUL_A-0127", "related_rule": "Ba'al rainfed discipline", "evidence": { "final_ndvi_mean": 0.30122458934783936, "health_index": 30.2, "confidence_score": 0.85, "shadow_fraction": 0.0, "crown_area_m2": 68.0, "review_status": "unreviewed" }, "recommended_task": "Field inspection: check irrigation, pruning, stress.", "confidence_score": 0.85, "status": "open", "alert_id": "ALERT-V1-00819" }, "geometry": { "type": "Point", "coordinates": [ 35.405593492160513, 32.918470592411126 ] } },
{ "type": "Feature", "properties": { "alert_type": "low_vigor_tree", "severity": "medium", "grove_code": "SERET_AL_AJOUL_A", "tree_code_optional": "KOG-SERET_AL_AJOUL_A-0128", "related_rule": "Ba'al rainfed discipline", "evidence": { "final_ndvi_mean": 0.31525203585624695, "health_index": 33.1, "confidence_score": 0.85, "shadow_fraction": 0.0, "crown_area_m2": 51.5, "review_status": "unreviewed" }, "recommended_task": "Field inspection: check irrigation, pruning, stress.", "confidence_score": 0.85, "status": "open", "alert_id": "ALERT-V1-00820" }, "geometry": { "type": "Point", "coordinates": [ 35.405074040773258, 32.919507840268878 ] } },
{ "type": "Feature", "properties": { "alert_type": "low_vigor_tree", "severity": "medium", "grove_code": "SERET_AL_AJOUL_A", "tree_code_optional": "KOG-SERET_AL_AJOUL_A-0129", "related_rule": "Ba'al rainfed discipline", "evidence": { "final_ndvi_mean": 0.3127535879611969, "health_index": 36.6, "confidence_score": 0.85, "shadow_fraction": 0.0, "crown_area_m2": 50.0, "review_status": "unreviewed" }, "recommended_task": "Field inspection: check irrigation, pruning, stress.", "confidence_score": 0.85, "status": "open", "alert_id": "ALERT-V1-00821" }, "geometry": { "type": "Point", "coordinates": [ 35.404171044178625, 32.919314359486663 ] } },
{ "type": "Feature", "properties": { "alert_type": "low_vigor_tree", "severity": "medium", "grove_code": "SERET_AL_AJOUL_A", "tree_code_optional": "KOG-SERET_AL_AJOUL_A-0130", "related_rule": "Ba'al rainfed discipline", "evidence": { "final_ndvi_mean": 0.3087656795978546, "health_index": 31.8, "confidence_score": 0.85, "shadow_fraction": 0.0, "crown_area_m2": 40.5, "review_status": "unreviewed" }, "recommended_task": "Field inspection: check irrigation, pruning, stress.", "confidence_score": 0.85, "status": "open", "alert_id": "ALERT-V1-00822" }, "geometry": { "type": "Point", "coordinates": [ 35.40337758333002, 32.919314339915303 ] } },
{ "type": "Feature", "properties": { "alert_type": "low_vigor_tree", "severity": "medium", "grove_code": "SERET_AL_AJOUL_A", "tree_code_optional": "KOG-SERET_AL_AJOUL_A-0131", "related_rule": "Ba'al rainfed discipline", "evidence": { "final_ndvi_mean": 0.3260921537876129, "health_index": 35.2, "confidence_score": 0.85, "shadow_fraction": 0.0, "crown_area_m2": 52.25, "review_status": "unreviewed" }, "recommended_task": "Field inspection: check irrigation, pruning, stress.", "confidence_score": 0.85, "status": "open", "alert_id": "ALERT-V1-00823" }, "geometry": { "type": "Point", "coordinates": [ 35.405936242374345, 32.918990618184544 ] } },
{ "type": "Feature", "properties": { "alert_type": "low_vigor_tree", "severity": "medium", "grove_code": "SERET_AL_AJOUL_A", "tree_code_optional": "KOG-SERET_AL_AJOUL_A-0132", "related_rule": "Ba'al rainfed discipline", "evidence": { "final_ndvi_mean": 0.32010260224342346, "health_index": 34.0, "confidence_score": 0.85, "shadow_fraction": 0.0, "crown_area_m2": 50.0, "review_status": "unreviewed" }, "recommended_task": "Field inspection: check irrigation, pruning, stress.", "confidence_score": 0.85, "status": "open", "alert_id": "ALERT-V1-00824" }, "geometry": { "type": "Point", "coordinates": [ 35.406231241460823, 32.918973812662209 ] } },
{ "type": "Feature", "properties": { "alert_type": "low_vigor_tree", "severity": "medium", "grove_code": "SERET_AL_AJOUL_A", "tree_code_optional": "KOG-SERET_AL_AJOUL_A-0133", "related_rule": "Ba'al rainfed discipline", "evidence": { "final_ndvi_mean": 0.3291473090648651, "health_index": 39.8, "confidence_score": 0.85, "shadow_fraction": 0.0, "crown_area_m2": 52.25, "review_status": "unreviewed" }, "recommended_task": "Field inspection: check irrigation, pruning, stress.", "confidence_score": 0.85, "status": "open", "alert_id": "ALERT-V1-00825" }, "geometry": { "type": "Point", "coordinates": [ 35.40657211492897, 32.918955805839921 ] } },
{ "type": "Feature", "properties": { "alert_type": "low_vigor_tree", "severity": "medium", "grove_code": "SERET_AL_AJOUL_A", "tree_code_optional": "KOG-SERET_AL_AJOUL_A-0134", "related_rule": "Ba'al rainfed discipline", "evidence": { "final_ndvi_mean": 0.31760215759277344, "health_index": 37.5, "confidence_score": 0.85, "shadow_fraction": 0.0, "crown_area_m2": 50.25, "review_status": "unreviewed" }, "recommended_task": "Field inspection: check irrigation, pruning, stress.", "confidence_score": 0.85, "status": "open", "alert_id": "ALERT-V1-00826" }, "geometry": { "type": "Point", "coordinates": [ 35.404157048578433, 32.919852444560192 ] } },
{ "type": "Feature", "properties": { "alert_type": "low_vigor_tree", "severity": "medium", "grove_code": "SERET_AL_AJOUL_A", "tree_code_optional": "KOG-SERET_AL_AJOUL_A-0135", "related_rule": "Ba'al rainfed discipline", "evidence": { "final_ndvi_mean": 0.3333311080932617, "health_index": 40.7, "confidence_score": 0.85, "shadow_fraction": 0.0, "crown_area_m2": 54.75, "review_status": "unreviewed" }, "recommended_task": "Field inspection: check irrigation, pruning, stress.", "confidence_score": 0.85, "status": "open", "alert_id": "ALERT-V1-00827" }, "geometry": { "type": "Point", "coordinates": [ 35.403253045283236, 32.919736534531971 ] } },
{ "type": "Feature", "properties": { "alert_type": "low_vigor_tree", "severity": "medium", "grove_code": "SERET_AL_AJOUL_A", "tree_code_optional": "KOG-SERET_AL_AJOUL_A-0136", "related_rule": "Ba'al rainfed discipline", "evidence": { "final_ndvi_mean": 0.3127221465110779, "health_index": 36.5, "confidence_score": 0.85, "shadow_fraction": 0.0, "crown_area_m2": 43.25, "review_status": "unreviewed" }, "recommended_task": "Field inspection: check irrigation, pruning, stress.", "confidence_score": 0.85, "status": "open", "alert_id": "ALERT-V1-00828" }, "geometry": { "type": "Point", "coordinates": [ 35.403321425640847, 32.919637081215257 ] } },
{ "type": "Feature", "properties": { "alert_type": "low_vigor_tree", "severity": "medium", "grove_code": "SERET_AL_AJOUL_A", "tree_code_optional": "KOG-SERET_AL_AJOUL_A-0137", "related_rule": "Ba'al rainfed discipline", "evidence": { "final_ndvi_mean": 0.36958155035972595, "health_index": 43.9, "confidence_score": 0.85, "shadow_fraction": 0.0, "crown_area_m2": 15.75, "review_status": "unreviewed" }, "recommended_task": "Field inspection: check irrigation, pruning, stress.", "confidence_score": 0.85, "status": "open", "alert_id": "ALERT-V1-00829" }, "geometry": { "type": "Point", "coordinates": [ 35.405625340828088, 32.919269064753749 ] } },
{ "type": "Feature", "properties": { "alert_type": "low_vigor_tree", "severity": "medium", "grove_code": "SERET_AL_AJOUL_A", "tree_code_optional": "KOG-SERET_AL_AJOUL_A-0138", "related_rule": "Ba'al rainfed discipline", "evidence": { "final_ndvi_mean": 0.3088721036911011, "health_index": 31.8, "confidence_score": 0.85, "shadow_fraction": 0.0, "crown_area_m2": 46.5, "review_status": "unreviewed" }, "recommended_task": "Field inspection: check irrigation, pruning, stress.", "confidence_score": 0.85, "status": "open", "alert_id": "ALERT-V1-00830" }, "geometry": { "type": "Point", "coordinates": [ 35.404686958114645, 32.919255638895791 ] } },
{ "type": "Feature", "properties": { "alert_type": "low_vigor_tree", "severity": "medium", "grove_code": "SERET_AL_AJOUL_A", "tree_code_optional": "KOG-SERET_AL_AJOUL_A-0139", "related_rule": "Ba'al rainfed discipline", "evidence": { "final_ndvi_mean": 0.3029326796531677, "health_index": 34.6, "confidence_score": 0.85, "shadow_fraction": 0.0, "crown_area_m2": 50.25, "review_status": "unreviewed" }, "recommended_task": "Field inspection: check irrigation, pruning, stress.", "confidence_score": 0.85, "status": "open", "alert_id": "ALERT-V1-00831" }, "geometry": { "type": "Point", "coordinates": [ 35.405810107805102, 32.919200384480412 ] } },
{ "type": "Feature", "properties": { "alert_type": "low_vigor_tree", "severity": "medium", "grove_code": "SERET_AL_AJOUL_A", "tree_code_optional": "KOG-SERET_AL_AJOUL_A-0140", "related_rule": "Ba'al rainfed discipline", "evidence": { "final_ndvi_mean": 0.31820282340049744, "health_index": 33.6, "confidence_score": 0.85, "shadow_fraction": 0.0, "crown_area_m2": 59.5, "review_status": "unreviewed" }, "recommended_task": "Field inspection: check irrigation, pruning, stress.", "confidence_score": 0.85, "status": "open", "alert_id": "ALERT-V1-00832" }, "geometry": { "type": "Point", "coordinates": [ 35.403556013131158, 32.91923401911211 ] } },
{ "type": "Feature", "properties": { "alert_type": "low_vigor_tree", "severity": "medium", "grove_code": "SERET_AL_AJOUL_A", "tree_code_optional": "KOG-SERET_AL_AJOUL_A-0141", "related_rule": "Ba'al rainfed discipline", "evidence": { "final_ndvi_mean": 0.32336902618408203, "health_index": 38.7, "confidence_score": 0.85, "shadow_fraction": 0.0, "crown_area_m2": 49.25, "review_status": "unreviewed" }, "recommended_task": "Field inspection: check irrigation, pruning, stress.", "confidence_score": 0.85, "status": "open", "alert_id": "ALERT-V1-00833" }, "geometry": { "type": "Point", "coordinates": [ 35.405895555462607, 32.919178110015451 ] } },
{ "type": "Feature", "properties": { "alert_type": "low_vigor_tree", "severity": "medium", "grove_code": "SERET_AL_AJOUL_A", "tree_code_optional": "KOG-SERET_AL_AJOUL_A-0142", "related_rule": "Ba'al rainfed discipline", "evidence": { "final_ndvi_mean": 0.28924986720085144, "health_index": 31.8, "confidence_score": 0.85, "shadow_fraction": 0.0, "crown_area_m2": 46.0, "review_status": "unreviewed" }, "recommended_task": "Field inspection: check irrigation, pruning, stress.", "confidence_score": 0.85, "status": "open", "alert_id": "ALERT-V1-00834" }, "geometry": { "type": "Point", "coordinates": [ 35.405488066463228, 32.919135396573708 ] } },
{ "type": "Feature", "properties": { "alert_type": "low_vigor_tree", "severity": "medium", "grove_code": "SERET_AL_AJOUL_A", "tree_code_optional": "KOG-SERET_AL_AJOUL_A-0143", "related_rule": "Ba'al rainfed discipline", "evidence": { "final_ndvi_mean": 0.33217722177505493, "health_index": 36.4, "confidence_score": 0.85, "shadow_fraction": 0.0, "crown_area_m2": 37.25, "review_status": "unreviewed" }, "recommended_task": "Field inspection: check irrigation, pruning, stress.", "confidence_score": 0.85, "status": "open", "alert_id": "ALERT-V1-00835" }, "geometry": { "type": "Point", "coordinates": [ 35.406086520489225, 32.919115457775511 ] } },
{ "type": "Feature", "properties": { "alert_type": "low_vigor_tree", "severity": "medium", "grove_code": "SERET_AL_AJOUL_A", "tree_code_optional": "KOG-SERET_AL_AJOUL_A-0144", "related_rule": "Ba'al rainfed discipline", "evidence": { "final_ndvi_mean": 0.3181099593639374, "health_index": 37.6, "confidence_score": 0.85, "shadow_fraction": 0.0, "crown_area_m2": 46.75, "review_status": "unreviewed" }, "recommended_task": "Field inspection: check irrigation, pruning, stress.", "confidence_score": 0.85, "status": "open", "alert_id": "ALERT-V1-00836" }, "geometry": { "type": "Point", "coordinates": [ 35.406531287229143, 32.919074893465456 ] } },
{ "type": "Feature", "properties": { "alert_type": "low_vigor_tree", "severity": "medium", "grove_code": "SERET_AL_AJOUL_A", "tree_code_optional": "KOG-SERET_AL_AJOUL_A-0145", "related_rule": "Ba'al rainfed discipline", "evidence": { "final_ndvi_mean": 0.30101701617240906, "health_index": 34.2, "confidence_score": 0.85, "shadow_fraction": 0.0, "crown_area_m2": 45.5, "review_status": "unreviewed" }, "recommended_task": "Field inspection: check irrigation, pruning, stress.", "confidence_score": 0.85, "status": "open", "alert_id": "ALERT-V1-00837" }, "geometry": { "type": "Point", "coordinates": [ 35.405347366618422, 32.919011536145796 ] } },
{ "type": "Feature", "properties": { "alert_type": "low_vigor_tree", "severity": "medium", "grove_code": "SERET_AL_AJOUL_A", "tree_code_optional": "KOG-SERET_AL_AJOUL_A-0146", "related_rule": "Ba'al rainfed discipline", "evidence": { "final_ndvi_mean": 0.3133109509944916, "health_index": 36.7, "confidence_score": 0.85, "shadow_fraction": 0.0, "crown_area_m2": 45.75, "review_status": "unreviewed" }, "recommended_task": "Field inspection: check irrigation, pruning, stress.", "confidence_score": 0.85, "status": "open", "alert_id": "ALERT-V1-00838" }, "geometry": { "type": "Point", "coordinates": [ 35.406019590650381, 32.918953276180794 ] } },
{ "type": "Feature", "properties": { "alert_type": "low_vigor_tree", "severity": "medium", "grove_code": "SERET_AL_AJOUL_A", "tree_code_optional": "KOG-SERET_AL_AJOUL_A-0148", "related_rule": "Ba'al rainfed discipline", "evidence": { "final_ndvi_mean": 0.28754034638404846, "health_index": 31.5, "confidence_score": 0.85, "shadow_fraction": 0.0, "crown_area_m2": 37.0, "review_status": "unreviewed" }, "recommended_task": "Field inspection: check irrigation, pruning, stress.", "confidence_score": 0.85, "status": "open", "alert_id": "ALERT-V1-00839" }, "geometry": { "type": "Point", "coordinates": [ 35.405505250790917, 32.918955096174578 ] } },
{ "type": "Feature", "properties": { "alert_type": "low_vigor_tree", "severity": "medium", "grove_code": "SERET_AL_AJOUL_A", "tree_code_optional": "KOG-SERET_AL_AJOUL_A-0149", "related_rule": "Ba'al rainfed discipline", "evidence": { "final_ndvi_mean": 0.29986491799354553, "health_index": 30.0, "confidence_score": 0.85, "shadow_fraction": 0.0, "crown_area_m2": 57.75, "review_status": "unreviewed" }, "recommended_task": "Field inspection: check irrigation, pruning, stress.", "confidence_score": 0.85, "status": "open", "alert_id": "ALERT-V1-00840" }, "geometry": { "type": "Point", "coordinates": [ 35.405337374675895, 32.918935989007394 ] } },
{ "type": "Feature", "properties": { "alert_type": "low_vigor_tree", "severity": "medium", "grove_code": "SERET_AL_AJOUL_A", "tree_code_optional": "KOG-SERET_AL_AJOUL_A-0150", "related_rule": "Ba'al rainfed discipline", "evidence": { "final_ndvi_mean": 0.3147094249725342, "health_index": 36.9, "confidence_score": 0.85, "shadow_fraction": 0.0, "crown_area_m2": 47.5, "review_status": "unreviewed" }, "recommended_task": "Field inspection: check irrigation, pruning, stress.", "confidence_score": 0.85, "status": "open", "alert_id": "ALERT-V1-00841" }, "geometry": { "type": "Point", "coordinates": [ 35.407054578908095, 32.918867733140885 ] } },
{ "type": "Feature", "properties": { "alert_type": "low_vigor_tree", "severity": "medium", "grove_code": "SERET_AL_AJOUL_A", "tree_code_optional": "KOG-SERET_AL_AJOUL_A-0151", "related_rule": "Ba'al rainfed discipline", "evidence": { "final_ndvi_mean": 0.30782049894332886, "health_index": 35.6, "confidence_score": 0.85, "shadow_fraction": 0.0, "crown_area_m2": 58.75, "review_status": "unreviewed" }, "recommended_task": "Field inspection: check irrigation, pruning, stress.", "confidence_score": 0.85, "status": "open", "alert_id": "ALERT-V1-00842" }, "geometry": { "type": "Point", "coordinates": [ 35.405602589520953, 32.918827644912518 ] } },
{ "type": "Feature", "properties": { "alert_type": "low_vigor_tree", "severity": "medium", "grove_code": "SERET_AL_AJOUL_A", "tree_code_optional": "KOG-SERET_AL_AJOUL_A-0152", "related_rule": "Ba'al rainfed discipline", "evidence": { "final_ndvi_mean": 0.32356783747673035, "health_index": 38.7, "confidence_score": 0.85, "shadow_fraction": 0.0, "crown_area_m2": 59.0, "review_status": "unreviewed" }, "recommended_task": "Field inspection: check irrigation, pruning, stress.", "confidence_score": 0.85, "status": "open", "alert_id": "ALERT-V1-00843" }, "geometry": { "type": "Point", "coordinates": [ 35.40603216248271, 32.918636838626973 ] } },
{ "type": "Feature", "properties": { "alert_type": "low_vigor_tree", "severity": "medium", "grove_code": "SERET_AL_AJOUL_A", "tree_code_optional": "KOG-SERET_AL_AJOUL_A-0153", "related_rule": "Ba'al rainfed discipline", "evidence": { "final_ndvi_mean": 0.3507882356643677, "health_index": 44.2, "confidence_score": 0.85, "shadow_fraction": 0.0, "crown_area_m2": 43.25, "review_status": "unreviewed" }, "recommended_task": "Field inspection: check irrigation, pruning, stress.", "confidence_score": 0.85, "status": "open", "alert_id": "ALERT-V1-00844" }, "geometry": { "type": "Point", "coordinates": [ 35.40372169132916, 32.919565973038239 ] } },
{ "type": "Feature", "properties": { "alert_type": "low_vigor_tree", "severity": "medium", "grove_code": "SERET_AL_AJOUL_A", "tree_code_optional": "KOG-SERET_AL_AJOUL_A-0154", "related_rule": "Ba'al rainfed discipline", "evidence": { "final_ndvi_mean": 0.3168262541294098, "health_index": 33.4, "confidence_score": 0.85, "shadow_fraction": 0.0, "crown_area_m2": 52.75, "review_status": "unreviewed" }, "recommended_task": "Field inspection: check irrigation, pruning, stress.", "confidence_score": 0.85, "status": "open", "alert_id": "ALERT-V1-00845" }, "geometry": { "type": "Point", "coordinates": [ 35.404235367339744, 32.919490969382558 ] } },
{ "type": "Feature", "properties": { "alert_type": "low_vigor_tree", "severity": "medium", "grove_code": "SERET_AL_AJOUL_A", "tree_code_optional": "KOG-SERET_AL_AJOUL_A-0155", "related_rule": "Ba'al rainfed discipline", "evidence": { "final_ndvi_mean": 0.3310532867908478, "health_index": 36.2, "confidence_score": 0.85, "shadow_fraction": 0.0, "crown_area_m2": 57.75, "review_status": "unreviewed" }, "recommended_task": "Field inspection: check irrigation, pruning, stress.", "confidence_score": 0.85, "status": "open", "alert_id": "ALERT-V1-00846" }, "geometry": { "type": "Point", "coordinates": [ 35.405832672091627, 32.919362029981187 ] } },
{ "type": "Feature", "properties": { "alert_type": "low_vigor_tree", "severity": "medium", "grove_code": "SERET_AL_AJOUL_A", "tree_code_optional": "KOG-SERET_AL_AJOUL_A-0156", "related_rule": "Ba'al rainfed discipline", "evidence": { "final_ndvi_mean": 0.3183742165565491, "health_index": 37.7, "confidence_score": 0.85, "shadow_fraction": 0.0, "crown_area_m2": 50.5, "review_status": "unreviewed" }, "recommended_task": "Field inspection: check irrigation, pruning, stress.", "confidence_score": 0.85, "status": "open", "alert_id": "ALERT-V1-00847" }, "geometry": { "type": "Point", "coordinates": [ 35.405323087443783, 32.919216253999153 ] } },
{ "type": "Feature", "properties": { "alert_type": "low_vigor_tree", "severity": "medium", "grove_code": "SERET_AL_AJOUL_A", "tree_code_optional": "KOG-SERET_AL_AJOUL_A-0157", "related_rule": "Ba'al rainfed discipline", "evidence": { "final_ndvi_mean": 0.31590336561203003, "health_index": 37.2, "confidence_score": 0.85, "shadow_fraction": 0.0, "crown_area_m2": 51.5, "review_status": "unreviewed" }, "recommended_task": "Field inspection: check irrigation, pruning, stress.", "confidence_score": 0.85, "status": "open", "alert_id": "ALERT-V1-00848" }, "geometry": { "type": "Point", "coordinates": [ 35.406525526021689, 32.918886677689116 ] } },
{ "type": "Feature", "properties": { "alert_type": "low_vigor_tree", "severity": "medium", "grove_code": "SERET_AL_AJOUL_A", "tree_code_optional": "KOG-SERET_AL_AJOUL_A-0158", "related_rule": "Ba'al rainfed discipline", "evidence": { "final_ndvi_mean": 0.32473376393318176, "health_index": 38.9, "confidence_score": 0.85, "shadow_fraction": 0.0, "crown_area_m2": 60.25, "review_status": "unreviewed" }, "recommended_task": "Field inspection: check irrigation, pruning, stress.", "confidence_score": 0.85, "status": "open", "alert_id": "ALERT-V1-00849" }, "geometry": { "type": "Point", "coordinates": [ 35.407024667232228, 32.918786024000511 ] } },
{ "type": "Feature", "properties": { "alert_type": "low_vigor_tree", "severity": "medium", "grove_code": "SERET_AL_AJOUL_A", "tree_code_optional": "KOG-SERET_AL_AJOUL_A-0159", "related_rule": "Ba'al rainfed discipline", "evidence": { "final_ndvi_mean": 0.2915946841239929, "health_index": 28.3, "confidence_score": 0.85, "shadow_fraction": 0.0, "crown_area_m2": 52.5, "review_status": "unreviewed" }, "recommended_task": "Field inspection: check irrigation, pruning, stress.", "confidence_score": 0.85, "status": "open", "alert_id": "ALERT-V1-00850" }, "geometry": { "type": "Point", "coordinates": [ 35.407123904385131, 32.918731678182496 ] } },
{ "type": "Feature", "properties": { "alert_type": "low_vigor_tree", "severity": "medium", "grove_code": "SERET_AL_AJOUL_A", "tree_code_optional": "KOG-SERET_AL_AJOUL_A-0160", "related_rule": "Ba'al rainfed discipline", "evidence": { "final_ndvi_mean": 0.3190569281578064, "health_index": 33.8, "confidence_score": 0.85, "shadow_fraction": 0.0, "crown_area_m2": 46.75, "review_status": "unreviewed" }, "recommended_task": "Field inspection: check irrigation, pruning, stress.", "confidence_score": 0.85, "status": "open", "alert_id": "ALERT-V1-00851" }, "geometry": { "type": "Point", "coordinates": [ 35.406008320943698, 32.918742866883093 ] } },
{ "type": "Feature", "properties": { "alert_type": "low_vigor_tree", "severity": "medium", "grove_code": "SERET_AL_AJOUL_A", "tree_code_optional": "KOG-SERET_AL_AJOUL_A-0161", "related_rule": "Ba'al rainfed discipline", "evidence": { "final_ndvi_mean": 0.31893467903137207, "health_index": 33.8, "confidence_score": 0.85, "shadow_fraction": 0.0, "crown_area_m2": 53.75, "review_status": "unreviewed" }, "recommended_task": "Field inspection: check irrigation, pruning, stress.", "confidence_score": 0.85, "status": "open", "alert_id": "ALERT-V1-00852" }, "geometry": { "type": "Point", "coordinates": [ 35.407171672063981, 32.918600384152036 ] } },
{ "type": "Feature", "properties": { "alert_type": "low_vigor_tree", "severity": "medium", "grove_code": "SERET_AL_AJOUL_A", "tree_code_optional": "KOG-SERET_AL_AJOUL_A-0162", "related_rule": "Ba'al rainfed discipline", "evidence": { "final_ndvi_mean": 0.3142642378807068, "health_index": 36.9, "confidence_score": 0.85, "shadow_fraction": 0.0, "crown_area_m2": 48.25, "review_status": "unreviewed" }, "recommended_task": "Field inspection: check irrigation, pruning, stress.", "confidence_score": 0.85, "status": "open", "alert_id": "ALERT-V1-00853" }, "geometry": { "type": "Point", "coordinates": [ 35.405802233943334, 32.918443586871113 ] } },
{ "type": "Feature", "properties": { "alert_type": "low_vigor_tree", "severity": "medium", "grove_code": "SERET_AL_AJOUL_A", "tree_code_optional": "KOG-SERET_AL_AJOUL_A-0163", "related_rule": "Ba'al rainfed discipline", "evidence": { "final_ndvi_mean": 0.31340062618255615, "health_index": 36.7, "confidence_score": 0.85, "shadow_fraction": 0.0, "crown_area_m2": 50.25, "review_status": "unreviewed" }, "recommended_task": "Field inspection: check irrigation, pruning, stress.", "confidence_score": 0.85, "status": "open", "alert_id": "ALERT-V1-00854" }, "geometry": { "type": "Point", "coordinates": [ 35.405684782096507, 32.918421911401715 ] } },
{ "type": "Feature", "properties": { "alert_type": "low_vigor_tree", "severity": "medium", "grove_code": "SERET_AL_AJOUL_A", "tree_code_optional": "KOG-SERET_AL_AJOUL_A-0164", "related_rule": "Ba'al rainfed discipline", "evidence": { "final_ndvi_mean": 0.2989265024662018, "health_index": 29.8, "confidence_score": 0.85, "shadow_fraction": 0.0, "crown_area_m2": 50.0, "review_status": "unreviewed" }, "recommended_task": "Field inspection: check irrigation, pruning, stress.", "confidence_score": 0.85, "status": "open", "alert_id": "ALERT-V1-00855" }, "geometry": { "type": "Point", "coordinates": [ 35.404174727136287, 32.919961274164272 ] } },
{ "type": "Feature", "properties": { "alert_type": "low_vigor_tree", "severity": "medium", "grove_code": "SERET_AL_AJOUL_A", "tree_code_optional": "KOG-SERET_AL_AJOUL_A-0165", "related_rule": "Ba'al rainfed discipline", "evidence": { "final_ndvi_mean": 0.3128177225589752, "health_index": 36.6, "confidence_score": 0.85, "shadow_fraction": 0.0, "crown_area_m2": 45.5, "review_status": "unreviewed" }, "recommended_task": "Field inspection: check irrigation, pruning, stress.", "confidence_score": 0.85, "status": "open", "alert_id": "ALERT-V1-00856" }, "geometry": { "type": "Point", "coordinates": [ 35.403326459804411, 32.919709529965658 ] } },
{ "type": "Feature", "properties": { "alert_type": "low_vigor_tree", "severity": "medium", "grove_code": "SERET_AL_AJOUL_A", "tree_code_optional": "KOG-SERET_AL_AJOUL_A-0166", "related_rule": "Ba'al rainfed discipline", "evidence": { "final_ndvi_mean": 0.33013689517974854, "health_index": 36.0, "confidence_score": 0.85, "shadow_fraction": 0.0, "crown_area_m2": 33.75, "review_status": "unreviewed" }, "recommended_task": "Field inspection: check irrigation, pruning, stress.", "confidence_score": 0.85, "status": "open", "alert_id": "ALERT-V1-00857" }, "geometry": { "type": "Point", "coordinates": [ 35.405041260793666, 32.919683733343483 ] } },
{ "type": "Feature", "properties": { "alert_type": "low_vigor_tree", "severity": "medium", "grove_code": "SERET_AL_AJOUL_A", "tree_code_optional": "KOG-SERET_AL_AJOUL_A-0167", "related_rule": "Ba'al rainfed discipline", "evidence": { "final_ndvi_mean": 0.3213713765144348, "health_index": 34.3, "confidence_score": 0.85, "shadow_fraction": 0.0, "crown_area_m2": 41.75, "review_status": "unreviewed" }, "recommended_task": "Field inspection: check irrigation, pruning, stress.", "confidence_score": 0.85, "status": "open", "alert_id": "ALERT-V1-00858" }, "geometry": { "type": "Point", "coordinates": [ 35.403165711640504, 32.919690599066556 ] } },
{ "type": "Feature", "properties": { "alert_type": "low_vigor_tree", "severity": "medium", "grove_code": "SERET_AL_AJOUL_A", "tree_code_optional": "KOG-SERET_AL_AJOUL_A-0168", "related_rule": "Ba'al rainfed discipline", "evidence": { "final_ndvi_mean": 0.3289705812931061, "health_index": 39.8, "confidence_score": 0.85, "shadow_fraction": 0.0, "crown_area_m2": 46.5, "review_status": "unreviewed" }, "recommended_task": "Field inspection: check irrigation, pruning, stress.", "confidence_score": 0.85, "status": "open", "alert_id": "ALERT-V1-00859" }, "geometry": { "type": "Point", "coordinates": [ 35.403624923616299, 32.919502768320427 ] } },
{ "type": "Feature", "properties": { "alert_type": "low_vigor_tree", "severity": "medium", "grove_code": "SERET_AL_AJOUL_A", "tree_code_optional": "KOG-SERET_AL_AJOUL_A-0169", "related_rule": "Ba'al rainfed discipline", "evidence": { "final_ndvi_mean": 0.3181290328502655, "health_index": 37.6, "confidence_score": 0.85, "shadow_fraction": 0.0, "crown_area_m2": 42.75, "review_status": "unreviewed" }, "recommended_task": "Field inspection: check irrigation, pruning, stress.", "confidence_score": 0.85, "status": "open", "alert_id": "ALERT-V1-00860" }, "geometry": { "type": "Point", "coordinates": [ 35.403528842553229, 32.919408155521673 ] } },
{ "type": "Feature", "properties": { "alert_type": "low_vigor_tree", "severity": "medium", "grove_code": "SERET_AL_AJOUL_A", "tree_code_optional": "KOG-SERET_AL_AJOUL_A-0170", "related_rule": "Ba'al rainfed discipline", "evidence": { "final_ndvi_mean": 0.31673040986061096, "health_index": 37.3, "confidence_score": 0.85, "shadow_fraction": 0.0, "crown_area_m2": 46.5, "review_status": "unreviewed" }, "recommended_task": "Field inspection: check irrigation, pruning, stress.", "confidence_score": 0.85, "status": "open", "alert_id": "ALERT-V1-00861" }, "geometry": { "type": "Point", "coordinates": [ 35.404692782076552, 32.919354037486173 ] } },
{ "type": "Feature", "properties": { "alert_type": "low_vigor_tree", "severity": "medium", "grove_code": "SERET_AL_AJOUL_A", "tree_code_optional": "KOG-SERET_AL_AJOUL_A-0171", "related_rule": "Ba'al rainfed discipline", "evidence": { "final_ndvi_mean": 0.3314012289047241, "health_index": 36.3, "confidence_score": 0.85, "shadow_fraction": 0.0, "crown_area_m2": 36.25, "review_status": "unreviewed" }, "recommended_task": "Field inspection: check irrigation, pruning, stress.", "confidence_score": 0.85, "status": "open", "alert_id": "ALERT-V1-00862" }, "geometry": { "type": "Point", "coordinates": [ 35.405638962277798, 32.919236885851838 ] } },
{ "type": "Feature", "properties": { "alert_type": "low_vigor_tree", "severity": "medium", "grove_code": "SERET_AL_AJOUL_A", "tree_code_optional": "KOG-SERET_AL_AJOUL_A-0172", "related_rule": "Ba'al rainfed discipline", "evidence": { "final_ndvi_mean": 0.3121556043624878, "health_index": 36.4, "confidence_score": 0.85, "shadow_fraction": 0.0, "crown_area_m2": 40.75, "review_status": "unreviewed" }, "recommended_task": "Field inspection: check irrigation, pruning, stress.", "confidence_score": 0.85, "status": "open", "alert_id": "ALERT-V1-00863" }, "geometry": { "type": "Point", "coordinates": [ 35.403659416843752, 32.91916632793653 ] } },
{ "type": "Feature", "properties": { "alert_type": "low_vigor_tree", "severity": "medium", "grove_code": "SERET_AL_AJOUL_A", "tree_code_optional": "KOG-SERET_AL_AJOUL_A-0173", "related_rule": "Ba'al rainfed discipline", "evidence": { "final_ndvi_mean": 0.3212489187717438, "health_index": 34.2, "confidence_score": 0.85, "shadow_fraction": 0.0, "crown_area_m2": 41.75, "review_status": "unreviewed" }, "recommended_task": "Field inspection: check irrigation, pruning, stress.", "confidence_score": 0.85, "status": "open", "alert_id": "ALERT-V1-00864" }, "geometry": { "type": "Point", "coordinates": [ 35.405296996717929, 32.919137517283232 ] } },
{ "type": "Feature", "properties": { "alert_type": "low_vigor_tree", "severity": "medium", "grove_code": "SERET_AL_AJOUL_A", "tree_code_optional": "KOG-SERET_AL_AJOUL_A-0174", "related_rule": "Ba'al rainfed discipline", "evidence": { "final_ndvi_mean": 0.3170583248138428, "health_index": 37.4, "confidence_score": 0.85, "shadow_fraction": 0.0, "crown_area_m2": 47.5, "review_status": "unreviewed" }, "recommended_task": "Field inspection: check irrigation, pruning, stress.", "confidence_score": 0.85, "status": "open", "alert_id": "ALERT-V1-00865" }, "geometry": { "type": "Point", "coordinates": [ 35.40504341617342, 32.918991917409841 ] } },
{ "type": "Feature", "properties": { "alert_type": "low_vigor_tree", "severity": "medium", "grove_code": "SERET_AL_AJOUL_A", "tree_code_optional": "KOG-SERET_AL_AJOUL_A-0175", "related_rule": "Ba'al rainfed discipline", "evidence": { "final_ndvi_mean": 0.32198581099510193, "health_index": 38.4, "confidence_score": 0.85, "shadow_fraction": 0.0, "crown_area_m2": 46.0, "review_status": "unreviewed" }, "recommended_task": "Field inspection: check irrigation, pruning, stress.", "confidence_score": 0.85, "status": "open", "alert_id": "ALERT-V1-00866" }, "geometry": { "type": "Point", "coordinates": [ 35.406858923932738, 32.918928477101289 ] } },
{ "type": "Feature", "properties": { "alert_type": "low_vigor_tree", "severity": "medium", "grove_code": "SERET_AL_AJOUL_A", "tree_code_optional": "KOG-SERET_AL_AJOUL_A-0176", "related_rule": "Ba'al rainfed discipline", "evidence": { "final_ndvi_mean": 0.3209880590438843, "health_index": 34.2, "confidence_score": 0.85, "shadow_fraction": 0.0, "crown_area_m2": 49.5, "review_status": "unreviewed" }, "recommended_task": "Field inspection: check irrigation, pruning, stress.", "confidence_score": 0.85, "status": "open", "alert_id": "ALERT-V1-00867" }, "geometry": { "type": "Point", "coordinates": [ 35.405877153395899, 32.918703703780565 ] } },
{ "type": "Feature", "properties": { "alert_type": "low_vigor_tree", "severity": "medium", "grove_code": "SERET_AL_AJOUL_A", "tree_code_optional": "KOG-SERET_AL_AJOUL_A-0177", "related_rule": "Ba'al rainfed discipline", "evidence": { "final_ndvi_mean": 0.3082566559314728, "health_index": 35.7, "confidence_score": 0.85, "shadow_fraction": 0.0, "crown_area_m2": 43.0, "review_status": "unreviewed" }, "recommended_task": "Field inspection: check irrigation, pruning, stress.", "confidence_score": 0.85, "status": "open", "alert_id": "ALERT-V1-00868" }, "geometry": { "type": "Point", "coordinates": [ 35.405745894953327, 32.918661547887957 ] } },
{ "type": "Feature", "properties": { "alert_type": "low_vigor_tree", "severity": "medium", "grove_code": "SERET_AL_AJOUL_A", "tree_code_optional": "KOG-SERET_AL_AJOUL_A-0178", "related_rule": "Ba'al rainfed discipline", "evidence": { "final_ndvi_mean": 0.31353524327278137, "health_index": 36.7, "confidence_score": 0.85, "shadow_fraction": 0.0, "crown_area_m2": 40.5, "review_status": "unreviewed" }, "recommended_task": "Field inspection: check irrigation, pruning, stress.", "confidence_score": 0.85, "status": "open", "alert_id": "ALERT-V1-00869" }, "geometry": { "type": "Point", "coordinates": [ 35.406857607032954, 32.918585773017263 ] } },
{ "type": "Feature", "properties": { "alert_type": "low_vigor_tree", "severity": "medium", "grove_code": "SERET_AL_AJOUL_A", "tree_code_optional": "KOG-SERET_AL_AJOUL_A-0179", "related_rule": "Ba'al rainfed discipline", "evidence": { "final_ndvi_mean": 0.31547045707702637, "health_index": 33.1, "confidence_score": 0.85, "shadow_fraction": 0.0, "crown_area_m2": 42.75, "review_status": "unreviewed" }, "recommended_task": "Field inspection: check irrigation, pruning, stress.", "confidence_score": 0.85, "status": "open", "alert_id": "ALERT-V1-00870" }, "geometry": { "type": "Point", "coordinates": [ 35.405641836854272, 32.918342527476597 ] } },
{ "type": "Feature", "properties": { "alert_type": "low_vigor_tree", "severity": "medium", "grove_code": "SERET_AL_AJOUL_A", "tree_code_optional": "KOG-SERET_AL_AJOUL_A-0180", "related_rule": "Ba'al rainfed discipline", "evidence": { "final_ndvi_mean": 0.31415149569511414, "health_index": 36.8, "confidence_score": 0.85, "shadow_fraction": 0.0, "crown_area_m2": 41.5, "review_status": "unreviewed" }, "recommended_task": "Field inspection: check irrigation, pruning, stress.", "confidence_score": 0.85, "status": "open", "alert_id": "ALERT-V1-00871" }, "geometry": { "type": "Point", "coordinates": [ 35.406015680875527, 32.918291351458194 ] } },
{ "type": "Feature", "properties": { "alert_type": "low_vigor_tree", "severity": "medium", "grove_code": "SERET_AL_AJOUL_A", "tree_code_optional": "KOG-SERET_AL_AJOUL_A-0181", "related_rule": "Ba'al rainfed discipline", "evidence": { "final_ndvi_mean": 0.3058313727378845, "health_index": 35.2, "confidence_score": 0.85, "shadow_fraction": 0.0, "crown_area_m2": 36.25, "review_status": "unreviewed" }, "recommended_task": "Field inspection: check irrigation, pruning, stress.", "confidence_score": 0.85, "status": "open", "alert_id": "ALERT-V1-00872" }, "geometry": { "type": "Point", "coordinates": [ 35.405408392533047, 32.918284505494292 ] } },
{ "type": "Feature", "properties": { "alert_type": "low_vigor_tree", "severity": "medium", "grove_code": "SERET_AL_AJOUL_A", "tree_code_optional": "KOG-SERET_AL_AJOUL_A-0182", "related_rule": "Ba'al rainfed discipline", "evidence": { "final_ndvi_mean": 0.3329695165157318, "health_index": 40.6, "confidence_score": 0.85, "shadow_fraction": 0.0, "crown_area_m2": 48.0, "review_status": "unreviewed" }, "recommended_task": "Field inspection: check irrigation, pruning, stress.", "confidence_score": 0.85, "status": "open", "alert_id": "ALERT-V1-00873" }, "geometry": { "type": "Point", "coordinates": [ 35.403169939086091, 32.919977543220568 ] } },
{ "type": "Feature", "properties": { "alert_type": "low_vigor_tree", "severity": "medium", "grove_code": "SERET_AL_AJOUL_A", "tree_code_optional": "KOG-SERET_AL_AJOUL_A-0183", "related_rule": "Ba'al rainfed discipline", "evidence": { "final_ndvi_mean": 0.31571900844573975, "health_index": 37.1, "confidence_score": 0.85, "shadow_fraction": 0.0, "crown_area_m2": 43.75, "review_status": "unreviewed" }, "recommended_task": "Field inspection: check irrigation, pruning, stress.", "confidence_score": 0.85, "status": "open", "alert_id": "ALERT-V1-00874" }, "geometry": { "type": "Point", "coordinates": [ 35.403600821638634, 32.919765449672816 ] } },
{ "type": "Feature", "properties": { "alert_type": "low_vigor_tree", "severity": "medium", "grove_code": "SERET_AL_AJOUL_A", "tree_code_optional": "KOG-SERET_AL_AJOUL_A-0184", "related_rule": "Ba'al rainfed discipline", "evidence": { "final_ndvi_mean": 0.3192337155342102, "health_index": 37.8, "confidence_score": 0.85, "shadow_fraction": 0.0, "crown_area_m2": 38.25, "review_status": "unreviewed" }, "recommended_task": "Field inspection: check irrigation, pruning, stress.", "confidence_score": 0.85, "status": "open", "alert_id": "ALERT-V1-00875" }, "geometry": { "type": "Point", "coordinates": [ 35.403409018170457, 32.9194850754836 ] } },
{ "type": "Feature", "properties": { "alert_type": "low_vigor_tree", "severity": "medium", "grove_code": "SERET_AL_AJOUL_A", "tree_code_optional": "KOG-SERET_AL_AJOUL_A-0185", "related_rule": "Ba'al rainfed discipline", "evidence": { "final_ndvi_mean": 0.3159857988357544, "health_index": 37.2, "confidence_score": 0.85, "shadow_fraction": 0.0, "crown_area_m2": 38.25, "review_status": "unreviewed" }, "recommended_task": "Field inspection: check irrigation, pruning, stress.", "confidence_score": 0.85, "status": "open", "alert_id": "ALERT-V1-00876" }, "geometry": { "type": "Point", "coordinates": [ 35.405194774837049, 32.919125114869523 ] } },
{ "type": "Feature", "properties": { "alert_type": "low_vigor_tree", "severity": "medium", "grove_code": "SERET_AL_AJOUL_A", "tree_code_optional": "KOG-SERET_AL_AJOUL_A-0186", "related_rule": "Ba'al rainfed discipline", "evidence": { "final_ndvi_mean": 0.31136342883110046, "health_index": 32.3, "confidence_score": 0.85, "shadow_fraction": 0.0, "crown_area_m2": 49.5, "review_status": "unreviewed" }, "recommended_task": "Field inspection: check irrigation, pruning, stress.", "confidence_score": 0.85, "status": "open", "alert_id": "ALERT-V1-00877" }, "geometry": { "type": "Point", "coordinates": [ 35.40485827997459, 32.919071759396125 ] } },
{ "type": "Feature", "properties": { "alert_type": "low_vigor_tree", "severity": "medium", "grove_code": "SERET_AL_AJOUL_A", "tree_code_optional": "KOG-SERET_AL_AJOUL_A-0187", "related_rule": "Ba'al rainfed discipline", "evidence": { "final_ndvi_mean": 0.3014236092567444, "health_index": 30.3, "confidence_score": 0.85, "shadow_fraction": 0.0, "crown_area_m2": 42.5, "review_status": "unreviewed" }, "recommended_task": "Field inspection: check irrigation, pruning, stress.", "confidence_score": 0.85, "status": "open", "alert_id": "ALERT-V1-00878" }, "geometry": { "type": "Point", "coordinates": [ 35.406696703523401, 32.918999009779832 ] } },
{ "type": "Feature", "properties": { "alert_type": "low_vigor_tree", "severity": "medium", "grove_code": "SERET_AL_AJOUL_A", "tree_code_optional": "KOG-SERET_AL_AJOUL_A-0188", "related_rule": "Ba'al rainfed discipline", "evidence": { "final_ndvi_mean": 0.32050392031669617, "health_index": 38.1, "confidence_score": 0.85, "shadow_fraction": 0.0, "crown_area_m2": 47.75, "review_status": "unreviewed" }, "recommended_task": "Field inspection: check irrigation, pruning, stress.", "confidence_score": 0.85, "status": "open", "alert_id": "ALERT-V1-00879" }, "geometry": { "type": "Point", "coordinates": [ 35.405841926838733, 32.918813626932433 ] } },
{ "type": "Feature", "properties": { "alert_type": "low_vigor_tree", "severity": "medium", "grove_code": "SERET_AL_AJOUL_A", "tree_code_optional": "KOG-SERET_AL_AJOUL_A-0189", "related_rule": "Ba'al rainfed discipline", "evidence": { "final_ndvi_mean": 0.2927716076374054, "health_index": 32.6, "confidence_score": 0.85, "shadow_fraction": 0.0, "crown_area_m2": 45.0, "review_status": "unreviewed" }, "recommended_task": "Field inspection: check irrigation, pruning, stress.", "confidence_score": 0.85, "status": "open", "alert_id": "ALERT-V1-00880" }, "geometry": { "type": "Point", "coordinates": [ 35.405638438726577, 32.918541735000815 ] } },
{ "type": "Feature", "properties": { "alert_type": "low_vigor_tree", "severity": "medium", "grove_code": "SERET_AL_AJOUL_A", "tree_code_optional": "KOG-SERET_AL_AJOUL_A-0190", "related_rule": "Ba'al rainfed discipline", "evidence": { "final_ndvi_mean": 0.30956992506980896, "health_index": 31.9, "confidence_score": 0.85, "shadow_fraction": 0.0, "crown_area_m2": 35.5, "review_status": "unreviewed" }, "recommended_task": "Field inspection: check irrigation, pruning, stress.", "confidence_score": 0.85, "status": "open", "alert_id": "ALERT-V1-00881" }, "geometry": { "type": "Point", "coordinates": [ 35.403348290880324, 32.919934360843314 ] } },
{ "type": "Feature", "properties": { "alert_type": "low_vigor_tree", "severity": "medium", "grove_code": "SERET_AL_AJOUL_A", "tree_code_optional": "KOG-SERET_AL_AJOUL_A-0191", "related_rule": "Ba'al rainfed discipline", "evidence": { "final_ndvi_mean": 0.3059890568256378, "health_index": 35.2, "confidence_score": 0.85, "shadow_fraction": 0.0, "crown_area_m2": 39.75, "review_status": "unreviewed" }, "recommended_task": "Field inspection: check irrigation, pruning, stress.", "confidence_score": 0.85, "status": "open", "alert_id": "ALERT-V1-00882" }, "geometry": { "type": "Point", "coordinates": [ 35.403489843954638, 32.919859512727456 ] } },
{ "type": "Feature", "properties": { "alert_type": "low_vigor_tree", "severity": "medium", "grove_code": "SERET_AL_AJOUL_A", "tree_code_optional": "KOG-SERET_AL_AJOUL_A-0192", "related_rule": "Ba'al rainfed discipline", "evidence": { "final_ndvi_mean": 0.31826698780059814, "health_index": 37.7, "confidence_score": 0.85, "shadow_fraction": 0.0, "crown_area_m2": 41.75, "review_status": "unreviewed" }, "recommended_task": "Field inspection: check irrigation, pruning, stress.", "confidence_score": 0.85, "status": "open", "alert_id": "ALERT-V1-00883" }, "geometry": { "type": "Point", "coordinates": [ 35.404754252759481, 32.919528254985771 ] } },
{ "type": "Feature", "properties": { "alert_type": "low_vigor_tree", "severity": "medium", "grove_code": "SERET_AL_AJOUL_A", "tree_code_optional": "KOG-SERET_AL_AJOUL_A-0193", "related_rule": "Ba'al rainfed discipline", "evidence": { "final_ndvi_mean": 0.3244747519493103, "health_index": 38.9, "confidence_score": 0.85, "shadow_fraction": 0.0, "crown_area_m2": 36.25, "review_status": "unreviewed" }, "recommended_task": "Field inspection: check irrigation, pruning, stress.", "confidence_score": 0.85, "status": "open", "alert_id": "ALERT-V1-00884" }, "geometry": { "type": "Point", "coordinates": [ 35.403320184630438, 32.91947672308175 ] } },
{ "type": "Feature", "properties": { "alert_type": "low_vigor_tree", "severity": "medium", "grove_code": "SERET_AL_AJOUL_A", "tree_code_optional": "KOG-SERET_AL_AJOUL_A-0194", "related_rule": "Ba'al rainfed discipline", "evidence": { "final_ndvi_mean": 0.2971900999546051, "health_index": 29.4, "confidence_score": 0.85, "shadow_fraction": 0.0, "crown_area_m2": 38.75, "review_status": "unreviewed" }, "recommended_task": "Field inspection: check irrigation, pruning, stress.", "confidence_score": 0.85, "status": "open", "alert_id": "ALERT-V1-00885" }, "geometry": { "type": "Point", "coordinates": [ 35.404104974211876, 32.919341164246525 ] } },
{ "type": "Feature", "properties": { "alert_type": "low_vigor_tree", "severity": "medium", "grove_code": "SERET_AL_AJOUL_A", "tree_code_optional": "KOG-SERET_AL_AJOUL_A-0195", "related_rule": "Ba'al rainfed discipline", "evidence": { "final_ndvi_mean": 0.30825522541999817, "health_index": 35.7, "confidence_score": 0.85, "shadow_fraction": 0.0, "crown_area_m2": 39.25, "review_status": "unreviewed" }, "recommended_task": "Field inspection: check irrigation, pruning, stress.", "confidence_score": 0.85, "status": "open", "alert_id": "ALERT-V1-00886" }, "geometry": { "type": "Point", "coordinates": [ 35.40644417806071, 32.918911653858416 ] } },
{ "type": "Feature", "properties": { "alert_type": "low_vigor_tree", "severity": "medium", "grove_code": "SERET_AL_AJOUL_A", "tree_code_optional": "KOG-SERET_AL_AJOUL_A-0196", "related_rule": "Ba'al rainfed discipline", "evidence": { "final_ndvi_mean": 0.31960755586624146, "health_index": 37.9, "confidence_score": 0.85, "shadow_fraction": 0.0, "crown_area_m2": 50.0, "review_status": "unreviewed" }, "recommended_task": "Field inspection: check irrigation, pruning, stress.", "confidence_score": 0.85, "status": "open", "alert_id": "ALERT-V1-00887" }, "geometry": { "type": "Point", "coordinates": [ 35.406739065794412, 32.918896604147022 ] } },
{ "type": "Feature", "properties": { "alert_type": "low_vigor_tree", "severity": "medium", "grove_code": "SERET_AL_AJOUL_A", "tree_code_optional": "KOG-SERET_AL_AJOUL_A-0197", "related_rule": "Ba'al rainfed discipline", "evidence": { "final_ndvi_mean": 0.3122996985912323, "health_index": 32.5, "confidence_score": 0.85, "shadow_fraction": 0.0, "crown_area_m2": 44.0, "review_status": "unreviewed" }, "recommended_task": "Field inspection: check irrigation, pruning, stress.", "confidence_score": 0.85, "status": "open", "alert_id": "ALERT-V1-00888" }, "geometry": { "type": "Point", "coordinates": [ 35.405242231063134, 32.918898559609083 ] } },
{ "type": "Feature", "properties": { "alert_type": "low_vigor_tree", "severity": "medium", "grove_code": "SERET_AL_AJOUL_A", "tree_code_optional": "KOG-SERET_AL_AJOUL_A-0198", "related_rule": "Ba'al rainfed discipline", "evidence": { "final_ndvi_mean": 0.29410868883132935, "health_index": 32.8, "confidence_score": 0.85, "shadow_fraction": 0.0, "crown_area_m2": 35.25, "review_status": "unreviewed" }, "recommended_task": "Field inspection: check irrigation, pruning, stress.", "confidence_score": 0.85, "status": "open", "alert_id": "ALERT-V1-00889" }, "geometry": { "type": "Point", "coordinates": [ 35.405525060304811, 32.918871646620985 ] } },
{ "type": "Feature", "properties": { "alert_type": "low_vigor_tree", "severity": "medium", "grove_code": "SERET_AL_AJOUL_A", "tree_code_optional": "KOG-SERET_AL_AJOUL_A-0199", "related_rule": "Ba'al rainfed discipline", "evidence": { "final_ndvi_mean": 0.3202698230743408, "health_index": 38.1, "confidence_score": 0.85, "shadow_fraction": 0.0, "crown_area_m2": 41.25, "review_status": "unreviewed" }, "recommended_task": "Field inspection: check irrigation, pruning, stress.", "confidence_score": 0.85, "status": "open", "alert_id": "ALERT-V1-00890" }, "geometry": { "type": "Point", "coordinates": [ 35.40726064167724, 32.918580960099426 ] } },
{ "type": "Feature", "properties": { "alert_type": "low_vigor_tree", "severity": "medium", "grove_code": "SERET_AL_AJOUL_A", "tree_code_optional": "KOG-SERET_AL_AJOUL_A-0200", "related_rule": "Ba'al rainfed discipline", "evidence": { "final_ndvi_mean": 0.29511409997940063, "health_index": 33.0, "confidence_score": 0.85, "shadow_fraction": 0.0, "crown_area_m2": 37.25, "review_status": "unreviewed" }, "recommended_task": "Field inspection: check irrigation, pruning, stress.", "confidence_score": 0.85, "status": "open", "alert_id": "ALERT-V1-00891" }, "geometry": { "type": "Point", "coordinates": [ 35.405923305407136, 32.918496110663547 ] } },
{ "type": "Feature", "properties": { "alert_type": "low_vigor_tree", "severity": "medium", "grove_code": "SERET_AL_AJOUL_A", "tree_code_optional": "KOG-SERET_AL_AJOUL_A-0201", "related_rule": "Ba'al rainfed discipline", "evidence": { "final_ndvi_mean": 0.27885401248931885, "health_index": 25.8, "confidence_score": 0.85, "shadow_fraction": 0.0, "crown_area_m2": 43.25, "review_status": "unreviewed" }, "recommended_task": "Field inspection: check irrigation, pruning, stress.", "confidence_score": 0.85, "status": "open", "alert_id": "ALERT-V1-00892" }, "geometry": { "type": "Point", "coordinates": [ 35.405596167607079, 32.918260705464775 ] } },
{ "type": "Feature", "properties": { "alert_type": "low_vigor_tree", "severity": "medium", "grove_code": "SERET_AL_AJOUL_A", "tree_code_optional": "KOG-SERET_AL_AJOUL_A-0202", "related_rule": "Ba'al rainfed discipline", "evidence": { "final_ndvi_mean": 0.33596423268318176, "health_index": 41.2, "confidence_score": 0.85, "shadow_fraction": 0.0, "crown_area_m2": 43.75, "review_status": "unreviewed" }, "recommended_task": "Field inspection: check irrigation, pruning, stress.", "confidence_score": 0.85, "status": "open", "alert_id": "ALERT-V1-00893" }, "geometry": { "type": "Point", "coordinates": [ 35.403519183200906, 32.919924023104315 ] } },
{ "type": "Feature", "properties": { "alert_type": "low_vigor_tree", "severity": "medium", "grove_code": "SERET_AL_AJOUL_A", "tree_code_optional": "KOG-SERET_AL_AJOUL_A-0203", "related_rule": "Ba'al rainfed discipline", "evidence": { "final_ndvi_mean": 0.30590957403182983, "health_index": 31.2, "confidence_score": 0.85, "shadow_fraction": 0.0, "crown_area_m2": 39.75, "review_status": "unreviewed" }, "recommended_task": "Field inspection: check irrigation, pruning, stress.", "confidence_score": 0.85, "status": "open", "alert_id": "ALERT-V1-00894" }, "geometry": { "type": "Point", "coordinates": [ 35.403215811308534, 32.919530325086861 ] } },
{ "type": "Feature", "properties": { "alert_type": "low_vigor_tree", "severity": "medium", "grove_code": "SERET_AL_AJOUL_A", "tree_code_optional": "KOG-SERET_AL_AJOUL_A-0204", "related_rule": "Ba'al rainfed discipline", "evidence": { "final_ndvi_mean": 0.3244531452655792, "health_index": 34.9, "confidence_score": 0.85, "shadow_fraction": 0.0, "crown_area_m2": 52.5, "review_status": "unreviewed" }, "recommended_task": "Field inspection: check irrigation, pruning, stress.", "confidence_score": 0.85, "status": "open", "alert_id": "ALERT-V1-00895" }, "geometry": { "type": "Point", "coordinates": [ 35.403828129980255, 32.919514626750384 ] } },
{ "type": "Feature", "properties": { "alert_type": "low_vigor_tree", "severity": "medium", "grove_code": "SERET_AL_AJOUL_A", "tree_code_optional": "KOG-SERET_AL_AJOUL_A-0205", "related_rule": "Ba'al rainfed discipline", "evidence": { "final_ndvi_mean": 0.3104737401008606, "health_index": 32.1, "confidence_score": 0.85, "shadow_fraction": 0.0, "crown_area_m2": 49.0, "review_status": "unreviewed" }, "recommended_task": "Field inspection: check irrigation, pruning, stress.", "confidence_score": 0.85, "status": "open", "alert_id": "ALERT-V1-00896" }, "geometry": { "type": "Point", "coordinates": [ 35.404573049665252, 32.919215938578951 ] } },
{ "type": "Feature", "properties": { "alert_type": "low_vigor_tree", "severity": "medium", "grove_code": "SERET_AL_AJOUL_A", "tree_code_optional": "KOG-SERET_AL_AJOUL_A-0206", "related_rule": "Ba'al rainfed discipline", "evidence": { "final_ndvi_mean": 0.33088600635528564, "health_index": 40.2, "confidence_score": 0.85, "shadow_fraction": 0.0, "crown_area_m2": 37.25, "review_status": "unreviewed" }, "recommended_task": "Field inspection: check irrigation, pruning, stress.", "confidence_score": 0.85, "status": "open", "alert_id": "ALERT-V1-00897" }, "geometry": { "type": "Point", "coordinates": [ 35.406941993059, 32.918971012683208 ] } },
{ "type": "Feature", "properties": { "alert_type": "low_vigor_tree", "severity": "medium", "grove_code": "SERET_AL_AJOUL_A", "tree_code_optional": "KOG-SERET_AL_AJOUL_A-0207", "related_rule": "Ba'al rainfed discipline", "evidence": { "final_ndvi_mean": 0.2889796197414398, "health_index": 27.8, "confidence_score": 0.85, "shadow_fraction": 0.0, "crown_area_m2": 38.75, "review_status": "unreviewed" }, "recommended_task": "Field inspection: check irrigation, pruning, stress.", "confidence_score": 0.85, "status": "open", "alert_id": "ALERT-V1-00898" }, "geometry": { "type": "Point", "coordinates": [ 35.405427443608197, 32.918980586869154 ] } },
{ "type": "Feature", "properties": { "alert_type": "low_vigor_tree", "severity": "medium", "grove_code": "SERET_AL_AJOUL_A", "tree_code_optional": "KOG-SERET_AL_AJOUL_A-0208", "related_rule": "Ba'al rainfed discipline", "evidence": { "final_ndvi_mean": 0.2988066077232361, "health_index": 33.8, "confidence_score": 0.85, "shadow_fraction": 0.0, "crown_area_m2": 37.75, "review_status": "unreviewed" }, "recommended_task": "Field inspection: check irrigation, pruning, stress.", "confidence_score": 0.85, "status": "open", "alert_id": "ALERT-V1-00899" }, "geometry": { "type": "Point", "coordinates": [ 35.406398272896453, 32.918838458650406 ] } },
{ "type": "Feature", "properties": { "alert_type": "low_vigor_tree", "severity": "medium", "grove_code": "SERET_AL_AJOUL_A", "tree_code_optional": "KOG-SERET_AL_AJOUL_A-0209", "related_rule": "Ba'al rainfed discipline", "evidence": { "final_ndvi_mean": 0.30823197960853577, "health_index": 31.6, "confidence_score": 0.85, "shadow_fraction": 0.0, "crown_area_m2": 39.0, "review_status": "unreviewed" }, "recommended_task": "Field inspection: check irrigation, pruning, stress.", "confidence_score": 0.85, "status": "open", "alert_id": "ALERT-V1-00900" }, "geometry": { "type": "Point", "coordinates": [ 35.405444647486348, 32.918808906103592 ] } },
{ "type": "Feature", "properties": { "alert_type": "low_vigor_tree", "severity": "medium", "grove_code": "SERET_AL_AJOUL_A", "tree_code_optional": "KOG-SERET_AL_AJOUL_A-0210", "related_rule": "Ba'al rainfed discipline", "evidence": { "final_ndvi_mean": 0.307068407535553, "health_index": 35.4, "confidence_score": 0.85, "shadow_fraction": 0.0, "crown_area_m2": 40.0, "review_status": "unreviewed" }, "recommended_task": "Field inspection: check irrigation, pruning, stress.", "confidence_score": 0.85, "status": "open", "alert_id": "ALERT-V1-00901" }, "geometry": { "type": "Point", "coordinates": [ 35.406128558844777, 32.918799058607753 ] } },
{ "type": "Feature", "properties": { "alert_type": "low_vigor_tree", "severity": "medium", "grove_code": "SERET_AL_AJOUL_A", "tree_code_optional": "KOG-SERET_AL_AJOUL_A-0211", "related_rule": "Ba'al rainfed discipline", "evidence": { "final_ndvi_mean": 0.3229902386665344, "health_index": 38.6, "confidence_score": 0.85, "shadow_fraction": 0.0, "crown_area_m2": 40.0, "review_status": "unreviewed" }, "recommended_task": "Field inspection: check irrigation, pruning, stress.", "confidence_score": 0.85, "status": "open", "alert_id": "ALERT-V1-00902" }, "geometry": { "type": "Point", "coordinates": [ 35.406880546861224, 32.918750927390988 ] } },
{ "type": "Feature", "properties": { "alert_type": "low_vigor_tree", "severity": "medium", "grove_code": "SERET_AL_AJOUL_A", "tree_code_optional": "KOG-SERET_AL_AJOUL_A-0212", "related_rule": "Ba'al rainfed discipline", "evidence": { "final_ndvi_mean": 0.30767446756362915, "health_index": 31.5, "confidence_score": 0.85, "shadow_fraction": 0.0, "crown_area_m2": 41.5, "review_status": "unreviewed" }, "recommended_task": "Field inspection: check irrigation, pruning, stress.", "confidence_score": 0.85, "status": "open", "alert_id": "ALERT-V1-00903" }, "geometry": { "type": "Point", "coordinates": [ 35.405535686471787, 32.918772341996046 ] } },
{ "type": "Feature", "properties": { "alert_type": "low_vigor_tree", "severity": "medium", "grove_code": "SERET_AL_AJOUL_A", "tree_code_optional": "KOG-SERET_AL_AJOUL_A-0213", "related_rule": "Ba'al rainfed discipline", "evidence": { "final_ndvi_mean": 0.3034450113773346, "health_index": 34.7, "confidence_score": 0.85, "shadow_fraction": 0.0, "crown_area_m2": 43.0, "review_status": "unreviewed" }, "recommended_task": "Field inspection: check irrigation, pruning, stress.", "confidence_score": 0.85, "status": "open", "alert_id": "ALERT-V1-00904" }, "geometry": { "type": "Point", "coordinates": [ 35.407077045584522, 32.918639025971146 ] } },
{ "type": "Feature", "properties": { "alert_type": "low_vigor_tree", "severity": "medium", "grove_code": "SERET_AL_AJOUL_A", "tree_code_optional": "KOG-SERET_AL_AJOUL_A-0214", "related_rule": "Ba'al rainfed discipline", "evidence": { "final_ndvi_mean": 0.31360000371932983, "health_index": 36.7, "confidence_score": 0.85, "shadow_fraction": 0.0, "crown_area_m2": 34.5, "review_status": "unreviewed" }, "recommended_task": "Field inspection: check irrigation, pruning, stress.", "confidence_score": 0.85, "status": "open", "alert_id": "ALERT-V1-00905" }, "geometry": { "type": "Point", "coordinates": [ 35.40598121576506, 32.918192814027243 ] } },
{ "type": "Feature", "properties": { "alert_type": "low_vigor_tree", "severity": "medium", "grove_code": "SERET_AL_AJOUL_A", "tree_code_optional": "KOG-SERET_AL_AJOUL_A-0215", "related_rule": "Ba'al rainfed discipline", "evidence": { "final_ndvi_mean": 0.31302890181541443, "health_index": 32.6, "confidence_score": 0.85, "shadow_fraction": 0.0, "crown_area_m2": 48.75, "review_status": "unreviewed" }, "recommended_task": "Field inspection: check irrigation, pruning, stress.", "confidence_score": 0.85, "status": "open", "alert_id": "ALERT-V1-00906" }, "geometry": { "type": "Point", "coordinates": [ 35.405950558142472, 32.918138826165332 ] } },
{ "type": "Feature", "properties": { "alert_type": "low_vigor_tree", "severity": "medium", "grove_code": "SERET_AL_AJOUL_A", "tree_code_optional": "KOG-SERET_AL_AJOUL_A-0216", "related_rule": "Ba'al rainfed discipline", "evidence": { "final_ndvi_mean": 0.3284262716770172, "health_index": 39.7, "confidence_score": 0.85, "shadow_fraction": 0.0, "crown_area_m2": 39.5, "review_status": "unreviewed" }, "recommended_task": "Field inspection: check irrigation, pruning, stress.", "confidence_score": 0.85, "status": "open", "alert_id": "ALERT-V1-00907" }, "geometry": { "type": "Point", "coordinates": [ 35.403080324235539, 32.919992760236106 ] } },
{ "type": "Feature", "properties": { "alert_type": "low_vigor_tree", "severity": "medium", "grove_code": "SERET_AL_AJOUL_A", "tree_code_optional": "KOG-SERET_AL_AJOUL_A-0217", "related_rule": "Ba'al rainfed discipline", "evidence": { "final_ndvi_mean": 0.31042858958244324, "health_index": 36.1, "confidence_score": 0.85, "shadow_fraction": 0.0, "crown_area_m2": 31.75, "review_status": "unreviewed" }, "recommended_task": "Field inspection: check irrigation, pruning, stress.", "confidence_score": 0.85, "status": "open", "alert_id": "ALERT-V1-00908" }, "geometry": { "type": "Point", "coordinates": [ 35.403422201997316, 32.919820140370213 ] } },
{ "type": "Feature", "properties": { "alert_type": "low_vigor_tree", "severity": "medium", "grove_code": "SERET_AL_AJOUL_A", "tree_code_optional": "KOG-SERET_AL_AJOUL_A-0218", "related_rule": "Ba'al rainfed discipline", "evidence": { "final_ndvi_mean": 0.3075490891933441, "health_index": 35.5, "confidence_score": 0.85, "shadow_fraction": 0.0, "crown_area_m2": 40.0, "review_status": "unreviewed" }, "recommended_task": "Field inspection: check irrigation, pruning, stress.", "confidence_score": 0.85, "status": "open", "alert_id": "ALERT-V1-00909" }, "geometry": { "type": "Point", "coordinates": [ 35.404186847794762, 32.919713027901466 ] } },
{ "type": "Feature", "properties": { "alert_type": "low_vigor_tree", "severity": "medium", "grove_code": "SERET_AL_AJOUL_A", "tree_code_optional": "KOG-SERET_AL_AJOUL_A-0219", "related_rule": "Ba'al rainfed discipline", "evidence": { "final_ndvi_mean": 0.309413880109787, "health_index": 35.9, "confidence_score": 0.85, "shadow_fraction": 0.0, "crown_area_m2": 35.75, "review_status": "unreviewed" }, "recommended_task": "Field inspection: check irrigation, pruning, stress.", "confidence_score": 0.85, "status": "open", "alert_id": "ALERT-V1-00910" }, "geometry": { "type": "Point", "coordinates": [ 35.404660727846256, 32.919648695061127 ] } },
{ "type": "Feature", "properties": { "alert_type": "low_vigor_tree", "severity": "medium", "grove_code": "SERET_AL_AJOUL_A", "tree_code_optional": "KOG-SERET_AL_AJOUL_A-0220", "related_rule": "Ba'al rainfed discipline", "evidence": { "final_ndvi_mean": 0.33617016673088074, "health_index": 41.2, "confidence_score": 0.85, "shadow_fraction": 0.0, "crown_area_m2": 37.25, "review_status": "unreviewed" }, "recommended_task": "Field inspection: check irrigation, pruning, stress.", "confidence_score": 0.85, "status": "open", "alert_id": "ALERT-V1-00911" }, "geometry": { "type": "Point", "coordinates": [ 35.403527520336404, 32.919523924097959 ] } },
{ "type": "Feature", "properties": { "alert_type": "low_vigor_tree", "severity": "medium", "grove_code": "SERET_AL_AJOUL_A", "tree_code_optional": "KOG-SERET_AL_AJOUL_A-0221", "related_rule": "Ba'al rainfed discipline", "evidence": { "final_ndvi_mean": 0.30883023142814636, "health_index": 31.8, "confidence_score": 0.85, "shadow_fraction": 0.0, "crown_area_m2": 39.25, "review_status": "unreviewed" }, "recommended_task": "Field inspection: check irrigation, pruning, stress.", "confidence_score": 0.85, "status": "open", "alert_id": "ALERT-V1-00912" }, "geometry": { "type": "Point", "coordinates": [ 35.404447762521812, 32.919442940105412 ] } },
{ "type": "Feature", "properties": { "alert_type": "low_vigor_tree", "severity": "medium", "grove_code": "SERET_AL_AJOUL_A", "tree_code_optional": "KOG-SERET_AL_AJOUL_A-0222", "related_rule": "Ba'al rainfed discipline", "evidence": { "final_ndvi_mean": 0.3210904896259308, "health_index": 38.2, "confidence_score": 0.85, "shadow_fraction": 0.0, "crown_area_m2": 35.5, "review_status": "unreviewed" }, "recommended_task": "Field inspection: check irrigation, pruning, stress.", "confidence_score": 0.85, "status": "open", "alert_id": "ALERT-V1-00913" }, "geometry": { "type": "Point", "coordinates": [ 35.403745480270537, 32.919409403512525 ] } },
{ "type": "Feature", "properties": { "alert_type": "low_vigor_tree", "severity": "medium", "grove_code": "SERET_AL_AJOUL_A", "tree_code_optional": "KOG-SERET_AL_AJOUL_A-0223", "related_rule": "Ba'al rainfed discipline", "evidence": { "final_ndvi_mean": 0.30688318610191345, "health_index": 35.4, "confidence_score": 0.85, "shadow_fraction": 0.0, "crown_area_m2": 31.0, "review_status": "unreviewed" }, "recommended_task": "Field inspection: check irrigation, pruning, stress.", "confidence_score": 0.85, "status": "open", "alert_id": "ALERT-V1-00914" }, "geometry": { "type": "Point", "coordinates": [ 35.404436318156137, 32.91936770021573 ] } },
{ "type": "Feature", "properties": { "alert_type": "low_vigor_tree", "severity": "medium", "grove_code": "SERET_AL_AJOUL_A", "tree_code_optional": "KOG-SERET_AL_AJOUL_A-0224", "related_rule": "Ba'al rainfed discipline", "evidence": { "final_ndvi_mean": 0.32946211099624634, "health_index": 39.9, "confidence_score": 0.85, "shadow_fraction": 0.0, "crown_area_m2": 39.75, "review_status": "unreviewed" }, "recommended_task": "Field inspection: check irrigation, pruning, stress.", "confidence_score": 0.85, "status": "open", "alert_id": "ALERT-V1-00915" }, "geometry": { "type": "Point", "coordinates": [ 35.403827965322144, 32.919354933143758 ] } },
{ "type": "Feature", "properties": { "alert_type": "low_vigor_tree", "severity": "medium", "grove_code": "SERET_AL_AJOUL_A", "tree_code_optional": "KOG-SERET_AL_AJOUL_A-0225", "related_rule": "Ba'al rainfed discipline", "evidence": { "final_ndvi_mean": 0.32306385040283203, "health_index": 38.6, "confidence_score": 0.85, "shadow_fraction": 0.0, "crown_area_m2": 42.25, "review_status": "unreviewed" }, "recommended_task": "Field inspection: check irrigation, pruning, stress.", "confidence_score": 0.85, "status": "open", "alert_id": "ALERT-V1-00916" }, "geometry": { "type": "Point", "coordinates": [ 35.405350535328267, 32.919312667736747 ] } },
{ "type": "Feature", "properties": { "alert_type": "low_vigor_tree", "severity": "medium", "grove_code": "SERET_AL_AJOUL_A", "tree_code_optional": "KOG-SERET_AL_AJOUL_A-0226", "related_rule": "Ba'al rainfed discipline", "evidence": { "final_ndvi_mean": 0.3416512608528137, "health_index": 38.3, "confidence_score": 0.85, "shadow_fraction": 0.0, "crown_area_m2": 40.75, "review_status": "unreviewed" }, "recommended_task": "Field inspection: check irrigation, pruning, stress.", "confidence_score": 0.85, "status": "open", "alert_id": "ALERT-V1-00917" }, "geometry": { "type": "Point", "coordinates": [ 35.406867110535593, 32.918993430352408 ] } },
{ "type": "Feature", "properties": { "alert_type": "low_vigor_tree", "severity": "medium", "grove_code": "SERET_AL_AJOUL_A", "tree_code_optional": "KOG-SERET_AL_AJOUL_A-0227", "related_rule": "Ba'al rainfed discipline", "evidence": { "final_ndvi_mean": 0.31071195006370544, "health_index": 36.1, "confidence_score": 0.85, "shadow_fraction": 0.0, "crown_area_m2": 38.5, "review_status": "unreviewed" }, "recommended_task": "Field inspection: check irrigation, pruning, stress.", "confidence_score": 0.85, "status": "open", "alert_id": "ALERT-V1-00918" }, "geometry": { "type": "Point", "coordinates": [ 35.406954186610186, 32.918891303193568 ] } },
{ "type": "Feature", "properties": { "alert_type": "low_vigor_tree", "severity": "medium", "grove_code": "SERET_AL_AJOUL_A", "tree_code_optional": "KOG-SERET_AL_AJOUL_A-0228", "related_rule": "Ba'al rainfed discipline", "evidence": { "final_ndvi_mean": 0.31263625621795654, "health_index": 36.5, "confidence_score": 0.85, "shadow_fraction": 0.0, "crown_area_m2": 37.25, "review_status": "unreviewed" }, "recommended_task": "Field inspection: check irrigation, pruning, stress.", "confidence_score": 0.85, "status": "open", "alert_id": "ALERT-V1-00919" }, "geometry": { "type": "Point", "coordinates": [ 35.406917210020396, 32.918825580761627 ] } },
{ "type": "Feature", "properties": { "alert_type": "low_vigor_tree", "severity": "medium", "grove_code": "SERET_AL_AJOUL_A", "tree_code_optional": "KOG-SERET_AL_AJOUL_A-0229", "related_rule": "Ba'al rainfed discipline", "evidence": { "final_ndvi_mean": 0.2967689633369446, "health_index": 33.4, "confidence_score": 0.85, "shadow_fraction": 0.0, "crown_area_m2": 32.5, "review_status": "unreviewed" }, "recommended_task": "Field inspection: check irrigation, pruning, stress.", "confidence_score": 0.85, "status": "open", "alert_id": "ALERT-V1-00920" }, "geometry": { "type": "Point", "coordinates": [ 35.406078198677122, 32.918440768344752 ] } },
{ "type": "Feature", "properties": { "alert_type": "low_vigor_tree", "severity": "medium", "grove_code": "SERET_AL_AJOUL_A", "tree_code_optional": "KOG-SERET_AL_AJOUL_A-0230", "related_rule": "Ba'al rainfed discipline", "evidence": { "final_ndvi_mean": 0.28877902030944824, "health_index": 27.8, "confidence_score": 0.85, "shadow_fraction": 0.0, "crown_area_m2": 50.25, "review_status": "unreviewed" }, "recommended_task": "Field inspection: check irrigation, pruning, stress.", "confidence_score": 0.85, "status": "open", "alert_id": "ALERT-V1-00921" }, "geometry": { "type": "Point", "coordinates": [ 35.406054379102166, 32.918363314799919 ] } },
{ "type": "Feature", "properties": { "alert_type": "low_vigor_tree", "severity": "medium", "grove_code": "SERET_AL_AJOUL_A", "tree_code_optional": "KOG-SERET_AL_AJOUL_A-0231", "related_rule": "Ba'al rainfed discipline", "evidence": { "final_ndvi_mean": 0.30591195821762085, "health_index": 31.2, "confidence_score": 0.85, "shadow_fraction": 0.0, "crown_area_m2": 44.25, "review_status": "unreviewed" }, "recommended_task": "Field inspection: check irrigation, pruning, stress.", "confidence_score": 0.85, "status": "open", "alert_id": "ALERT-V1-00922" }, "geometry": { "type": "Point", "coordinates": [ 35.403251028124188, 32.919906441312627 ] } },
{ "type": "Feature", "properties": { "alert_type": "low_vigor_tree", "severity": "medium", "grove_code": "SERET_AL_AJOUL_A", "tree_code_optional": "KOG-SERET_AL_AJOUL_A-0232", "related_rule": "Ba'al rainfed discipline", "evidence": { "final_ndvi_mean": 0.313973605632782, "health_index": 32.8, "confidence_score": 0.85, "shadow_fraction": 0.0, "crown_area_m2": 38.25, "review_status": "unreviewed" }, "recommended_task": "Field inspection: check irrigation, pruning, stress.", "confidence_score": 0.85, "status": "open", "alert_id": "ALERT-V1-00923" }, "geometry": { "type": "Point", "coordinates": [ 35.403616315008911, 32.919897352800589 ] } },
{ "type": "Feature", "properties": { "alert_type": "low_vigor_tree", "severity": "medium", "grove_code": "SERET_AL_AJOUL_A", "tree_code_optional": "KOG-SERET_AL_AJOUL_A-0233", "related_rule": "Ba'al rainfed discipline", "evidence": { "final_ndvi_mean": 0.3214508295059204, "health_index": 38.3, "confidence_score": 0.85, "shadow_fraction": 0.0, "crown_area_m2": 42.25, "review_status": "unreviewed" }, "recommended_task": "Field inspection: check irrigation, pruning, stress.", "confidence_score": 0.85, "status": "open", "alert_id": "ALERT-V1-00924" }, "geometry": { "type": "Point", "coordinates": [ 35.403149494219633, 32.919797698496879 ] } },
{ "type": "Feature", "properties": { "alert_type": "low_vigor_tree", "severity": "medium", "grove_code": "SERET_AL_AJOUL_A", "tree_code_optional": "KOG-SERET_AL_AJOUL_A-0234", "related_rule": "Ba'al rainfed discipline", "evidence": { "final_ndvi_mean": 0.3262666165828705, "health_index": 39.3, "confidence_score": 0.85, "shadow_fraction": 0.0, "crown_area_m2": 32.75, "review_status": "unreviewed" }, "recommended_task": "Field inspection: check irrigation, pruning, stress.", "confidence_score": 0.85, "status": "open", "alert_id": "ALERT-V1-00925" }, "geometry": { "type": "Point", "coordinates": [ 35.404040861143315, 32.91967333269983 ] } },
{ "type": "Feature", "properties": { "alert_type": "low_vigor_tree", "severity": "medium", "grove_code": "SERET_AL_AJOUL_A", "tree_code_optional": "KOG-SERET_AL_AJOUL_A-0235", "related_rule": "Ba'al rainfed discipline", "evidence": { "final_ndvi_mean": 0.286224365234375, "health_index": 27.2, "confidence_score": 0.85, "shadow_fraction": 0.0, "crown_area_m2": 30.75, "review_status": "unreviewed" }, "recommended_task": "Field inspection: check irrigation, pruning, stress.", "confidence_score": 0.85, "status": "open", "alert_id": "ALERT-V1-00926" }, "geometry": { "type": "Point", "coordinates": [ 35.404186148198406, 32.919617900756727 ] } },
{ "type": "Feature", "properties": { "alert_type": "low_vigor_tree", "severity": "medium", "grove_code": "SERET_AL_AJOUL_A", "tree_code_optional": "KOG-SERET_AL_AJOUL_A-0236", "related_rule": "Ba'al rainfed discipline", "evidence": { "final_ndvi_mean": 0.3169686198234558, "health_index": 37.4, "confidence_score": 0.85, "shadow_fraction": 0.0, "crown_area_m2": 33.75, "review_status": "unreviewed" }, "recommended_task": "Field inspection: check irrigation, pruning, stress.", "confidence_score": 0.85, "status": "open", "alert_id": "ALERT-V1-00927" }, "geometry": { "type": "Point", "coordinates": [ 35.403993397787104, 32.91950659204371 ] } },
{ "type": "Feature", "properties": { "alert_type": "low_vigor_tree", "severity": "medium", "grove_code": "SERET_AL_AJOUL_A", "tree_code_optional": "KOG-SERET_AL_AJOUL_A-0237", "related_rule": "Ba'al rainfed discipline", "evidence": { "final_ndvi_mean": 0.29533129930496216, "health_index": 29.1, "confidence_score": 0.85, "shadow_fraction": 0.0, "crown_area_m2": 37.0, "review_status": "unreviewed" }, "recommended_task": "Field inspection: check irrigation, pruning, stress.", "confidence_score": 0.85, "status": "open", "alert_id": "ALERT-V1-00928" }, "geometry": { "type": "Point", "coordinates": [ 35.404850468574011, 32.919489574026059 ] } },
{ "type": "Feature", "properties": { "alert_type": "low_vigor_tree", "severity": "medium", "grove_code": "SERET_AL_AJOUL_A", "tree_code_optional": "KOG-SERET_AL_AJOUL_A-0238", "related_rule": "Ba'al rainfed discipline", "evidence": { "final_ndvi_mean": 0.31611311435699463, "health_index": 37.2, "confidence_score": 0.85, "shadow_fraction": 0.0, "crown_area_m2": 36.75, "review_status": "unreviewed" }, "recommended_task": "Field inspection: check irrigation, pruning, stress.", "confidence_score": 0.85, "status": "open", "alert_id": "ALERT-V1-00929" }, "geometry": { "type": "Point", "coordinates": [ 35.405376399036719, 32.919410077498561 ] } },
{ "type": "Feature", "properties": { "alert_type": "low_vigor_tree", "severity": "medium", "grove_code": "SERET_AL_AJOUL_A", "tree_code_optional": "KOG-SERET_AL_AJOUL_A-0239", "related_rule": "Ba'al rainfed discipline", "evidence": { "final_ndvi_mean": 0.3063172698020935, "health_index": 35.3, "confidence_score": 0.85, "shadow_fraction": 0.0, "crown_area_m2": 35.25, "review_status": "unreviewed" }, "recommended_task": "Field inspection: check irrigation, pruning, stress.", "confidence_score": 0.85, "status": "open", "alert_id": "ALERT-V1-00930" }, "geometry": { "type": "Point", "coordinates": [ 35.40461382322551, 32.919398982226419 ] } },
{ "type": "Feature", "properties": { "alert_type": "low_vigor_tree", "severity": "medium", "grove_code": "SERET_AL_AJOUL_A", "tree_code_optional": "KOG-SERET_AL_AJOUL_A-0240", "related_rule": "Ba'al rainfed discipline", "evidence": { "final_ndvi_mean": 0.2998216450214386, "health_index": 30.0, "confidence_score": 0.85, "shadow_fraction": 0.0, "crown_area_m2": 37.0, "review_status": "unreviewed" }, "recommended_task": "Field inspection: check irrigation, pruning, stress.", "confidence_score": 0.85, "status": "open", "alert_id": "ALERT-V1-00931" }, "geometry": { "type": "Point", "coordinates": [ 35.405449269068612, 32.919304799226296 ] } },
{ "type": "Feature", "properties": { "alert_type": "low_vigor_tree", "severity": "medium", "grove_code": "SERET_AL_AJOUL_A", "tree_code_optional": "KOG-SERET_AL_AJOUL_A-0241", "related_rule": "Ba'al rainfed discipline", "evidence": { "final_ndvi_mean": 0.31133246421813965, "health_index": 32.3, "confidence_score": 0.85, "shadow_fraction": 0.0, "crown_area_m2": 34.5, "review_status": "unreviewed" }, "recommended_task": "Field inspection: check irrigation, pruning, stress.", "confidence_score": 0.85, "status": "open", "alert_id": "ALERT-V1-00932" }, "geometry": { "type": "Point", "coordinates": [ 35.40372143192787, 32.919335108788715 ] } },
{ "type": "Feature", "properties": { "alert_type": "low_vigor_tree", "severity": "medium", "grove_code": "SERET_AL_AJOUL_A", "tree_code_optional": "KOG-SERET_AL_AJOUL_A-0242", "related_rule": "Ba'al rainfed discipline", "evidence": { "final_ndvi_mean": 0.29137614369392395, "health_index": 28.3, "confidence_score": 0.85, "shadow_fraction": 0.0, "crown_area_m2": 43.25, "review_status": "unreviewed" }, "recommended_task": "Field inspection: check irrigation, pruning, stress.", "confidence_score": 0.85, "status": "open", "alert_id": "ALERT-V1-00933" }, "geometry": { "type": "Point", "coordinates": [ 35.405938074103794, 32.919261964649039 ] } },
{ "type": "Feature", "properties": { "alert_type": "low_vigor_tree", "severity": "medium", "grove_code": "SERET_AL_AJOUL_A", "tree_code_optional": "KOG-SERET_AL_AJOUL_A-0243", "related_rule": "Ba'al rainfed discipline", "evidence": { "final_ndvi_mean": 0.3081243336200714, "health_index": 35.6, "confidence_score": 0.85, "shadow_fraction": 0.0, "crown_area_m2": 34.75, "review_status": "unreviewed" }, "recommended_task": "Field inspection: check irrigation, pruning, stress.", "confidence_score": 0.85, "status": "open", "alert_id": "ALERT-V1-00934" }, "geometry": { "type": "Point", "coordinates": [ 35.40625532909413, 32.919048827500148 ] } },
{ "type": "Feature", "properties": { "alert_type": "low_vigor_tree", "severity": "medium", "grove_code": "SERET_AL_AJOUL_A", "tree_code_optional": "KOG-SERET_AL_AJOUL_A-0244", "related_rule": "Ba'al rainfed discipline", "evidence": { "final_ndvi_mean": 0.29941409826278687, "health_index": 33.9, "confidence_score": 0.85, "shadow_fraction": 0.0, "crown_area_m2": 33.25, "review_status": "unreviewed" }, "recommended_task": "Field inspection: check irrigation, pruning, stress.", "confidence_score": 0.85, "status": "open", "alert_id": "ALERT-V1-00935" }, "geometry": { "type": "Point", "coordinates": [ 35.405624387010818, 32.919004016873174 ] } },
{ "type": "Feature", "properties": { "alert_type": "low_vigor_tree", "severity": "medium", "grove_code": "SERET_AL_AJOUL_A", "tree_code_optional": "KOG-SERET_AL_AJOUL_A-0245", "related_rule": "Ba'al rainfed discipline", "evidence": { "final_ndvi_mean": 0.31146323680877686, "health_index": 36.3, "confidence_score": 0.85, "shadow_fraction": 0.0, "crown_area_m2": 37.0, "review_status": "unreviewed" }, "recommended_task": "Field inspection: check irrigation, pruning, stress.", "confidence_score": 0.85, "status": "open", "alert_id": "ALERT-V1-00936" }, "geometry": { "type": "Point", "coordinates": [ 35.406607642398356, 32.918847408842076 ] } },
{ "type": "Feature", "properties": { "alert_type": "low_vigor_tree", "severity": "medium", "grove_code": "SERET_AL_AJOUL_A", "tree_code_optional": "KOG-SERET_AL_AJOUL_A-0246", "related_rule": "Ba'al rainfed discipline", "evidence": { "final_ndvi_mean": 0.31066688895225525, "health_index": 36.1, "confidence_score": 0.85, "shadow_fraction": 0.0, "crown_area_m2": 41.5, "review_status": "unreviewed" }, "recommended_task": "Field inspection: check irrigation, pruning, stress.", "confidence_score": 0.85, "status": "open", "alert_id": "ALERT-V1-00937" }, "geometry": { "type": "Point", "coordinates": [ 35.406055214913785, 32.91883216624786 ] } },
{ "type": "Feature", "properties": { "alert_type": "low_vigor_tree", "severity": "medium", "grove_code": "SERET_AL_AJOUL_A", "tree_code_optional": "KOG-SERET_AL_AJOUL_A-0247", "related_rule": "Ba'al rainfed discipline", "evidence": { "final_ndvi_mean": 0.292211651802063, "health_index": 32.4, "confidence_score": 0.85, "shadow_fraction": 0.0, "crown_area_m2": 33.0, "review_status": "unreviewed" }, "recommended_task": "Field inspection: check irrigation, pruning, stress.", "confidence_score": 0.85, "status": "open", "alert_id": "ALERT-V1-00938" }, "geometry": { "type": "Point", "coordinates": [ 35.405647939002769, 32.918723545010735 ] } },
{ "type": "Feature", "properties": { "alert_type": "low_vigor_tree", "severity": "medium", "grove_code": "SERET_AL_AJOUL_A", "tree_code_optional": "KOG-SERET_AL_AJOUL_A-0248", "related_rule": "Ba'al rainfed discipline", "evidence": { "final_ndvi_mean": 0.30381664633750916, "health_index": 34.8, "confidence_score": 0.85, "shadow_fraction": 0.0, "crown_area_m2": 36.0, "review_status": "unreviewed" }, "recommended_task": "Field inspection: check irrigation, pruning, stress.", "confidence_score": 0.85, "status": "open", "alert_id": "ALERT-V1-00939" }, "geometry": { "type": "Point", "coordinates": [ 35.405928808653215, 32.918325434666151 ] } },
{ "type": "Feature", "properties": { "alert_type": "low_vigor_tree", "severity": "medium", "grove_code": "SERET_AL_AJOUL_A", "tree_code_optional": "KOG-SERET_AL_AJOUL_A-0249", "related_rule": "Ba'al rainfed discipline", "evidence": { "final_ndvi_mean": 0.3293827176094055, "health_index": 35.9, "confidence_score": 0.85, "shadow_fraction": 0.0, "crown_area_m2": 38.5, "review_status": "unreviewed" }, "recommended_task": "Field inspection: check irrigation, pruning, stress.", "confidence_score": 0.85, "status": "open", "alert_id": "ALERT-V1-00940" }, "geometry": { "type": "Point", "coordinates": [ 35.403917306904646, 32.919976920950177 ] } },
{ "type": "Feature", "properties": { "alert_type": "low_vigor_tree", "severity": "medium", "grove_code": "SERET_AL_AJOUL_A", "tree_code_optional": "KOG-SERET_AL_AJOUL_A-0250", "related_rule": "Ba'al rainfed discipline", "evidence": { "final_ndvi_mean": 0.286352276802063, "health_index": 27.3, "confidence_score": 0.85, "shadow_fraction": 0.0, "crown_area_m2": 39.75, "review_status": "unreviewed" }, "recommended_task": "Field inspection: check irrigation, pruning, stress.", "confidence_score": 0.85, "status": "open", "alert_id": "ALERT-V1-00941" }, "geometry": { "type": "Point", "coordinates": [ 35.403878611719612, 32.919908546048141 ] } },
{ "type": "Feature", "properties": { "alert_type": "low_vigor_tree", "severity": "medium", "grove_code": "SERET_AL_AJOUL_A", "tree_code_optional": "KOG-SERET_AL_AJOUL_A-0251", "related_rule": "Ba'al rainfed discipline", "evidence": { "final_ndvi_mean": 0.2914145588874817, "health_index": 32.3, "confidence_score": 0.85, "shadow_fraction": 0.0, "crown_area_m2": 34.75, "review_status": "unreviewed" }, "recommended_task": "Field inspection: check irrigation, pruning, stress.", "confidence_score": 0.85, "status": "open", "alert_id": "ALERT-V1-00942" }, "geometry": { "type": "Point", "coordinates": [ 35.404126248961113, 32.919591993133558 ] } },
{ "type": "Feature", "properties": { "alert_type": "low_vigor_tree", "severity": "medium", "grove_code": "SERET_AL_AJOUL_A", "tree_code_optional": "KOG-SERET_AL_AJOUL_A-0252", "related_rule": "Ba'al rainfed discipline", "evidence": { "final_ndvi_mean": 0.31092020869255066, "health_index": 36.2, "confidence_score": 0.85, "shadow_fraction": 0.0, "crown_area_m2": 34.0, "review_status": "unreviewed" }, "recommended_task": "Field inspection: check irrigation, pruning, stress.", "confidence_score": 0.85, "status": "open", "alert_id": "ALERT-V1-00943" }, "geometry": { "type": "Point", "coordinates": [ 35.405475223713196, 32.919373165954582 ] } },
{ "type": "Feature", "properties": { "alert_type": "low_vigor_tree", "severity": "medium", "grove_code": "SERET_AL_AJOUL_A", "tree_code_optional": "KOG-SERET_AL_AJOUL_A-0253", "related_rule": "Ba'al rainfed discipline", "evidence": { "final_ndvi_mean": 0.30102819204330444, "health_index": 30.2, "confidence_score": 0.85, "shadow_fraction": 0.0, "crown_area_m2": 40.25, "review_status": "unreviewed" }, "recommended_task": "Field inspection: check irrigation, pruning, stress.", "confidence_score": 0.85, "status": "open", "alert_id": "ALERT-V1-00944" }, "geometry": { "type": "Point", "coordinates": [ 35.40605542255625, 32.91904268569774 ] } },
{ "type": "Feature", "properties": { "alert_type": "low_vigor_tree", "severity": "medium", "grove_code": "SERET_AL_AJOUL_A", "tree_code_optional": "KOG-SERET_AL_AJOUL_A-0254", "related_rule": "Ba'al rainfed discipline", "evidence": { "final_ndvi_mean": 0.3465515375137329, "health_index": 39.3, "confidence_score": 0.85, "shadow_fraction": 0.0, "crown_area_m2": 36.0, "review_status": "unreviewed" }, "recommended_task": "Field inspection: check irrigation, pruning, stress.", "confidence_score": 0.85, "status": "open", "alert_id": "ALERT-V1-00945" }, "geometry": { "type": "Point", "coordinates": [ 35.403243341346567, 32.919029745442785 ] } },
{ "type": "Feature", "properties": { "alert_type": "low_vigor_tree", "severity": "medium", "grove_code": "SERET_AL_AJOUL_A", "tree_code_optional": "KOG-SERET_AL_AJOUL_A-0255", "related_rule": "Ba'al rainfed discipline", "evidence": { "final_ndvi_mean": 0.30981558561325073, "health_index": 32.0, "confidence_score": 0.85, "shadow_fraction": 0.0, "crown_area_m2": 36.25, "review_status": "unreviewed" }, "recommended_task": "Field inspection: check irrigation, pruning, stress.", "confidence_score": 0.85, "status": "open", "alert_id": "ALERT-V1-00946" }, "geometry": { "type": "Point", "coordinates": [ 35.407004889772082, 32.918948236749507 ] } },
{ "type": "Feature", "properties": { "alert_type": "low_vigor_tree", "severity": "medium", "grove_code": "SERET_AL_AJOUL_A", "tree_code_optional": "KOG-SERET_AL_AJOUL_A-0256", "related_rule": "Ba'al rainfed discipline", "evidence": { "final_ndvi_mean": 0.2860453128814697, "health_index": 27.2, "confidence_score": 0.85, "shadow_fraction": 0.0, "crown_area_m2": 36.25, "review_status": "unreviewed" }, "recommended_task": "Field inspection: check irrigation, pruning, stress.", "confidence_score": 0.85, "status": "open", "alert_id": "ALERT-V1-00947" }, "geometry": { "type": "Point", "coordinates": [ 35.406665152153245, 32.918927201879391 ] } },
{ "type": "Feature", "properties": { "alert_type": "low_vigor_tree", "severity": "medium", "grove_code": "SERET_AL_AJOUL_A", "tree_code_optional": "KOG-SERET_AL_AJOUL_A-0257", "related_rule": "Ba'al rainfed discipline", "evidence": { "final_ndvi_mean": 0.2873312532901764, "health_index": 31.5, "confidence_score": 0.85, "shadow_fraction": 0.0, "crown_area_m2": 29.25, "review_status": "unreviewed" }, "recommended_task": "Field inspection: check irrigation, pruning, stress.", "confidence_score": 0.85, "status": "open", "alert_id": "ALERT-V1-00948" }, "geometry": { "type": "Point", "coordinates": [ 35.406203354739993, 32.9187460876432 ] } },
{ "type": "Feature", "properties": { "alert_type": "low_vigor_tree", "severity": "medium", "grove_code": "SERET_AL_AJOUL_A", "tree_code_optional": "KOG-SERET_AL_AJOUL_A-0258", "related_rule": "Ba'al rainfed discipline", "evidence": { "final_ndvi_mean": 0.2856753170490265, "health_index": 27.1, "confidence_score": 0.85, "shadow_fraction": 0.0, "crown_area_m2": 28.25, "review_status": "unreviewed" }, "recommended_task": "Field inspection: check irrigation, pruning, stress.", "confidence_score": 0.85, "status": "open", "alert_id": "ALERT-V1-00949" }, "geometry": { "type": "Point", "coordinates": [ 35.405636263649562, 32.918144209568418 ] } },
{ "type": "Feature", "properties": { "alert_type": "low_vigor_tree", "severity": "medium", "grove_code": "SERET_AL_AJOUL_A", "tree_code_optional": "KOG-SERET_AL_AJOUL_A-0259", "related_rule": "Ba'al rainfed discipline", "evidence": { "final_ndvi_mean": 0.2872620224952698, "health_index": 27.5, "confidence_score": 0.85, "shadow_fraction": 0.0, "crown_area_m2": 31.25, "review_status": "unreviewed" }, "recommended_task": "Field inspection: check irrigation, pruning, stress.", "confidence_score": 0.85, "status": "open", "alert_id": "ALERT-V1-00950" }, "geometry": { "type": "Point", "coordinates": [ 35.403084352207173, 32.919911793015764 ] } },
{ "type": "Feature", "properties": { "alert_type": "low_vigor_tree", "severity": "medium", "grove_code": "SERET_AL_AJOUL_A", "tree_code_optional": "KOG-SERET_AL_AJOUL_A-0260", "related_rule": "Ba'al rainfed discipline", "evidence": { "final_ndvi_mean": 0.2910979390144348, "health_index": 32.2, "confidence_score": 0.85, "shadow_fraction": 0.0, "crown_area_m2": 33.0, "review_status": "unreviewed" }, "recommended_task": "Field inspection: check irrigation, pruning, stress.", "confidence_score": 0.85, "status": "open", "alert_id": "ALERT-V1-00951" }, "geometry": { "type": "Point", "coordinates": [ 35.40386009516704, 32.919837669399541 ] } },
{ "type": "Feature", "properties": { "alert_type": "low_vigor_tree", "severity": "medium", "grove_code": "SERET_AL_AJOUL_A", "tree_code_optional": "KOG-SERET_AL_AJOUL_A-0261", "related_rule": "Ba'al rainfed discipline", "evidence": { "final_ndvi_mean": 0.3083375096321106, "health_index": 35.7, "confidence_score": 0.85, "shadow_fraction": 0.0, "crown_area_m2": 24.0, "review_status": "unreviewed" }, "recommended_task": "Field inspection: check irrigation, pruning, stress.", "confidence_score": 0.85, "status": "open", "alert_id": "ALERT-V1-00952" }, "geometry": { "type": "Point", "coordinates": [ 35.403909547833919, 32.91966832803449 ] } },
{ "type": "Feature", "properties": { "alert_type": "low_vigor_tree", "severity": "medium", "grove_code": "SERET_AL_AJOUL_A", "tree_code_optional": "KOG-SERET_AL_AJOUL_A-0262", "related_rule": "Ba'al rainfed discipline", "evidence": { "final_ndvi_mean": 0.285307377576828, "health_index": 27.1, "confidence_score": 0.85, "shadow_fraction": 0.0, "crown_area_m2": 27.25, "review_status": "unreviewed" }, "recommended_task": "Field inspection: check irrigation, pruning, stress.", "confidence_score": 0.85, "status": "open", "alert_id": "ALERT-V1-00953" }, "geometry": { "type": "Point", "coordinates": [ 35.404541059744474, 32.919426324957357 ] } },
{ "type": "Feature", "properties": { "alert_type": "low_vigor_tree", "severity": "medium", "grove_code": "SERET_AL_AJOUL_A", "tree_code_optional": "KOG-SERET_AL_AJOUL_A-0263", "related_rule": "Ba'al rainfed discipline", "evidence": { "final_ndvi_mean": 0.3428075909614563, "health_index": 38.6, "confidence_score": 0.85, "shadow_fraction": 0.0, "crown_area_m2": 34.75, "review_status": "unreviewed" }, "recommended_task": "Field inspection: check irrigation, pruning, stress.", "confidence_score": 0.85, "status": "open", "alert_id": "ALERT-V1-00954" }, "geometry": { "type": "Point", "coordinates": [ 35.405925566671577, 32.919326214183563 ] } },
{ "type": "Feature", "properties": { "alert_type": "low_vigor_tree", "severity": "medium", "grove_code": "SERET_AL_AJOUL_A", "tree_code_optional": "KOG-SERET_AL_AJOUL_A-0264", "related_rule": "Ba'al rainfed discipline", "evidence": { "final_ndvi_mean": 0.3028430938720703, "health_index": 34.6, "confidence_score": 0.85, "shadow_fraction": 0.0, "crown_area_m2": 28.0, "review_status": "unreviewed" }, "recommended_task": "Field inspection: check irrigation, pruning, stress.", "confidence_score": 0.85, "status": "open", "alert_id": "ALERT-V1-00955" }, "geometry": { "type": "Point", "coordinates": [ 35.404578307234246, 32.919308442153273 ] } },
{ "type": "Feature", "properties": { "alert_type": "low_vigor_tree", "severity": "medium", "grove_code": "SERET_AL_AJOUL_A", "tree_code_optional": "KOG-SERET_AL_AJOUL_A-0265", "related_rule": "Ba'al rainfed discipline", "evidence": { "final_ndvi_mean": 0.2979341149330139, "health_index": 33.6, "confidence_score": 0.85, "shadow_fraction": 0.0, "crown_area_m2": 37.25, "review_status": "unreviewed" }, "recommended_task": "Field inspection: check irrigation, pruning, stress.", "confidence_score": 0.85, "status": "open", "alert_id": "ALERT-V1-00956" }, "geometry": { "type": "Point", "coordinates": [ 35.405613055722689, 32.919174987498927 ] } },
{ "type": "Feature", "properties": { "alert_type": "low_vigor_tree", "severity": "medium", "grove_code": "SERET_AL_AJOUL_A", "tree_code_optional": "KOG-SERET_AL_AJOUL_A-0266", "related_rule": "Ba'al rainfed discipline", "evidence": { "final_ndvi_mean": 0.3031904399394989, "health_index": 30.6, "confidence_score": 0.85, "shadow_fraction": 0.0, "crown_area_m2": 34.75, "review_status": "unreviewed" }, "recommended_task": "Field inspection: check irrigation, pruning, stress.", "confidence_score": 0.85, "status": "open", "alert_id": "ALERT-V1-00957" }, "geometry": { "type": "Point", "coordinates": [ 35.405339259611864, 32.918852293718935 ] } },
{ "type": "Feature", "properties": { "alert_type": "low_vigor_tree", "severity": "medium", "grove_code": "SERET_AL_AJOUL_A", "tree_code_optional": "KOG-SERET_AL_AJOUL_A-0267", "related_rule": "Ba'al rainfed discipline", "evidence": { "final_ndvi_mean": 0.28857025504112244, "health_index": 27.7, "confidence_score": 0.85, "shadow_fraction": 0.0, "crown_area_m2": 28.25, "review_status": "unreviewed" }, "recommended_task": "Field inspection: check irrigation, pruning, stress.", "confidence_score": 0.85, "status": "open", "alert_id": "ALERT-V1-00958" }, "geometry": { "type": "Point", "coordinates": [ 35.406371320789781, 32.918789706282347 ] } },
{ "type": "Feature", "properties": { "alert_type": "low_vigor_tree", "severity": "medium", "grove_code": "SERET_AL_AJOUL_A", "tree_code_optional": "KOG-SERET_AL_AJOUL_A-0268", "related_rule": "Ba'al rainfed discipline", "evidence": { "final_ndvi_mean": 0.2902592718601227, "health_index": 28.1, "confidence_score": 0.85, "shadow_fraction": 0.0, "crown_area_m2": 37.25, "review_status": "unreviewed" }, "recommended_task": "Field inspection: check irrigation, pruning, stress.", "confidence_score": 0.85, "status": "open", "alert_id": "ALERT-V1-00959" }, "geometry": { "type": "Point", "coordinates": [ 35.406734676596628, 32.918623093408613 ] } },
{ "type": "Feature", "properties": { "alert_type": "low_vigor_tree", "severity": "medium", "grove_code": "SERET_AL_AJOUL_A", "tree_code_optional": "KOG-SERET_AL_AJOUL_A-0269", "related_rule": "Ba'al rainfed discipline", "evidence": { "final_ndvi_mean": 0.3068574368953705, "health_index": 35.4, "confidence_score": 0.85, "shadow_fraction": 0.0, "crown_area_m2": 29.25, "review_status": "unreviewed" }, "recommended_task": "Field inspection: check irrigation, pruning, stress.", "confidence_score": 0.85, "status": "open", "alert_id": "ALERT-V1-00960" }, "geometry": { "type": "Point", "coordinates": [ 35.406107030193724, 32.918603860115141 ] } },
{ "type": "Feature", "properties": { "alert_type": "low_vigor_tree", "severity": "medium", "grove_code": "SERET_AL_AJOUL_A", "tree_code_optional": "KOG-SERET_AL_AJOUL_A-0270", "related_rule": "Ba'al rainfed discipline", "evidence": { "final_ndvi_mean": 0.30188873410224915, "health_index": 30.4, "confidence_score": 0.85, "shadow_fraction": 0.0, "crown_area_m2": 27.0, "review_status": "unreviewed" }, "recommended_task": "Field inspection: check irrigation, pruning, stress.", "confidence_score": 0.85, "status": "open", "alert_id": "ALERT-V1-00961" }, "geometry": { "type": "Point", "coordinates": [ 35.404115383433336, 32.919515248919211 ] } },
{ "type": "Feature", "properties": { "alert_type": "low_vigor_tree", "severity": "medium", "grove_code": "SERET_AL_AJOUL_A", "tree_code_optional": "KOG-SERET_AL_AJOUL_A-0271", "related_rule": "Ba'al rainfed discipline", "evidence": { "final_ndvi_mean": 0.29865238070487976, "health_index": 33.7, "confidence_score": 0.85, "shadow_fraction": 0.0, "crown_area_m2": 22.5, "review_status": "unreviewed" }, "recommended_task": "Field inspection: check irrigation, pruning, stress.", "confidence_score": 0.85, "status": "open", "alert_id": "ALERT-V1-00962" }, "geometry": { "type": "Point", "coordinates": [ 35.40411803736508, 32.919439536685957 ] } },
{ "type": "Feature", "properties": { "alert_type": "low_vigor_tree", "severity": "medium", "grove_code": "SERET_AL_AJOUL_A", "tree_code_optional": "KOG-SERET_AL_AJOUL_A-0272", "related_rule": "Ba'al rainfed discipline", "evidence": { "final_ndvi_mean": 0.2978961765766144, "health_index": 33.6, "confidence_score": 0.85, "shadow_fraction": 0.0, "crown_area_m2": 26.75, "review_status": "unreviewed" }, "recommended_task": "Field inspection: check irrigation, pruning, stress.", "confidence_score": 0.85, "status": "open", "alert_id": "ALERT-V1-00963" }, "geometry": { "type": "Point", "coordinates": [ 35.406616657174077, 32.91904537616476 ] } },
{ "type": "Feature", "properties": { "alert_type": "low_vigor_tree", "severity": "medium", "grove_code": "SERET_AL_AJOUL_A", "tree_code_optional": "KOG-SERET_AL_AJOUL_A-0273", "related_rule": "Ba'al rainfed discipline", "evidence": { "final_ndvi_mean": 0.29530128836631775, "health_index": 33.1, "confidence_score": 0.85, "shadow_fraction": 0.0, "crown_area_m2": 27.0, "review_status": "unreviewed" }, "recommended_task": "Field inspection: check irrigation, pruning, stress.", "confidence_score": 0.85, "status": "open", "alert_id": "ALERT-V1-00964" }, "geometry": { "type": "Point", "coordinates": [ 35.406696248584502, 32.91883610361139 ] } },
{ "type": "Feature", "properties": { "alert_type": "low_vigor_tree", "severity": "medium", "grove_code": "SERET_AL_AJOUL_A", "tree_code_optional": "KOG-SERET_AL_AJOUL_A-0274", "related_rule": "Ba'al rainfed discipline", "evidence": { "final_ndvi_mean": 0.2746872007846832, "health_index": 28.9, "confidence_score": 0.85, "shadow_fraction": 0.0, "crown_area_m2": 27.5, "review_status": "unreviewed" }, "recommended_task": "Field inspection: check irrigation, pruning, stress.", "confidence_score": 0.85, "status": "open", "alert_id": "ALERT-V1-00965" }, "geometry": { "type": "Point", "coordinates": [ 35.407306719562079, 32.918529261573781 ] } },
{ "type": "Feature", "properties": { "alert_type": "low_vigor_tree", "severity": "medium", "grove_code": "SERET_AL_AJOUL_A", "tree_code_optional": "KOG-SERET_AL_AJOUL_A-0275", "related_rule": "Ba'al rainfed discipline", "evidence": { "final_ndvi_mean": 0.31711140275001526, "health_index": 33.4, "confidence_score": 0.85, "shadow_fraction": 0.0, "crown_area_m2": 34.5, "review_status": "unreviewed" }, "recommended_task": "Field inspection: check irrigation, pruning, stress.", "confidence_score": 0.85, "status": "open", "alert_id": "ALERT-V1-00966" }, "geometry": { "type": "Point", "coordinates": [ 35.40589728752343, 32.918012975199034 ] } },
{ "type": "Feature", "properties": { "alert_type": "low_vigor_tree", "severity": "medium", "grove_code": "SERET_AL_AJOUL_A", "tree_code_optional": "KOG-SERET_AL_AJOUL_A-0276", "related_rule": "Ba'al rainfed discipline", "evidence": { "final_ndvi_mean": 0.2761504054069519, "health_index": 29.2, "confidence_score": 0.85, "shadow_fraction": 0.0, "crown_area_m2": 23.0, "review_status": "unreviewed" }, "recommended_task": "Field inspection: check irrigation, pruning, stress.", "confidence_score": 0.85, "status": "open", "alert_id": "ALERT-V1-00967" }, "geometry": { "type": "Point", "coordinates": [ 35.403977942481227, 32.919957245536139 ] } },
{ "type": "Feature", "properties": { "alert_type": "low_vigor_tree", "severity": "medium", "grove_code": "SERET_AL_AJOUL_A", "tree_code_optional": "KOG-SERET_AL_AJOUL_A-0277", "related_rule": "Ba'al rainfed discipline", "evidence": { "final_ndvi_mean": 0.29039081931114197, "health_index": 32.1, "confidence_score": 0.85, "shadow_fraction": 0.0, "crown_area_m2": 25.5, "review_status": "unreviewed" }, "recommended_task": "Field inspection: check irrigation, pruning, stress.", "confidence_score": 0.85, "status": "open", "alert_id": "ALERT-V1-00968" }, "geometry": { "type": "Point", "coordinates": [ 35.403158108730807, 32.919893452585029 ] } },
{ "type": "Feature", "properties": { "alert_type": "low_vigor_tree", "severity": "medium", "grove_code": "SERET_AL_AJOUL_A", "tree_code_optional": "KOG-SERET_AL_AJOUL_A-0278", "related_rule": "Ba'al rainfed discipline", "evidence": { "final_ndvi_mean": 0.31017622351646423, "health_index": 36.0, "confidence_score": 0.85, "shadow_fraction": 0.0, "crown_area_m2": 18.0, "review_status": "unreviewed" }, "recommended_task": "Field inspection: check irrigation, pruning, stress.", "confidence_score": 0.85, "status": "open", "alert_id": "ALERT-V1-00969" }, "geometry": { "type": "Point", "coordinates": [ 35.40357648041617, 32.919815004607145 ] } },
{ "type": "Feature", "properties": { "alert_type": "low_vigor_tree", "severity": "medium", "grove_code": "SERET_AL_AJOUL_A", "tree_code_optional": "KOG-SERET_AL_AJOUL_A-0279", "related_rule": "Ba'al rainfed discipline", "evidence": { "final_ndvi_mean": 0.2897580564022064, "health_index": 28.0, "confidence_score": 0.85, "shadow_fraction": 0.0, "crown_area_m2": 22.25, "review_status": "unreviewed" }, "recommended_task": "Field inspection: check irrigation, pruning, stress.", "confidence_score": 0.85, "status": "open", "alert_id": "ALERT-V1-00970" }, "geometry": { "type": "Point", "coordinates": [ 35.404143176917131, 32.919764786185361 ] } },
{ "type": "Feature", "properties": { "alert_type": "low_vigor_tree", "severity": "medium", "grove_code": "SERET_AL_AJOUL_A", "tree_code_optional": "KOG-SERET_AL_AJOUL_A-0280", "related_rule": "Ba'al rainfed discipline", "evidence": { "final_ndvi_mean": 0.2946734130382538, "health_index": 32.9, "confidence_score": 0.85, "shadow_fraction": 0.0, "crown_area_m2": 24.75, "review_status": "unreviewed" }, "recommended_task": "Field inspection: check irrigation, pruning, stress.", "confidence_score": 0.85, "status": "open", "alert_id": "ALERT-V1-00971" }, "geometry": { "type": "Point", "coordinates": [ 35.403389814841532, 32.919702943225509 ] } },
{ "type": "Feature", "properties": { "alert_type": "low_vigor_tree", "severity": "medium", "grove_code": "SERET_AL_AJOUL_A", "tree_code_optional": "KOG-SERET_AL_AJOUL_A-0281", "related_rule": "Ba'al rainfed discipline", "evidence": { "final_ndvi_mean": 0.29423242807388306, "health_index": 28.8, "confidence_score": 0.85, "shadow_fraction": 0.0, "crown_area_m2": 27.0, "review_status": "unreviewed" }, "recommended_task": "Field inspection: check irrigation, pruning, stress.", "confidence_score": 0.85, "status": "open", "alert_id": "ALERT-V1-00972" }, "geometry": { "type": "Point", "coordinates": [ 35.403615815605953, 32.919648848565785 ] } },
{ "type": "Feature", "properties": { "alert_type": "low_vigor_tree", "severity": "medium", "grove_code": "SERET_AL_AJOUL_A", "tree_code_optional": "KOG-SERET_AL_AJOUL_A-0282", "related_rule": "Ba'al rainfed discipline", "evidence": { "final_ndvi_mean": 0.281181663274765, "health_index": 30.2, "confidence_score": 0.85, "shadow_fraction": 0.0, "crown_area_m2": 21.75, "review_status": "unreviewed" }, "recommended_task": "Field inspection: check irrigation, pruning, stress.", "confidence_score": 0.85, "status": "open", "alert_id": "ALERT-V1-00973" }, "geometry": { "type": "Point", "coordinates": [ 35.404771350568794, 32.919617823415351 ] } },
{ "type": "Feature", "properties": { "alert_type": "low_vigor_tree", "severity": "medium", "grove_code": "SERET_AL_AJOUL_A", "tree_code_optional": "KOG-SERET_AL_AJOUL_A-0283", "related_rule": "Ba'al rainfed discipline", "evidence": { "final_ndvi_mean": 0.302463173866272, "health_index": 34.5, "confidence_score": 0.85, "shadow_fraction": 0.0, "crown_area_m2": 28.25, "review_status": "unreviewed" }, "recommended_task": "Field inspection: check irrigation, pruning, stress.", "confidence_score": 0.85, "status": "open", "alert_id": "ALERT-V1-00974" }, "geometry": { "type": "Point", "coordinates": [ 35.403995467163533, 32.919593931780192 ] } },
{ "type": "Feature", "properties": { "alert_type": "low_vigor_tree", "severity": "medium", "grove_code": "SERET_AL_AJOUL_A", "tree_code_optional": "KOG-SERET_AL_AJOUL_A-0284", "related_rule": "Ba'al rainfed discipline", "evidence": { "final_ndvi_mean": 0.2928597629070282, "health_index": 28.6, "confidence_score": 0.85, "shadow_fraction": 0.0, "crown_area_m2": 27.0, "review_status": "unreviewed" }, "recommended_task": "Field inspection: check irrigation, pruning, stress.", "confidence_score": 0.85, "status": "open", "alert_id": "ALERT-V1-00975" }, "geometry": { "type": "Point", "coordinates": [ 35.403224270349199, 32.919464807184063 ] } },
{ "type": "Feature", "properties": { "alert_type": "low_vigor_tree", "severity": "medium", "grove_code": "SERET_AL_AJOUL_A", "tree_code_optional": "KOG-SERET_AL_AJOUL_A-0285", "related_rule": "Ba'al rainfed discipline", "evidence": { "final_ndvi_mean": 0.29560062289237976, "health_index": 33.1, "confidence_score": 0.85, "shadow_fraction": 0.0, "crown_area_m2": 24.0, "review_status": "unreviewed" }, "recommended_task": "Field inspection: check irrigation, pruning, stress.", "confidence_score": 0.85, "status": "open", "alert_id": "ALERT-V1-00976" }, "geometry": { "type": "Point", "coordinates": [ 35.403631837692437, 32.919414520426585 ] } },
{ "type": "Feature", "properties": { "alert_type": "low_vigor_tree", "severity": "medium", "grove_code": "SERET_AL_AJOUL_A", "tree_code_optional": "KOG-SERET_AL_AJOUL_A-0286", "related_rule": "Ba'al rainfed discipline", "evidence": { "final_ndvi_mean": 0.2969416081905365, "health_index": 33.4, "confidence_score": 0.85, "shadow_fraction": 0.0, "crown_area_m2": 20.0, "review_status": "unreviewed" }, "recommended_task": "Field inspection: check irrigation, pruning, stress.", "confidence_score": 0.85, "status": "open", "alert_id": "ALERT-V1-00977" }, "geometry": { "type": "Point", "coordinates": [ 35.403615079891765, 32.919317043564753 ] } },
{ "type": "Feature", "properties": { "alert_type": "low_vigor_tree", "severity": "medium", "grove_code": "SERET_AL_AJOUL_A", "tree_code_optional": "KOG-SERET_AL_AJOUL_A-0287", "related_rule": "Ba'al rainfed discipline", "evidence": { "final_ndvi_mean": 0.2945763170719147, "health_index": 32.9, "confidence_score": 0.85, "shadow_fraction": 0.0, "crown_area_m2": 17.5, "review_status": "unreviewed" }, "recommended_task": "Field inspection: check irrigation, pruning, stress.", "confidence_score": 0.85, "status": "open", "alert_id": "ALERT-V1-00978" }, "geometry": { "type": "Point", "coordinates": [ 35.403027000546842, 32.919286853594805 ] } },
{ "type": "Feature", "properties": { "alert_type": "low_vigor_tree", "severity": "medium", "grove_code": "SERET_AL_AJOUL_A", "tree_code_optional": "KOG-SERET_AL_AJOUL_A-0288", "related_rule": "Ba'al rainfed discipline", "evidence": { "final_ndvi_mean": 0.29129454493522644, "health_index": 32.3, "confidence_score": 0.85, "shadow_fraction": 0.0, "crown_area_m2": 25.0, "review_status": "unreviewed" }, "recommended_task": "Field inspection: check irrigation, pruning, stress.", "confidence_score": 0.85, "status": "open", "alert_id": "ALERT-V1-00979" }, "geometry": { "type": "Point", "coordinates": [ 35.405212591413729, 32.919212975562843 ] } },
{ "type": "Feature", "properties": { "alert_type": "low_vigor_tree", "severity": "medium", "grove_code": "SERET_AL_AJOUL_A", "tree_code_optional": "KOG-SERET_AL_AJOUL_A-0289", "related_rule": "Ba'al rainfed discipline", "evidence": { "final_ndvi_mean": 0.30135101079940796, "health_index": 30.3, "confidence_score": 0.85, "shadow_fraction": 0.0, "crown_area_m2": 24.5, "review_status": "unreviewed" }, "recommended_task": "Field inspection: check irrigation, pruning, stress.", "confidence_score": 0.85, "status": "open", "alert_id": "ALERT-V1-00980" }, "geometry": { "type": "Point", "coordinates": [ 35.405091196355549, 32.919183881279423 ] } },
{ "type": "Feature", "properties": { "alert_type": "low_vigor_tree", "severity": "medium", "grove_code": "SERET_AL_AJOUL_A", "tree_code_optional": "KOG-SERET_AL_AJOUL_A-0291", "related_rule": "Ba'al rainfed discipline", "evidence": { "final_ndvi_mean": 0.29778972268104553, "health_index": 33.6, "confidence_score": 0.85, "shadow_fraction": 0.0, "crown_area_m2": 22.0, "review_status": "unreviewed" }, "recommended_task": "Field inspection: check irrigation, pruning, stress.", "confidence_score": 0.85, "status": "open", "alert_id": "ALERT-V1-00981" }, "geometry": { "type": "Point", "coordinates": [ 35.406769720262197, 32.918971071636626 ] } },
{ "type": "Feature", "properties": { "alert_type": "low_vigor_tree", "severity": "medium", "grove_code": "SERET_AL_AJOUL_A", "tree_code_optional": "KOG-SERET_AL_AJOUL_A-0292", "related_rule": "Ba'al rainfed discipline", "evidence": { "final_ndvi_mean": 0.29717427492141724, "health_index": 29.4, "confidence_score": 0.85, "shadow_fraction": 0.0, "crown_area_m2": 27.5, "review_status": "unreviewed" }, "recommended_task": "Field inspection: check irrigation, pruning, stress.", "confidence_score": 0.85, "status": "open", "alert_id": "ALERT-V1-00982" }, "geometry": { "type": "Point", "coordinates": [ 35.406387673362516, 32.918947455169288 ] } },
{ "type": "Feature", "properties": { "alert_type": "low_vigor_tree", "severity": "medium", "grove_code": "SERET_AL_AJOUL_A", "tree_code_optional": "KOG-SERET_AL_AJOUL_A-0293", "related_rule": "Ba'al rainfed discipline", "evidence": { "final_ndvi_mean": 0.2900804877281189, "health_index": 28.0, "confidence_score": 0.85, "shadow_fraction": 0.0, "crown_area_m2": 29.25, "review_status": "unreviewed" }, "recommended_task": "Field inspection: check irrigation, pruning, stress.", "confidence_score": 0.85, "status": "open", "alert_id": "ALERT-V1-00983" }, "geometry": { "type": "Point", "coordinates": [ 35.407167307741652, 32.918898420552573 ] } },
{ "type": "Feature", "properties": { "alert_type": "low_vigor_tree", "severity": "medium", "grove_code": "SERET_AL_AJOUL_A", "tree_code_optional": "KOG-SERET_AL_AJOUL_A-0294", "related_rule": "Ba'al rainfed discipline", "evidence": { "final_ndvi_mean": 0.2957042157649994, "health_index": 33.1, "confidence_score": 0.85, "shadow_fraction": 0.0, "crown_area_m2": 24.0, "review_status": "unreviewed" }, "recommended_task": "Field inspection: check irrigation, pruning, stress.", "confidence_score": 0.85, "status": "open", "alert_id": "ALERT-V1-00984" }, "geometry": { "type": "Point", "coordinates": [ 35.406823900158471, 32.918855566422238 ] } },
{ "type": "Feature", "properties": { "alert_type": "low_vigor_tree", "severity": "medium", "grove_code": "SERET_AL_AJOUL_A", "tree_code_optional": "KOG-SERET_AL_AJOUL_A-0295", "related_rule": "Ba'al rainfed discipline", "evidence": { "final_ndvi_mean": 0.2900657057762146, "health_index": 32.0, "confidence_score": 0.85, "shadow_fraction": 0.0, "crown_area_m2": 23.75, "review_status": "unreviewed" }, "recommended_task": "Field inspection: check irrigation, pruning, stress.", "confidence_score": 0.85, "status": "open", "alert_id": "ALERT-V1-00985" }, "geometry": { "type": "Point", "coordinates": [ 35.406310478831507, 32.918802431760604 ] } },
{ "type": "Feature", "properties": { "alert_type": "low_vigor_tree", "severity": "medium", "grove_code": "SERET_AL_AJOUL_A", "tree_code_optional": "KOG-SERET_AL_AJOUL_A-0296", "related_rule": "Ba'al rainfed discipline", "evidence": { "final_ndvi_mean": 0.29337722063064575, "health_index": 32.7, "confidence_score": 0.85, "shadow_fraction": 0.0, "crown_area_m2": 27.75, "review_status": "unreviewed" }, "recommended_task": "Field inspection: check irrigation, pruning, stress.", "confidence_score": 0.85, "status": "open", "alert_id": "ALERT-V1-00986" }, "geometry": { "type": "Point", "coordinates": [ 35.406583272541823, 32.918786880093663 ] } },
{ "type": "Feature", "properties": { "alert_type": "low_vigor_tree", "severity": "medium", "grove_code": "SERET_AL_AJOUL_A", "tree_code_optional": "KOG-SERET_AL_AJOUL_A-0297", "related_rule": "Ba'al rainfed discipline", "evidence": { "final_ndvi_mean": 0.2811400592327118, "health_index": 26.2, "confidence_score": 0.85, "shadow_fraction": 0.0, "crown_area_m2": 23.25, "review_status": "unreviewed" }, "recommended_task": "Field inspection: check irrigation, pruning, stress.", "confidence_score": 0.85, "status": "open", "alert_id": "ALERT-V1-00987" }, "geometry": { "type": "Point", "coordinates": [ 35.407282679071777, 32.918764409908945 ] } },
{ "type": "Feature", "properties": { "alert_type": "low_vigor_tree", "severity": "medium", "grove_code": "SERET_AL_AJOUL_A", "tree_code_optional": "KOG-SERET_AL_AJOUL_A-0298", "related_rule": "Ba'al rainfed discipline", "evidence": { "final_ndvi_mean": 0.2963055670261383, "health_index": 29.3, "confidence_score": 0.85, "shadow_fraction": 0.0, "crown_area_m2": 29.25, "review_status": "unreviewed" }, "recommended_task": "Field inspection: check irrigation, pruning, stress.", "confidence_score": 0.85, "status": "open", "alert_id": "ALERT-V1-00988" }, "geometry": { "type": "Point", "coordinates": [ 35.405709183646806, 32.918783118883205 ] } },
{ "type": "Feature", "properties": { "alert_type": "low_vigor_tree", "severity": "medium", "grove_code": "SERET_AL_AJOUL_A", "tree_code_optional": "KOG-SERET_AL_AJOUL_A-0299", "related_rule": "Ba'al rainfed discipline", "evidence": { "final_ndvi_mean": 0.28576308488845825, "health_index": 27.2, "confidence_score": 0.85, "shadow_fraction": 0.0, "crown_area_m2": 28.0, "review_status": "unreviewed" }, "recommended_task": "Field inspection: check irrigation, pruning, stress.", "confidence_score": 0.85, "status": "open", "alert_id": "ALERT-V1-00989" }, "geometry": { "type": "Point", "coordinates": [ 35.406459218246624, 32.918738155565919 ] } },
{ "type": "Feature", "properties": { "alert_type": "low_vigor_tree", "severity": "medium", "grove_code": "SERET_AL_AJOUL_A", "tree_code_optional": "KOG-SERET_AL_AJOUL_A-0300", "related_rule": "Ba'al rainfed discipline", "evidence": { "final_ndvi_mean": 0.3040218651294708, "health_index": 34.8, "confidence_score": 0.85, "shadow_fraction": 0.0, "crown_area_m2": 20.25, "review_status": "unreviewed" }, "recommended_task": "Field inspection: check irrigation, pruning, stress.", "confidence_score": 0.85, "status": "open", "alert_id": "ALERT-V1-00990" }, "geometry": { "type": "Point", "coordinates": [ 35.406946554012301, 32.918739995901447 ] } },
{ "type": "Feature", "properties": { "alert_type": "low_vigor_tree", "severity": "medium", "grove_code": "SERET_AL_AJOUL_A", "tree_code_optional": "KOG-SERET_AL_AJOUL_A-0301", "related_rule": "Ba'al rainfed discipline", "evidence": { "final_ndvi_mean": 0.28242141008377075, "health_index": 30.5, "confidence_score": 0.85, "shadow_fraction": 0.0, "crown_area_m2": 28.25, "review_status": "unreviewed" }, "recommended_task": "Field inspection: check irrigation, pruning, stress.", "confidence_score": 0.85, "status": "open", "alert_id": "ALERT-V1-00991" }, "geometry": { "type": "Point", "coordinates": [ 35.406272723105296, 32.918733352642924 ] } },
{ "type": "Feature", "properties": { "alert_type": "low_vigor_tree", "severity": "medium", "grove_code": "SERET_AL_AJOUL_A", "tree_code_optional": "KOG-SERET_AL_AJOUL_A-0302", "related_rule": "Ba'al rainfed discipline", "evidence": { "final_ndvi_mean": 0.28779688477516174, "health_index": 31.6, "confidence_score": 0.85, "shadow_fraction": 0.0, "crown_area_m2": 27.75, "review_status": "unreviewed" }, "recommended_task": "Field inspection: check irrigation, pruning, stress.", "confidence_score": 0.85, "status": "open", "alert_id": "ALERT-V1-00992" }, "geometry": { "type": "Point", "coordinates": [ 35.406545874280191, 32.918714731679557 ] } },
{ "type": "Feature", "properties": { "alert_type": "low_vigor_tree", "severity": "medium", "grove_code": "SERET_AL_AJOUL_A", "tree_code_optional": "KOG-SERET_AL_AJOUL_A-0303", "related_rule": "Ba'al rainfed discipline", "evidence": { "final_ndvi_mean": 0.31267884373664856, "health_index": 36.5, "confidence_score": 0.85, "shadow_fraction": 0.0, "crown_area_m2": 30.25, "review_status": "unreviewed" }, "recommended_task": "Field inspection: check irrigation, pruning, stress.", "confidence_score": 0.85, "status": "open", "alert_id": "ALERT-V1-00993" }, "geometry": { "type": "Point", "coordinates": [ 35.406433547969399, 32.918692606488115 ] } },
{ "type": "Feature", "properties": { "alert_type": "low_vigor_tree", "severity": "medium", "grove_code": "SERET_AL_AJOUL_A", "tree_code_optional": "KOG-SERET_AL_AJOUL_A-0304", "related_rule": "Ba'al rainfed discipline", "evidence": { "final_ndvi_mean": 0.28663530945777893, "health_index": 31.3, "confidence_score": 0.85, "shadow_fraction": 0.0, "crown_area_m2": 21.75, "review_status": "unreviewed" }, "recommended_task": "Field inspection: check irrigation, pruning, stress.", "confidence_score": 0.85, "status": "open", "alert_id": "ALERT-V1-00994" }, "geometry": { "type": "Point", "coordinates": [ 35.406633323764154, 32.918686671916497 ] } },
{ "type": "Feature", "properties": { "alert_type": "low_vigor_tree", "severity": "medium", "grove_code": "SERET_AL_AJOUL_A", "tree_code_optional": "KOG-SERET_AL_AJOUL_A-0305", "related_rule": "Ba'al rainfed discipline", "evidence": { "final_ndvi_mean": 0.2896890640258789, "health_index": 31.9, "confidence_score": 0.85, "shadow_fraction": 0.0, "crown_area_m2": 26.75, "review_status": "unreviewed" }, "recommended_task": "Field inspection: check irrigation, pruning, stress.", "confidence_score": 0.85, "status": "open", "alert_id": "ALERT-V1-00995" }, "geometry": { "type": "Point", "coordinates": [ 35.406940729958762, 32.918580181837484 ] } },
{ "type": "Feature", "properties": { "alert_type": "low_vigor_tree", "severity": "medium", "grove_code": "SERET_AL_AJOUL_A", "tree_code_optional": "KOG-SERET_AL_AJOUL_A-0306", "related_rule": "Ba'al rainfed discipline", "evidence": { "final_ndvi_mean": 0.28969666361808777, "health_index": 31.9, "confidence_score": 0.85, "shadow_fraction": 0.0, "crown_area_m2": 23.5, "review_status": "unreviewed" }, "recommended_task": "Field inspection: check irrigation, pruning, stress.", "confidence_score": 0.85, "status": "open", "alert_id": "ALERT-V1-00996" }, "geometry": { "type": "Point", "coordinates": [ 35.405956756730092, 32.918568227379033 ] } },
{ "type": "Feature", "properties": { "alert_type": "low_vigor_tree", "severity": "medium", "grove_code": "SERET_AL_AJOUL_A", "tree_code_optional": "KOG-SERET_AL_AJOUL_A-0307", "related_rule": "Ba'al rainfed discipline", "evidence": { "final_ndvi_mean": 0.2937123477458954, "health_index": 32.7, "confidence_score": 0.85, "shadow_fraction": 0.0, "crown_area_m2": 27.0, "review_status": "unreviewed" }, "recommended_task": "Field inspection: check irrigation, pruning, stress.", "confidence_score": 0.85, "status": "open", "alert_id": "ALERT-V1-00997" }, "geometry": { "type": "Point", "coordinates": [ 35.405761695851318, 32.918378362395792 ] } },
{ "type": "Feature", "properties": { "alert_type": "low_vigor_tree", "severity": "medium", "grove_code": "SERET_AL_AJOUL_A", "tree_code_optional": "KOG-SERET_AL_AJOUL_A-0308", "related_rule": "Ba'al rainfed discipline", "evidence": { "final_ndvi_mean": 0.2808878719806671, "health_index": 26.2, "confidence_score": 0.85, "shadow_fraction": 0.0, "crown_area_m2": 25.75, "review_status": "unreviewed" }, "recommended_task": "Field inspection: check irrigation, pruning, stress.", "confidence_score": 0.85, "status": "open", "alert_id": "ALERT-V1-00998" }, "geometry": { "type": "Point", "coordinates": [ 35.405566630668034, 32.918180638458836 ] } },
{ "type": "Feature", "properties": { "alert_type": "low_vigor_tree", "severity": "medium", "grove_code": "SERET_AL_AJOUL_A", "tree_code_optional": "KOG-SERET_AL_AJOUL_A-0309", "related_rule": "Ba'al rainfed discipline", "evidence": { "final_ndvi_mean": 0.2864586114883423, "health_index": 31.3, "confidence_score": 0.85, "shadow_fraction": 0.0, "crown_area_m2": 27.0, "review_status": "unreviewed" }, "recommended_task": "Field inspection: check irrigation, pruning, stress.", "confidence_score": 0.85, "status": "open", "alert_id": "ALERT-V1-00999" }, "geometry": { "type": "Point", "coordinates": [ 35.40588040139874, 32.918097335850788 ] } },
{ "type": "Feature", "properties": { "alert_type": "low_vigor_tree", "severity": "medium", "grove_code": "SERET_AL_AJOUL_A", "tree_code_optional": "KOG-SERET_AL_AJOUL_A-0310", "related_rule": "Ba'al rainfed discipline", "evidence": { "final_ndvi_mean": 0.3336378335952759, "health_index": 36.7, "confidence_score": 0.85, "shadow_fraction": 0.0, "crown_area_m2": 24.25, "review_status": "unreviewed" }, "recommended_task": "Field inspection: check irrigation, pruning, stress.", "confidence_score": 0.85, "status": "open", "alert_id": "ALERT-V1-01000" }, "geometry": { "type": "Point", "coordinates": [ 35.405936525222948, 32.918078028191232 ] } },
{ "type": "Feature", "properties": { "alert_type": "low_vigor_tree", "severity": "medium", "grove_code": "SERET_AL_AJOUL_A", "tree_code_optional": "KOG-SERET_AL_AJOUL_A-0311", "related_rule": "Ba'al rainfed discipline", "evidence": { "final_ndvi_mean": 0.2975538671016693, "health_index": 29.5, "confidence_score": 0.85, "shadow_fraction": 0.0, "crown_area_m2": 24.0, "review_status": "unreviewed" }, "recommended_task": "Field inspection: check irrigation, pruning, stress.", "confidence_score": 0.85, "status": "open", "alert_id": "ALERT-V1-01001" }, "geometry": { "type": "Point", "coordinates": [ 35.406015175419149, 32.919296315680377 ] } },
{ "type": "Feature", "properties": { "alert_type": "low_vigor_tree", "severity": "medium", "grove_code": "SERET_AL_AJOUL_A", "tree_code_optional": "KOG-SERET_AL_AJOUL_A-0312", "related_rule": "Ba'al rainfed discipline", "evidence": { "final_ndvi_mean": 0.27968651056289673, "health_index": 29.9, "confidence_score": 0.85, "shadow_fraction": 0.0, "crown_area_m2": 18.75, "review_status": "unreviewed" }, "recommended_task": "Field inspection: check irrigation, pruning, stress.", "confidence_score": 0.85, "status": "open", "alert_id": "ALERT-V1-01002" }, "geometry": { "type": "Point", "coordinates": [ 35.403717662648127, 32.919246738047832 ] } },
{ "type": "Feature", "properties": { "alert_type": "low_vigor_tree", "severity": "medium", "grove_code": "SERET_AL_AJOUL_A", "tree_code_optional": "KOG-SERET_AL_AJOUL_A-0313", "related_rule": "Ba'al rainfed discipline", "evidence": { "final_ndvi_mean": 0.27764156460762024, "health_index": 29.5, "confidence_score": 0.85, "shadow_fraction": 0.0, "crown_area_m2": 23.0, "review_status": "unreviewed" }, "recommended_task": "Field inspection: check irrigation, pruning, stress.", "confidence_score": 0.85, "status": "open", "alert_id": "ALERT-V1-01003" }, "geometry": { "type": "Point", "coordinates": [ 35.405386009244154, 32.919159120603041 ] } },
{ "type": "Feature", "properties": { "alert_type": "low_vigor_tree", "severity": "medium", "grove_code": "SERET_AL_AJOUL_A", "tree_code_optional": "KOG-SERET_AL_AJOUL_A-0314", "related_rule": "Ba'al rainfed discipline", "evidence": { "final_ndvi_mean": 0.29520946741104126, "health_index": 29.0, "confidence_score": 0.85, "shadow_fraction": 0.0, "crown_area_m2": 22.5, "review_status": "unreviewed" }, "recommended_task": "Field inspection: check irrigation, pruning, stress.", "confidence_score": 0.85, "status": "open", "alert_id": "ALERT-V1-01004" }, "geometry": { "type": "Point", "coordinates": [ 35.405937552199006, 32.918662391208699 ] } },
{ "type": "Feature", "properties": { "alert_type": "low_vigor_tree", "severity": "medium", "grove_code": "SERET_AL_AJOUL_A", "tree_code_optional": "KOG-SERET_AL_AJOUL_A-0315", "related_rule": "Ba'al rainfed discipline", "evidence": { "final_ndvi_mean": 0.3170619010925293, "health_index": 37.4, "confidence_score": 0.85, "shadow_fraction": 0.0, "crown_area_m2": 27.25, "review_status": "unreviewed" }, "recommended_task": "Field inspection: check irrigation, pruning, stress.", "confidence_score": 0.85, "status": "open", "alert_id": "ALERT-V1-01005" }, "geometry": { "type": "Point", "coordinates": [ 35.406197802398687, 32.91858750876964 ] } },
{ "type": "Feature", "properties": { "alert_type": "low_vigor_tree", "severity": "medium", "grove_code": "SERET_AL_AJOUL_A", "tree_code_optional": "KOG-SERET_AL_AJOUL_A-0316", "related_rule": "Ba'al rainfed discipline", "evidence": { "final_ndvi_mean": 0.2777336835861206, "health_index": 29.5, "confidence_score": 0.85, "shadow_fraction": 0.0, "crown_area_m2": 18.75, "review_status": "unreviewed" }, "recommended_task": "Field inspection: check irrigation, pruning, stress.", "confidence_score": 0.85, "status": "open", "alert_id": "ALERT-V1-01006" }, "geometry": { "type": "Point", "coordinates": [ 35.405899151111164, 32.918414175418143 ] } },
{ "type": "Feature", "properties": { "alert_type": "low_vigor_tree", "severity": "medium", "grove_code": "SERET_AL_AJOUL_A", "tree_code_optional": "KOG-SERET_AL_AJOUL_A-0317", "related_rule": "Ba'al rainfed discipline", "evidence": { "final_ndvi_mean": 0.2828228175640106, "health_index": 26.6, "confidence_score": 0.85, "shadow_fraction": 0.0, "crown_area_m2": 21.5, "review_status": "unreviewed" }, "recommended_task": "Field inspection: check irrigation, pruning, stress.", "confidence_score": 0.85, "status": "open", "alert_id": "ALERT-V1-01007" }, "geometry": { "type": "Point", "coordinates": [ 35.405850953798179, 32.918043208400455 ] } },
{ "type": "Feature", "properties": { "alert_type": "low_vigor_tree", "severity": "medium", "grove_code": "SERET_AL_AJOUL_A", "tree_code_optional": "KOG-SERET_AL_AJOUL_A-0318", "related_rule": "Ba'al rainfed discipline", "evidence": { "final_ndvi_mean": 0.2948630154132843, "health_index": 29.0, "confidence_score": 0.85, "shadow_fraction": 0.0, "crown_area_m2": 18.75, "review_status": "unreviewed" }, "recommended_task": "Field inspection: check irrigation, pruning, stress.", "confidence_score": 0.85, "status": "open", "alert_id": "ALERT-V1-01008" }, "geometry": { "type": "Point", "coordinates": [ 35.404362150605635, 32.919392437681864 ] } },
{ "type": "Feature", "properties": { "alert_type": "low_vigor_tree", "severity": "medium", "grove_code": "SERET_AL_AJOUL_A", "tree_code_optional": "KOG-SERET_AL_AJOUL_A-0319", "related_rule": "Ba'al rainfed discipline", "evidence": { "final_ndvi_mean": 0.2871614694595337, "health_index": 27.4, "confidence_score": 0.85, "shadow_fraction": 0.0, "crown_area_m2": 19.0, "review_status": "unreviewed" }, "recommended_task": "Field inspection: check irrigation, pruning, stress.", "confidence_score": 0.85, "status": "open", "alert_id": "ALERT-V1-01009" }, "geometry": { "type": "Point", "coordinates": [ 35.405952260706236, 32.918241460050353 ] } },
{ "type": "Feature", "properties": { "alert_type": "low_vigor_tree", "severity": "medium", "grove_code": "SERET_AL_AJOUL_A", "tree_code_optional": "KOG-SERET_AL_AJOUL_A-0320", "related_rule": "Ba'al rainfed discipline", "evidence": { "final_ndvi_mean": 0.3183962106704712, "health_index": 33.7, "confidence_score": 0.85, "shadow_fraction": 0.0, "crown_area_m2": 27.0, "review_status": "unreviewed" }, "recommended_task": "Field inspection: check irrigation, pruning, stress.", "confidence_score": 0.85, "status": "open", "alert_id": "ALERT-V1-01010" }, "geometry": { "type": "Point", "coordinates": [ 35.40329141511593, 32.919967311052233 ] } },
{ "type": "Feature", "properties": { "alert_type": "low_vigor_tree", "severity": "medium", "grove_code": "SERET_AL_AJOUL_A", "tree_code_optional": "KOG-SERET_AL_AJOUL_A-0321", "related_rule": "Ba'al rainfed discipline", "evidence": { "final_ndvi_mean": 0.28552961349487305, "health_index": 31.1, "confidence_score": 0.85, "shadow_fraction": 0.0, "crown_area_m2": 21.25, "review_status": "unreviewed" }, "recommended_task": "Field inspection: check irrigation, pruning, stress.", "confidence_score": 0.85, "status": "open", "alert_id": "ALERT-V1-01011" }, "geometry": { "type": "Point", "coordinates": [ 35.404000648199016, 32.919851330758434 ] } },
{ "type": "Feature", "properties": { "alert_type": "low_vigor_tree", "severity": "medium", "grove_code": "SERET_AL_AJOUL_A", "tree_code_optional": "KOG-SERET_AL_AJOUL_A-0322", "related_rule": "Ba'al rainfed discipline", "evidence": { "final_ndvi_mean": 0.290549635887146, "health_index": 32.1, "confidence_score": 0.85, "shadow_fraction": 0.0, "crown_area_m2": 18.5, "review_status": "unreviewed" }, "recommended_task": "Field inspection: check irrigation, pruning, stress.", "confidence_score": 0.85, "status": "open", "alert_id": "ALERT-V1-01012" }, "geometry": { "type": "Point", "coordinates": [ 35.404000418055439, 32.91975969643066 ] } },
{ "type": "Feature", "properties": { "alert_type": "low_vigor_tree", "severity": "medium", "grove_code": "SERET_AL_AJOUL_A", "tree_code_optional": "KOG-SERET_AL_AJOUL_A-0323", "related_rule": "Ba'al rainfed discipline", "evidence": { "final_ndvi_mean": 0.28589320182800293, "health_index": 31.2, "confidence_score": 0.85, "shadow_fraction": 0.0, "crown_area_m2": 19.0, "review_status": "unreviewed" }, "recommended_task": "Field inspection: check irrigation, pruning, stress.", "confidence_score": 0.85, "status": "open", "alert_id": "ALERT-V1-01013" }, "geometry": { "type": "Point", "coordinates": [ 35.40334843535301, 32.919763581466448 ] } },
{ "type": "Feature", "properties": { "alert_type": "low_vigor_tree", "severity": "medium", "grove_code": "SERET_AL_AJOUL_A", "tree_code_optional": "KOG-SERET_AL_AJOUL_A-0324", "related_rule": "Ba'al rainfed discipline", "evidence": { "final_ndvi_mean": 0.2803024649620056, "health_index": 26.1, "confidence_score": 0.85, "shadow_fraction": 0.0, "crown_area_m2": 20.25, "review_status": "unreviewed" }, "recommended_task": "Field inspection: check irrigation, pruning, stress.", "confidence_score": 0.85, "status": "open", "alert_id": "ALERT-V1-01014" }, "geometry": { "type": "Point", "coordinates": [ 35.403832364652629, 32.919429326161286 ] } },
{ "type": "Feature", "properties": { "alert_type": "low_vigor_tree", "severity": "medium", "grove_code": "SERET_AL_AJOUL_A", "tree_code_optional": "KOG-SERET_AL_AJOUL_A-0325", "related_rule": "Ba'al rainfed discipline", "evidence": { "final_ndvi_mean": 0.28249627351760864, "health_index": 30.5, "confidence_score": 0.85, "shadow_fraction": 0.0, "crown_area_m2": 14.25, "review_status": "unreviewed" }, "recommended_task": "Field inspection: check irrigation, pruning, stress.", "confidence_score": 0.85, "status": "open", "alert_id": "ALERT-V1-01015" }, "geometry": { "type": "Point", "coordinates": [ 35.40490405682597, 32.919267814042875 ] } },
{ "type": "Feature", "properties": { "alert_type": "low_vigor_tree", "severity": "medium", "grove_code": "SERET_AL_AJOUL_A", "tree_code_optional": "KOG-SERET_AL_AJOUL_A-0326", "related_rule": "Ba'al rainfed discipline", "evidence": { "final_ndvi_mean": 0.279395192861557, "health_index": 25.9, "confidence_score": 0.85, "shadow_fraction": 0.0, "crown_area_m2": 16.75, "review_status": "unreviewed" }, "recommended_task": "Field inspection: check irrigation, pruning, stress.", "confidence_score": 0.85, "status": "open", "alert_id": "ALERT-V1-01016" }, "geometry": { "type": "Point", "coordinates": [ 35.405979773581848, 32.919059525920112 ] } },
{ "type": "Feature", "properties": { "alert_type": "low_vigor_tree", "severity": "medium", "grove_code": "SERET_AL_AJOUL_A", "tree_code_optional": "KOG-SERET_AL_AJOUL_A-0327", "related_rule": "Ba'al rainfed discipline", "evidence": { "final_ndvi_mean": 0.29087647795677185, "health_index": 32.2, "confidence_score": 0.85, "shadow_fraction": 0.0, "crown_area_m2": 17.75, "review_status": "unreviewed" }, "recommended_task": "Field inspection: check irrigation, pruning, stress.", "confidence_score": 0.85, "status": "open", "alert_id": "ALERT-V1-01017" }, "geometry": { "type": "Point", "coordinates": [ 35.405845052106869, 32.918338230547178 ] } },
{ "type": "Feature", "properties": { "alert_type": "low_vigor_tree", "severity": "medium", "grove_code": "SERET_AL_AJOUL_A", "tree_code_optional": "KOG-SERET_AL_AJOUL_A-0328", "related_rule": "Ba'al rainfed discipline", "evidence": { "final_ndvi_mean": 0.2877873182296753, "health_index": 31.6, "confidence_score": 0.85, "shadow_fraction": 0.0, "crown_area_m2": 20.5, "review_status": "unreviewed" }, "recommended_task": "Field inspection: check irrigation, pruning, stress.", "confidence_score": 0.85, "status": "open", "alert_id": "ALERT-V1-01018" }, "geometry": { "type": "Point", "coordinates": [ 35.405713584936876, 32.918295020238503 ] } },
{ "type": "Feature", "properties": { "alert_type": "low_vigor_tree", "severity": "medium", "grove_code": "SERET_AL_AJOUL_A", "tree_code_optional": "KOG-SERET_AL_AJOUL_A-0329", "related_rule": "Ba'al rainfed discipline", "evidence": { "final_ndvi_mean": 0.28335708379745483, "health_index": 30.7, "confidence_score": 0.85, "shadow_fraction": 0.0, "crown_area_m2": 19.0, "review_status": "unreviewed" }, "recommended_task": "Field inspection: check irrigation, pruning, stress.", "confidence_score": 0.85, "status": "open", "alert_id": "ALERT-V1-01019" }, "geometry": { "type": "Point", "coordinates": [ 35.405880659666742, 32.918259686929417 ] } },
{ "type": "Feature", "properties": { "alert_type": "low_vigor_tree", "severity": "medium", "grove_code": "SERET_AL_AJOUL_A", "tree_code_optional": "KOG-SERET_AL_AJOUL_A-0330", "related_rule": "Ba'al rainfed discipline", "evidence": { "final_ndvi_mean": 0.28440994024276733, "health_index": 26.9, "confidence_score": 0.85, "shadow_fraction": 0.0, "crown_area_m2": 22.5, "review_status": "unreviewed" }, "recommended_task": "Field inspection: check irrigation, pruning, stress.", "confidence_score": 0.85, "status": "open", "alert_id": "ALERT-V1-01020" }, "geometry": { "type": "Point", "coordinates": [ 35.404064101256857, 32.919806022550752 ] } },
{ "type": "Feature", "properties": { "alert_type": "low_vigor_tree", "severity": "medium", "grove_code": "SERET_AL_AJOUL_A", "tree_code_optional": "KOG-SERET_AL_AJOUL_A-0331", "related_rule": "Ba'al rainfed discipline", "evidence": { "final_ndvi_mean": 0.27437230944633484, "health_index": 24.9, "confidence_score": 0.85, "shadow_fraction": 0.0, "crown_area_m2": 17.0, "review_status": "unreviewed" }, "recommended_task": "Field inspection: check irrigation, pruning, stress.", "confidence_score": 0.85, "status": "open", "alert_id": "ALERT-V1-01021" }, "geometry": { "type": "Point", "coordinates": [ 35.403924329831909, 32.919752469528085 ] } },
{ "type": "Feature", "properties": { "alert_type": "low_vigor_tree", "severity": "medium", "grove_code": "SERET_AL_AJOUL_A", "tree_code_optional": "KOG-SERET_AL_AJOUL_A-0332", "related_rule": "Ba'al rainfed discipline", "evidence": { "final_ndvi_mean": 0.27748605608940125, "health_index": 29.5, "confidence_score": 0.85, "shadow_fraction": 0.0, "crown_area_m2": 15.0, "review_status": "unreviewed" }, "recommended_task": "Field inspection: check irrigation, pruning, stress.", "confidence_score": 0.85, "status": "open", "alert_id": "ALERT-V1-01022" }, "geometry": { "type": "Point", "coordinates": [ 35.403228816413318, 32.919622663068793 ] } },
{ "type": "Feature", "properties": { "alert_type": "low_vigor_tree", "severity": "medium", "grove_code": "SERET_AL_AJOUL_A", "tree_code_optional": "KOG-SERET_AL_AJOUL_A-0333", "related_rule": "Ba'al rainfed discipline", "evidence": { "final_ndvi_mean": 0.3071688711643219, "health_index": 35.4, "confidence_score": 0.85, "shadow_fraction": 0.0, "crown_area_m2": 10.0, "review_status": "unreviewed" }, "recommended_task": "Field inspection: check irrigation, pruning, stress.", "confidence_score": 0.85, "status": "open", "alert_id": "ALERT-V1-01023" }, "geometry": { "type": "Point", "coordinates": [ 35.403908895402907, 32.919524816486131 ] } },
{ "type": "Feature", "properties": { "alert_type": "low_vigor_tree", "severity": "medium", "grove_code": "SERET_AL_AJOUL_A", "tree_code_optional": "KOG-SERET_AL_AJOUL_A-0334", "related_rule": "Ba'al rainfed discipline", "evidence": { "final_ndvi_mean": 0.2788361608982086, "health_index": 25.8, "confidence_score": 0.85, "shadow_fraction": 0.0, "crown_area_m2": 21.0, "review_status": "unreviewed" }, "recommended_task": "Field inspection: check irrigation, pruning, stress.", "confidence_score": 0.85, "status": "open", "alert_id": "ALERT-V1-01024" }, "geometry": { "type": "Point", "coordinates": [ 35.404398327645708, 32.919503267235392 ] } },
{ "type": "Feature", "properties": { "alert_type": "low_vigor_tree", "severity": "medium", "grove_code": "SERET_AL_AJOUL_A", "tree_code_optional": "KOG-SERET_AL_AJOUL_A-0335", "related_rule": "Ba'al rainfed discipline", "evidence": { "final_ndvi_mean": 0.2980574369430542, "health_index": 33.6, "confidence_score": 0.85, "shadow_fraction": 0.0, "crown_area_m2": 10.75, "review_status": "unreviewed" }, "recommended_task": "Field inspection: check irrigation, pruning, stress.", "confidence_score": 0.85, "status": "open", "alert_id": "ALERT-V1-01025" }, "geometry": { "type": "Point", "coordinates": [ 35.403909189460443, 32.919501219261527 ] } },
{ "type": "Feature", "properties": { "alert_type": "low_vigor_tree", "severity": "medium", "grove_code": "SERET_AL_AJOUL_A", "tree_code_optional": "KOG-SERET_AL_AJOUL_A-0336", "related_rule": "Ba'al rainfed discipline", "evidence": { "final_ndvi_mean": 0.28509026765823364, "health_index": 27.0, "confidence_score": 0.85, "shadow_fraction": 0.0, "crown_area_m2": 18.5, "review_status": "unreviewed" }, "recommended_task": "Field inspection: check irrigation, pruning, stress.", "confidence_score": 0.85, "status": "open", "alert_id": "ALERT-V1-01026" }, "geometry": { "type": "Point", "coordinates": [ 35.403281671923665, 32.919309199491074 ] } },
{ "type": "Feature", "properties": { "alert_type": "low_vigor_tree", "severity": "medium", "grove_code": "SERET_AL_AJOUL_A", "tree_code_optional": "KOG-SERET_AL_AJOUL_A-0337", "related_rule": "Ba'al rainfed discipline", "evidence": { "final_ndvi_mean": 0.2915481626987457, "health_index": 32.3, "confidence_score": 0.85, "shadow_fraction": 0.0, "crown_area_m2": 19.25, "review_status": "unreviewed" }, "recommended_task": "Field inspection: check irrigation, pruning, stress.", "confidence_score": 0.85, "status": "open", "alert_id": "ALERT-V1-01027" }, "geometry": { "type": "Point", "coordinates": [ 35.406277892164496, 32.919140945521889 ] } },
{ "type": "Feature", "properties": { "alert_type": "low_vigor_tree", "severity": "medium", "grove_code": "SERET_AL_AJOUL_A", "tree_code_optional": "KOG-SERET_AL_AJOUL_A-0338", "related_rule": "Ba'al rainfed discipline", "evidence": { "final_ndvi_mean": 0.2869432270526886, "health_index": 27.4, "confidence_score": 0.85, "shadow_fraction": 0.0, "crown_area_m2": 13.0, "review_status": "unreviewed" }, "recommended_task": "Field inspection: check irrigation, pruning, stress.", "confidence_score": 0.85, "status": "open", "alert_id": "ALERT-V1-01028" }, "geometry": { "type": "Point", "coordinates": [ 35.406341223502132, 32.918714993190818 ] } },
{ "type": "Feature", "properties": { "alert_type": "low_vigor_tree", "severity": "medium", "grove_code": "SERET_AL_AJOUL_A", "tree_code_optional": "KOG-SERET_AL_AJOUL_A-0339", "related_rule": "Ba'al rainfed discipline", "evidence": { "final_ndvi_mean": 0.3116793930530548, "health_index": 36.3, "confidence_score": 0.85, "shadow_fraction": 0.0, "crown_area_m2": 12.5, "review_status": "unreviewed" }, "recommended_task": "Field inspection: check irrigation, pruning, stress.", "confidence_score": 0.85, "status": "open", "alert_id": "ALERT-V1-01029" }, "geometry": { "type": "Point", "coordinates": [ 35.406375801333354, 32.918703915735072 ] } },
{ "type": "Feature", "properties": { "alert_type": "low_vigor_tree", "severity": "medium", "grove_code": "SERET_AL_AJOUL_A", "tree_code_optional": "KOG-SERET_AL_AJOUL_A-0340", "related_rule": "Ba'al rainfed discipline", "evidence": { "final_ndvi_mean": 0.32128289341926575, "health_index": 34.3, "confidence_score": 0.85, "shadow_fraction": 0.0, "crown_area_m2": 19.75, "review_status": "unreviewed" }, "recommended_task": "Field inspection: check irrigation, pruning, stress.", "confidence_score": 0.85, "status": "open", "alert_id": "ALERT-V1-01030" }, "geometry": { "type": "Point", "coordinates": [ 35.406514667324927, 32.918664695960778 ] } },
{ "type": "Feature", "properties": { "alert_type": "low_vigor_tree", "severity": "medium", "grove_code": "SERET_AL_AJOUL_A", "tree_code_optional": "KOG-SERET_AL_AJOUL_A-0341", "related_rule": "Ba'al rainfed discipline", "evidence": { "final_ndvi_mean": 0.286907434463501, "health_index": 27.4, "confidence_score": 0.85, "shadow_fraction": 0.0, "crown_area_m2": 15.25, "review_status": "unreviewed" }, "recommended_task": "Field inspection: check irrigation, pruning, stress.", "confidence_score": 0.85, "status": "open", "alert_id": "ALERT-V1-01031" }, "geometry": { "type": "Point", "coordinates": [ 35.405496419596929, 32.918421061489319 ] } },
{ "type": "Feature", "properties": { "alert_type": "low_vigor_tree", "severity": "medium", "grove_code": "SERET_AL_AJOUL_A", "tree_code_optional": "KOG-SERET_AL_AJOUL_A-0342", "related_rule": "Ba'al rainfed discipline", "evidence": { "final_ndvi_mean": 0.2743593752384186, "health_index": 28.9, "confidence_score": 0.85, "shadow_fraction": 0.0, "crown_area_m2": 12.5, "review_status": "unreviewed" }, "recommended_task": "Field inspection: check irrigation, pruning, stress.", "confidence_score": 0.85, "status": "open", "alert_id": "ALERT-V1-01032" }, "geometry": { "type": "Point", "coordinates": [ 35.403800665067962, 32.919891104644577 ] } },
{ "type": "Feature", "properties": { "alert_type": "low_vigor_tree", "severity": "medium", "grove_code": "SERET_AL_AJOUL_A", "tree_code_optional": "KOG-SERET_AL_AJOUL_A-0343", "related_rule": "Ba'al rainfed discipline", "evidence": { "final_ndvi_mean": 0.29014524817466736, "health_index": 32.0, "confidence_score": 0.85, "shadow_fraction": 0.0, "crown_area_m2": 14.0, "review_status": "unreviewed" }, "recommended_task": "Field inspection: check irrigation, pruning, stress.", "confidence_score": 0.85, "status": "open", "alert_id": "ALERT-V1-01033" }, "geometry": { "type": "Point", "coordinates": [ 35.403302030827341, 32.919816268141993 ] } },
{ "type": "Feature", "properties": { "alert_type": "low_vigor_tree", "severity": "medium", "grove_code": "SERET_AL_AJOUL_A", "tree_code_optional": "KOG-SERET_AL_AJOUL_A-0344", "related_rule": "Ba'al rainfed discipline", "evidence": { "final_ndvi_mean": 0.2883274257183075, "health_index": 31.7, "confidence_score": 0.85, "shadow_fraction": 0.0, "crown_area_m2": 15.0, "review_status": "unreviewed" }, "recommended_task": "Field inspection: check irrigation, pruning, stress.", "confidence_score": 0.85, "status": "open", "alert_id": "ALERT-V1-01034" }, "geometry": { "type": "Point", "coordinates": [ 35.403819542009032, 32.919581090043366 ] } },
{ "type": "Feature", "properties": { "alert_type": "low_vigor_tree", "severity": "medium", "grove_code": "SERET_AL_AJOUL_A", "tree_code_optional": "KOG-SERET_AL_AJOUL_A-0345", "related_rule": "Ba'al rainfed discipline", "evidence": { "final_ndvi_mean": 0.2630878984928131, "health_index": 22.6, "confidence_score": 0.85, "shadow_fraction": 0.0, "crown_area_m2": 20.5, "review_status": "unreviewed" }, "recommended_task": "Field inspection: check irrigation, pruning, stress.", "confidence_score": 0.85, "status": "open", "alert_id": "ALERT-V1-01035" }, "geometry": { "type": "Point", "coordinates": [ 35.4045699420845, 32.919491640738606 ] } },
{ "type": "Feature", "properties": { "alert_type": "low_vigor_tree", "severity": "medium", "grove_code": "SERET_AL_AJOUL_A", "tree_code_optional": "KOG-SERET_AL_AJOUL_A-0346", "related_rule": "Ba'al rainfed discipline", "evidence": { "final_ndvi_mean": 0.2780429720878601, "health_index": 25.6, "confidence_score": 0.85, "shadow_fraction": 0.0, "crown_area_m2": 13.75, "review_status": "unreviewed" }, "recommended_task": "Field inspection: check irrigation, pruning, stress.", "confidence_score": 0.85, "status": "open", "alert_id": "ALERT-V1-01036" }, "geometry": { "type": "Point", "coordinates": [ 35.403628892408243, 32.919239521732351 ] } },
{ "type": "Feature", "properties": { "alert_type": "low_vigor_tree", "severity": "medium", "grove_code": "SERET_AL_AJOUL_A", "tree_code_optional": "KOG-SERET_AL_AJOUL_A-0348", "related_rule": "Ba'al rainfed discipline", "evidence": { "final_ndvi_mean": 0.27437543869018555, "health_index": 24.9, "confidence_score": 0.85, "shadow_fraction": 0.0, "crown_area_m2": 16.25, "review_status": "unreviewed" }, "recommended_task": "Field inspection: check irrigation, pruning, stress.", "confidence_score": 0.85, "status": "open", "alert_id": "ALERT-V1-01037" }, "geometry": { "type": "Point", "coordinates": [ 35.40583819971188, 32.919032237832575 ] } },
{ "type": "Feature", "properties": { "alert_type": "low_vigor_tree", "severity": "medium", "grove_code": "SERET_AL_AJOUL_A", "tree_code_optional": "KOG-SERET_AL_AJOUL_A-0349", "related_rule": "Ba'al rainfed discipline", "evidence": { "final_ndvi_mean": 0.2715078592300415, "health_index": 28.3, "confidence_score": 0.85, "shadow_fraction": 0.0, "crown_area_m2": 12.5, "review_status": "unreviewed" }, "recommended_task": "Field inspection: check irrigation, pruning, stress.", "confidence_score": 0.85, "status": "open", "alert_id": "ALERT-V1-01038" }, "geometry": { "type": "Point", "coordinates": [ 35.406331040528947, 32.919017134255824 ] } },
{ "type": "Feature", "properties": { "alert_type": "low_vigor_tree", "severity": "medium", "grove_code": "SERET_AL_AJOUL_A", "tree_code_optional": "KOG-SERET_AL_AJOUL_A-0350", "related_rule": "Ba'al rainfed discipline", "evidence": { "final_ndvi_mean": 0.30234888195991516, "health_index": 30.5, "confidence_score": 0.85, "shadow_fraction": 0.0, "crown_area_m2": 14.25, "review_status": "unreviewed" }, "recommended_task": "Field inspection: check irrigation, pruning, stress.", "confidence_score": 0.85, "status": "open", "alert_id": "ALERT-V1-01039" }, "geometry": { "type": "Point", "coordinates": [ 35.406668995680064, 32.91862192049048 ] } },
{ "type": "Feature", "properties": { "alert_type": "low_vigor_tree", "severity": "medium", "grove_code": "SERET_AL_AJOUL_A", "tree_code_optional": "KOG-SERET_AL_AJOUL_A-0351", "related_rule": "Ba'al rainfed discipline", "evidence": { "final_ndvi_mean": 0.28471919894218445, "health_index": 30.9, "confidence_score": 0.85, "shadow_fraction": 0.0, "crown_area_m2": 8.5, "review_status": "unreviewed" }, "recommended_task": "Field inspection: check irrigation, pruning, stress.", "confidence_score": 0.85, "status": "open", "alert_id": "ALERT-V1-01040" }, "geometry": { "type": "Point", "coordinates": [ 35.405911529805508, 32.918180094063999 ] } },
{ "type": "Feature", "properties": { "alert_type": "low_vigor_tree", "severity": "medium", "grove_code": "SERET_AL_AJOUL_A", "tree_code_optional": "KOG-SERET_AL_AJOUL_A-0352", "related_rule": "Ba'al rainfed discipline", "evidence": { "final_ndvi_mean": 0.27245229482650757, "health_index": 28.5, "confidence_score": 0.85, "shadow_fraction": 0.0, "crown_area_m2": 10.5, "review_status": "unreviewed" }, "recommended_task": "Field inspection: check irrigation, pruning, stress.", "confidence_score": 0.85, "status": "open", "alert_id": "ALERT-V1-01041" }, "geometry": { "type": "Point", "coordinates": [ 35.404090819487692, 32.919916999866757 ] } },
{ "type": "Feature", "properties": { "alert_type": "low_vigor_tree", "severity": "medium", "grove_code": "SERET_AL_AJOUL_A", "tree_code_optional": "KOG-SERET_AL_AJOUL_A-0353", "related_rule": "Ba'al rainfed discipline", "evidence": { "final_ndvi_mean": 0.28990450501441956, "health_index": 28.0, "confidence_score": 0.85, "shadow_fraction": 0.0, "crown_area_m2": 12.0, "review_status": "unreviewed" }, "recommended_task": "Field inspection: check irrigation, pruning, stress.", "confidence_score": 0.85, "status": "open", "alert_id": "ALERT-V1-01042" }, "geometry": { "type": "Point", "coordinates": [ 35.403810769254804, 32.919186774191559 ] } },
{ "type": "Feature", "properties": { "alert_type": "low_vigor_tree", "severity": "medium", "grove_code": "SERET_AL_AJOUL_A", "tree_code_optional": "KOG-SERET_AL_AJOUL_A-0354", "related_rule": "Ba'al rainfed discipline", "evidence": { "final_ndvi_mean": 0.26493677496910095, "health_index": 23.0, "confidence_score": 0.85, "shadow_fraction": 0.0, "crown_area_m2": 13.5, "review_status": "unreviewed" }, "recommended_task": "Field inspection: check irrigation, pruning, stress.", "confidence_score": 0.85, "status": "open", "alert_id": "ALERT-V1-01043" }, "geometry": { "type": "Point", "coordinates": [ 35.405229434216288, 32.918960536550308 ] } },
{ "type": "Feature", "properties": { "alert_type": "low_vigor_tree", "severity": "medium", "grove_code": "SERET_AL_AJOUL_A", "tree_code_optional": "KOG-SERET_AL_AJOUL_A-0355", "related_rule": "Ba'al rainfed discipline", "evidence": { "final_ndvi_mean": 0.3306739628314972, "health_index": 36.1, "confidence_score": 0.85, "shadow_fraction": 0.0, "crown_area_m2": 16.25, "review_status": "unreviewed" }, "recommended_task": "Field inspection: check irrigation, pruning, stress.", "confidence_score": 0.85, "status": "open", "alert_id": "ALERT-V1-01044" }, "geometry": { "type": "Point", "coordinates": [ 35.4066024721823, 32.918638100498981 ] } },
{ "type": "Feature", "properties": { "alert_type": "low_vigor_tree", "severity": "medium", "grove_code": "SERET_AL_AJOUL_A", "tree_code_optional": "KOG-SERET_AL_AJOUL_A-0356", "related_rule": "Ba'al rainfed discipline", "evidence": { "final_ndvi_mean": 0.27228981256484985, "health_index": 28.5, "confidence_score": 0.85, "shadow_fraction": 0.0, "crown_area_m2": 10.0, "review_status": "unreviewed" }, "recommended_task": "Field inspection: check irrigation, pruning, stress.", "confidence_score": 0.85, "status": "open", "alert_id": "ALERT-V1-01045" }, "geometry": { "type": "Point", "coordinates": [ 35.405802094076975, 32.918282544630387 ] } },
{ "type": "Feature", "properties": { "alert_type": "low_vigor_tree", "severity": "medium", "grove_code": "SERET_AL_AJOUL_A", "tree_code_optional": "KOG-SERET_AL_AJOUL_A-0357", "related_rule": "Ba'al rainfed discipline", "evidence": { "final_ndvi_mean": 0.2648204565048218, "health_index": 27.0, "confidence_score": 0.85, "shadow_fraction": 0.0, "crown_area_m2": 9.75, "review_status": "unreviewed" }, "recommended_task": "Field inspection: check irrigation, pruning, stress.", "confidence_score": 0.85, "status": "open", "alert_id": "ALERT-V1-01046" }, "geometry": { "type": "Point", "coordinates": [ 35.403913927010791, 32.919824831273829 ] } },
{ "type": "Feature", "properties": { "alert_type": "low_vigor_tree", "severity": "medium", "grove_code": "SERET_AL_AJOUL_A", "tree_code_optional": "KOG-SERET_AL_AJOUL_A-0358", "related_rule": "Ba'al rainfed discipline", "evidence": { "final_ndvi_mean": 0.26537641882896423, "health_index": 23.1, "confidence_score": 0.85, "shadow_fraction": 0.0, "crown_area_m2": 9.75, "review_status": "unreviewed" }, "recommended_task": "Field inspection: check irrigation, pruning, stress.", "confidence_score": 0.85, "status": "open", "alert_id": "ALERT-V1-01047" }, "geometry": { "type": "Point", "coordinates": [ 35.404975550047176, 32.919547523050952 ] } },
{ "type": "Feature", "properties": { "alert_type": "low_vigor_tree", "severity": "medium", "grove_code": "SERET_AL_AJOUL_A", "tree_code_optional": "KOG-SERET_AL_AJOUL_A-0359", "related_rule": "Ba'al rainfed discipline", "evidence": { "final_ndvi_mean": 0.2687123417854309, "health_index": 27.7, "confidence_score": 0.85, "shadow_fraction": 0.0, "crown_area_m2": 10.0, "review_status": "unreviewed" }, "recommended_task": "Field inspection: check irrigation, pruning, stress.", "confidence_score": 0.85, "status": "open", "alert_id": "ALERT-V1-01048" }, "geometry": { "type": "Point", "coordinates": [ 35.403540061106639, 32.919327673218149 ] } },
{ "type": "Feature", "properties": { "alert_type": "low_vigor_tree", "severity": "medium", "grove_code": "SERET_AL_AJOUL_A", "tree_code_optional": "KOG-SERET_AL_AJOUL_A-0360", "related_rule": "Ba'al rainfed discipline", "evidence": { "final_ndvi_mean": 0.2987980544567108, "health_index": 29.8, "confidence_score": 0.85, "shadow_fraction": 0.0, "crown_area_m2": 12.75, "review_status": "unreviewed" }, "recommended_task": "Field inspection: check irrigation, pruning, stress.", "confidence_score": 0.85, "status": "open", "alert_id": "ALERT-V1-01049" }, "geometry": { "type": "Point", "coordinates": [ 35.404084108246877, 32.919265691666432 ] } },
{ "type": "Feature", "properties": { "alert_type": "low_vigor_tree", "severity": "medium", "grove_code": "SERET_AL_AJOUL_A", "tree_code_optional": "KOG-SERET_AL_AJOUL_A-0361", "related_rule": "Ba'al rainfed discipline", "evidence": { "final_ndvi_mean": 0.2637205421924591, "health_index": 22.7, "confidence_score": 0.85, "shadow_fraction": 0.0, "crown_area_m2": 10.75, "review_status": "unreviewed" }, "recommended_task": "Field inspection: check irrigation, pruning, stress.", "confidence_score": 0.85, "status": "open", "alert_id": "ALERT-V1-01050" }, "geometry": { "type": "Point", "coordinates": [ 35.403555869814419, 32.919165258277879 ] } },
{ "type": "Feature", "properties": { "alert_type": "low_vigor_tree", "severity": "medium", "grove_code": "SERET_AL_AJOUL_A", "tree_code_optional": "KOG-SERET_AL_AJOUL_A-0364", "related_rule": "Ba'al rainfed discipline", "evidence": { "final_ndvi_mean": 0.26971858739852905, "health_index": 23.9, "confidence_score": 0.85, "shadow_fraction": 0.0, "crown_area_m2": 10.25, "review_status": "unreviewed" }, "recommended_task": "Field inspection: check irrigation, pruning, stress.", "confidence_score": 0.85, "status": "open", "alert_id": "ALERT-V1-01051" }, "geometry": { "type": "Point", "coordinates": [ 35.403725612814497, 32.919644137520457 ] } },
{ "type": "Feature", "properties": { "alert_type": "low_vigor_tree", "severity": "medium", "grove_code": "SERET_AL_AJOUL_A", "tree_code_optional": "KOG-SERET_AL_AJOUL_A-0365", "related_rule": "Ba'al rainfed discipline", "evidence": { "final_ndvi_mean": 0.2684068977832794, "health_index": 27.7, "confidence_score": 0.85, "shadow_fraction": 0.0, "crown_area_m2": 7.0, "review_status": "unreviewed" }, "recommended_task": "Field inspection: check irrigation, pruning, stress.", "confidence_score": 0.85, "status": "open", "alert_id": "ALERT-V1-01052" }, "geometry": { "type": "Point", "coordinates": [ 35.40372432870867, 32.919484247930868 ] } },
{ "type": "Feature", "properties": { "alert_type": "low_vigor_tree", "severity": "medium", "grove_code": "SERET_AL_AJOUL_A", "tree_code_optional": "KOG-SERET_AL_AJOUL_A-0366", "related_rule": "Ba'al rainfed discipline", "evidence": { "final_ndvi_mean": 0.26607850193977356, "health_index": 27.2, "confidence_score": 0.85, "shadow_fraction": 0.0, "crown_area_m2": 7.75, "review_status": "unreviewed" }, "recommended_task": "Field inspection: check irrigation, pruning, stress.", "confidence_score": 0.85, "status": "open", "alert_id": "ALERT-V1-01053" }, "geometry": { "type": "Point", "coordinates": [ 35.403905780198286, 32.919438340197438 ] } },
{ "type": "Feature", "properties": { "alert_type": "low_vigor_tree", "severity": "medium", "grove_code": "SERET_AL_AJOUL_A", "tree_code_optional": "KOG-SERET_AL_AJOUL_A-0367", "related_rule": "Ba'al rainfed discipline", "evidence": { "final_ndvi_mean": 0.2608516216278076, "health_index": 22.2, "confidence_score": 0.85, "shadow_fraction": 0.0, "crown_area_m2": 6.25, "review_status": "unreviewed" }, "recommended_task": "Field inspection: check irrigation, pruning, stress.", "confidence_score": 0.85, "status": "open", "alert_id": "ALERT-V1-01054" }, "geometry": { "type": "Point", "coordinates": [ 35.403441710057102, 32.919410990938964 ] } },
{ "type": "Feature", "properties": { "alert_type": "low_vigor_tree", "severity": "medium", "grove_code": "SERET_AL_AJOUL_A", "tree_code_optional": "KOG-SERET_AL_AJOUL_A-0369", "related_rule": "Ba'al rainfed discipline", "evidence": { "final_ndvi_mean": 0.2659277319908142, "health_index": 23.2, "confidence_score": 0.85, "shadow_fraction": 0.0, "crown_area_m2": 7.75, "review_status": "unreviewed" }, "recommended_task": "Field inspection: check irrigation, pruning, stress.", "confidence_score": 0.85, "status": "open", "alert_id": "ALERT-V1-01055" }, "geometry": { "type": "Point", "coordinates": [ 35.406221111136041, 32.918832953078436 ] } },
{ "type": "Feature", "properties": { "alert_type": "low_vigor_tree", "severity": "medium", "grove_code": "SERET_AL_AJOUL_A", "tree_code_optional": "KOG-SERET_AL_AJOUL_A-0370", "related_rule": "Ba'al rainfed discipline", "evidence": { "final_ndvi_mean": 0.27247563004493713, "health_index": 28.5, "confidence_score": 0.85, "shadow_fraction": 0.0, "crown_area_m2": 7.25, "review_status": "unreviewed" }, "recommended_task": "Field inspection: check irrigation, pruning, stress.", "confidence_score": 0.85, "status": "open", "alert_id": "ALERT-V1-01056" }, "geometry": { "type": "Point", "coordinates": [ 35.406489916532706, 32.918820598669704 ] } },
{ "type": "Feature", "properties": { "alert_type": "low_vigor_tree", "severity": "medium", "grove_code": "SERET_AL_AJOUL_A", "tree_code_optional": "KOG-SERET_AL_AJOUL_A-0371", "related_rule": "Ba'al rainfed discipline", "evidence": { "final_ndvi_mean": 0.2690369784832001, "health_index": 27.8, "confidence_score": 0.85, "shadow_fraction": 0.0, "crown_area_m2": 8.75, "review_status": "unreviewed" }, "recommended_task": "Field inspection: check irrigation, pruning, stress.", "confidence_score": 0.85, "status": "open", "alert_id": "ALERT-V1-01057" }, "geometry": { "type": "Point", "coordinates": [ 35.406071069755264, 32.918521570095209 ] } },
{ "type": "Feature", "properties": { "alert_type": "low_vigor_tree", "severity": "medium", "grove_code": "SERET_AL_AJOUL_A", "tree_code_optional": "KOG-SERET_AL_AJOUL_A-0372", "related_rule": "Ba'al rainfed discipline", "evidence": { "final_ndvi_mean": 0.260593056678772, "health_index": 22.1, "confidence_score": 0.85, "shadow_fraction": 0.0, "crown_area_m2": 8.25, "review_status": "unreviewed" }, "recommended_task": "Field inspection: check irrigation, pruning, stress.", "confidence_score": 0.85, "status": "open", "alert_id": "ALERT-V1-01058" }, "geometry": { "type": "Point", "coordinates": [ 35.406164138450961, 32.918512185167621 ] } },
{ "type": "Feature", "properties": { "alert_type": "low_vigor_tree", "severity": "medium", "grove_code": "SERET_AL_AJOUL_A", "tree_code_optional": "KOG-SERET_AL_AJOUL_A-0373", "related_rule": "Ba'al rainfed discipline", "evidence": { "final_ndvi_mean": 0.2648441791534424, "health_index": 23.0, "confidence_score": 0.85, "shadow_fraction": 0.0, "crown_area_m2": 5.25, "review_status": "unreviewed" }, "recommended_task": "Field inspection: check irrigation, pruning, stress.", "confidence_score": 0.85, "status": "open", "alert_id": "ALERT-V1-01059" }, "geometry": { "type": "Point", "coordinates": [ 35.403964294222284, 32.919676613817032 ] } },
{ "type": "Feature", "properties": { "alert_type": "low_vigor_tree", "severity": "medium", "grove_code": "SERET_AL_AJOUL_A", "tree_code_optional": "KOG-SERET_AL_AJOUL_A-0374", "related_rule": "Ba'al rainfed discipline", "evidence": { "final_ndvi_mean": 0.2603858709335327, "health_index": 22.1, "confidence_score": 0.85, "shadow_fraction": 0.0, "crown_area_m2": 5.25, "review_status": "unreviewed" }, "recommended_task": "Field inspection: check irrigation, pruning, stress.", "confidence_score": 0.85, "status": "open", "alert_id": "ALERT-V1-01060" }, "geometry": { "type": "Point", "coordinates": [ 35.403404692328444, 32.919550834562891 ] } },
{ "type": "Feature", "properties": { "alert_type": "low_vigor_tree", "severity": "medium", "grove_code": "SERET_AL_AJOUL_A", "tree_code_optional": "KOG-SERET_AL_AJOUL_A-0375", "related_rule": "Ba'al rainfed discipline", "evidence": { "final_ndvi_mean": 0.2647828161716461, "health_index": 23.0, "confidence_score": 0.85, "shadow_fraction": 0.0, "crown_area_m2": 7.0, "review_status": "unreviewed" }, "recommended_task": "Field inspection: check irrigation, pruning, stress.", "confidence_score": 0.85, "status": "open", "alert_id": "ALERT-V1-01061" }, "geometry": { "type": "Point", "coordinates": [ 35.403455964415258, 32.919232420446995 ] } },
{ "type": "Feature", "properties": { "alert_type": "low_vigor_tree", "severity": "medium", "grove_code": "SERET_AL_AJOUL_A", "tree_code_optional": "KOG-SERET_AL_AJOUL_A-0379", "related_rule": "Ba'al rainfed discipline", "evidence": { "final_ndvi_mean": 0.2749224603176117, "health_index": 29.0, "confidence_score": 0.85, "shadow_fraction": 0.0, "crown_area_m2": 2.75, "review_status": "unreviewed" }, "recommended_task": "Field inspection: check irrigation, pruning, stress.", "confidence_score": 0.85, "status": "open", "alert_id": "ALERT-V1-01062" }, "geometry": { "type": "Point", "coordinates": [ 35.403304862403218, 32.919031473746635 ] } },
{ "type": "Feature", "properties": { "alert_type": "low_vigor_tree", "severity": "medium", "grove_code": "AT3ET_AL_NAKHLE", "tree_code_optional": "KOG-AT3ET_AL_NAKHLE-0001", "related_rule": "Ba'al rainfed discipline", "evidence": { "final_ndvi_mean": 0.35060518980026245, "health_index": 44.1, "confidence_score": 0.85, "shadow_fraction": 0.0, "crown_area_m2": 82.5, "review_status": "unreviewed" }, "recommended_task": "Field inspection: check irrigation, pruning, stress.", "confidence_score": 0.85, "status": "open", "alert_id": "ALERT-V1-01063" }, "geometry": { "type": "Point", "coordinates": [ 35.393538093338584, 32.927377962475333 ] } },
{ "type": "Feature", "properties": { "alert_type": "low_vigor_tree", "severity": "medium", "grove_code": "AT3ET_AL_NAKHLE", "tree_code_optional": "KOG-AT3ET_AL_NAKHLE-0002", "related_rule": "Ba'al rainfed discipline", "evidence": { "final_ndvi_mean": 0.3260516822338104, "health_index": 35.2, "confidence_score": 0.85, "shadow_fraction": 0.0, "crown_area_m2": 43.0, "review_status": "unreviewed" }, "recommended_task": "Field inspection: check irrigation, pruning, stress.", "confidence_score": 0.85, "status": "open", "alert_id": "ALERT-V1-01064" }, "geometry": { "type": "Point", "coordinates": [ 35.39376152146626, 32.927112601059349 ] } },
{ "type": "Feature", "properties": { "alert_type": "low_vigor_tree", "severity": "medium", "grove_code": "AT3ET_AL_NAKHLE", "tree_code_optional": "KOG-AT3ET_AL_NAKHLE-0005", "related_rule": "Ba'al rainfed discipline", "evidence": { "final_ndvi_mean": 0.33816614747047424, "health_index": 41.6, "confidence_score": 0.85, "shadow_fraction": 0.0, "crown_area_m2": 69.5, "review_status": "unreviewed" }, "recommended_task": "Field inspection: check irrigation, pruning, stress.", "confidence_score": 0.85, "status": "open", "alert_id": "ALERT-V1-01065" }, "geometry": { "type": "Point", "coordinates": [ 35.393760654635273, 32.92754549947314 ] } },
{ "type": "Feature", "properties": { "alert_type": "low_vigor_tree", "severity": "medium", "grove_code": "AT3ET_AL_NAKHLE", "tree_code_optional": "KOG-AT3ET_AL_NAKHLE-0006", "related_rule": "Ba'al rainfed discipline", "evidence": { "final_ndvi_mean": 0.3339744508266449, "health_index": 40.8, "confidence_score": 0.85, "shadow_fraction": 0.0, "crown_area_m2": 63.0, "review_status": "unreviewed" }, "recommended_task": "Field inspection: check irrigation, pruning, stress.", "confidence_score": 0.85, "status": "open", "alert_id": "ALERT-V1-01066" }, "geometry": { "type": "Point", "coordinates": [ 35.393784500501624, 32.927323321462325 ] } },
{ "type": "Feature", "properties": { "alert_type": "low_vigor_tree", "severity": "medium", "grove_code": "AT3ET_AL_NAKHLE", "tree_code_optional": "KOG-AT3ET_AL_NAKHLE-0007", "related_rule": "Ba'al rainfed discipline", "evidence": { "final_ndvi_mean": 0.33114778995513916, "health_index": 40.2, "confidence_score": 0.85, "shadow_fraction": 0.0, "crown_area_m2": 56.75, "review_status": "unreviewed" }, "recommended_task": "Field inspection: check irrigation, pruning, stress.", "confidence_score": 0.85, "status": "open", "alert_id": "ALERT-V1-01067" }, "geometry": { "type": "Point", "coordinates": [ 35.394066542381751, 32.927565993202158 ] } },
{ "type": "Feature", "properties": { "alert_type": "low_vigor_tree", "severity": "medium", "grove_code": "AT3ET_AL_NAKHLE", "tree_code_optional": "KOG-AT3ET_AL_NAKHLE-0008", "related_rule": "Ba'al rainfed discipline", "evidence": { "final_ndvi_mean": 0.31377309560775757, "health_index": 32.8, "confidence_score": 0.85, "shadow_fraction": 0.0, "crown_area_m2": 66.75, "review_status": "unreviewed" }, "recommended_task": "Field inspection: check irrigation, pruning, stress.", "confidence_score": 0.85, "status": "open", "alert_id": "ALERT-V1-01068" }, "geometry": { "type": "Point", "coordinates": [ 35.393694516571387, 32.927435962780542 ] } },
{ "type": "Feature", "properties": { "alert_type": "low_vigor_tree", "severity": "medium", "grove_code": "AT3ET_AL_NAKHLE", "tree_code_optional": "KOG-AT3ET_AL_NAKHLE-0009", "related_rule": "Ba'al rainfed discipline", "evidence": { "final_ndvi_mean": 0.3027133643627167, "health_index": 30.5, "confidence_score": 0.85, "shadow_fraction": 0.0, "crown_area_m2": 77.5, "review_status": "unreviewed" }, "recommended_task": "Field inspection: check irrigation, pruning, stress.", "confidence_score": 0.85, "status": "open", "alert_id": "ALERT-V1-01069" }, "geometry": { "type": "Point", "coordinates": [ 35.393801371763963, 32.927225613227776 ] } },
{ "type": "Feature", "properties": { "alert_type": "low_vigor_tree", "severity": "medium", "grove_code": "AT3ET_AL_NAKHLE", "tree_code_optional": "KOG-AT3ET_AL_NAKHLE-0010", "related_rule": "Ba'al rainfed discipline", "evidence": { "final_ndvi_mean": 0.3276704251766205, "health_index": 35.5, "confidence_score": 0.85, "shadow_fraction": 0.0, "crown_area_m2": 63.0, "review_status": "unreviewed" }, "recommended_task": "Field inspection: check irrigation, pruning, stress.", "confidence_score": 0.85, "status": "open", "alert_id": "ALERT-V1-01070" }, "geometry": { "type": "Point", "coordinates": [ 35.394314254665218, 32.92753985154561 ] } },
{ "type": "Feature", "properties": { "alert_type": "low_vigor_tree", "severity": "medium", "grove_code": "AT3ET_AL_NAKHLE", "tree_code_optional": "KOG-AT3ET_AL_NAKHLE-0011", "related_rule": "Ba'al rainfed discipline", "evidence": { "final_ndvi_mean": 0.3253774344921112, "health_index": 35.1, "confidence_score": 0.85, "shadow_fraction": 0.0, "crown_area_m2": 51.0, "review_status": "unreviewed" }, "recommended_task": "Field inspection: check irrigation, pruning, stress.", "confidence_score": 0.85, "status": "open", "alert_id": "ALERT-V1-01071" }, "geometry": { "type": "Point", "coordinates": [ 35.393871227503233, 32.927413538844327 ] } },
{ "type": "Feature", "properties": { "alert_type": "low_vigor_tree", "severity": "medium", "grove_code": "AT3ET_AL_NAKHLE", "tree_code_optional": "KOG-AT3ET_AL_NAKHLE-0012", "related_rule": "Ba'al rainfed discipline", "evidence": { "final_ndvi_mean": 0.34018394351005554, "health_index": 42.0, "confidence_score": 0.85, "shadow_fraction": 0.0, "crown_area_m2": 59.25, "review_status": "unreviewed" }, "recommended_task": "Field inspection: check irrigation, pruning, stress.", "confidence_score": 0.85, "status": "open", "alert_id": "ALERT-V1-01072" }, "geometry": { "type": "Point", "coordinates": [ 35.394218858278549, 32.927366028064547 ] } },
{ "type": "Feature", "properties": { "alert_type": "low_vigor_tree", "severity": "medium", "grove_code": "AT3ET_AL_NAKHLE", "tree_code_optional": "KOG-AT3ET_AL_NAKHLE-0013", "related_rule": "Ba'al rainfed discipline", "evidence": { "final_ndvi_mean": 0.3135055899620056, "health_index": 32.7, "confidence_score": 0.85, "shadow_fraction": 0.0, "crown_area_m2": 44.5, "review_status": "unreviewed" }, "recommended_task": "Field inspection: check irrigation, pruning, stress.", "confidence_score": 0.85, "status": "open", "alert_id": "ALERT-V1-01073" }, "geometry": { "type": "Point", "coordinates": [ 35.394214257444681, 32.927462577353687 ] } },
{ "type": "Feature", "properties": { "alert_type": "low_vigor_tree", "severity": "medium", "grove_code": "AT3ET_AL_NAKHLE", "tree_code_optional": "KOG-AT3ET_AL_NAKHLE-0014", "related_rule": "Ba'al rainfed discipline", "evidence": { "final_ndvi_mean": 0.33262819051742554, "health_index": 40.5, "confidence_score": 0.85, "shadow_fraction": 0.0, "crown_area_m2": 48.5, "review_status": "unreviewed" }, "recommended_task": "Field inspection: check irrigation, pruning, stress.", "confidence_score": 0.85, "status": "open", "alert_id": "ALERT-V1-01074" }, "geometry": { "type": "Point", "coordinates": [ 35.394314003785261, 32.927335202794104 ] } },
{ "type": "Feature", "properties": { "alert_type": "low_vigor_tree", "severity": "medium", "grove_code": "AT3ET_AL_NAKHLE", "tree_code_optional": "KOG-AT3ET_AL_NAKHLE-0015", "related_rule": "Ba'al rainfed discipline", "evidence": { "final_ndvi_mean": 0.33906859159469604, "health_index": 41.8, "confidence_score": 0.85, "shadow_fraction": 0.0, "crown_area_m2": 44.75, "review_status": "unreviewed" }, "recommended_task": "Field inspection: check irrigation, pruning, stress.", "confidence_score": 0.85, "status": "open", "alert_id": "ALERT-V1-01075" }, "geometry": { "type": "Point", "coordinates": [ 35.394076854699485, 32.927354377452779 ] } },
{ "type": "Feature", "properties": { "alert_type": "low_vigor_tree", "severity": "medium", "grove_code": "AT3ET_AL_NAKHLE", "tree_code_optional": "KOG-AT3ET_AL_NAKHLE-0016", "related_rule": "Ba'al rainfed discipline", "evidence": { "final_ndvi_mean": 0.3043377697467804, "health_index": 34.9, "confidence_score": 0.85, "shadow_fraction": 0.0, "crown_area_m2": 45.0, "review_status": "unreviewed" }, "recommended_task": "Field inspection: check irrigation, pruning, stress.", "confidence_score": 0.85, "status": "open", "alert_id": "ALERT-V1-01076" }, "geometry": { "type": "Point", "coordinates": [ 35.393699846556004, 32.92722226885914 ] } },
{ "type": "Feature", "properties": { "alert_type": "low_vigor_tree", "severity": "medium", "grove_code": "AT3ET_AL_NAKHLE", "tree_code_optional": "KOG-AT3ET_AL_NAKHLE-0017", "related_rule": "Ba'al rainfed discipline", "evidence": { "final_ndvi_mean": 0.3132910430431366, "health_index": 32.7, "confidence_score": 0.85, "shadow_fraction": 0.0, "crown_area_m2": 41.0, "review_status": "unreviewed" }, "recommended_task": "Field inspection: check irrigation, pruning, stress.", "confidence_score": 0.85, "status": "open", "alert_id": "ALERT-V1-01077" }, "geometry": { "type": "Point", "coordinates": [ 35.393916611157863, 32.92745687122742 ] } },
{ "type": "Feature", "properties": { "alert_type": "low_vigor_tree", "severity": "medium", "grove_code": "AT3ET_AL_NAKHLE", "tree_code_optional": "KOG-AT3ET_AL_NAKHLE-0018", "related_rule": "Ba'al rainfed discipline", "evidence": { "final_ndvi_mean": 0.3162328898906708, "health_index": 33.2, "confidence_score": 0.85, "shadow_fraction": 0.0, "crown_area_m2": 44.0, "review_status": "unreviewed" }, "recommended_task": "Field inspection: check irrigation, pruning, stress.", "confidence_score": 0.85, "status": "open", "alert_id": "ALERT-V1-01078" }, "geometry": { "type": "Point", "coordinates": [ 35.394063090395235, 32.927451937649565 ] } },
{ "type": "Feature", "properties": { "alert_type": "low_vigor_tree", "severity": "medium", "grove_code": "AT3ET_AL_NAKHLE", "tree_code_optional": "KOG-AT3ET_AL_NAKHLE-0019", "related_rule": "Ba'al rainfed discipline", "evidence": { "final_ndvi_mean": 0.34070664644241333, "health_index": 42.1, "confidence_score": 0.85, "shadow_fraction": 0.0, "crown_area_m2": 49.75, "review_status": "unreviewed" }, "recommended_task": "Field inspection: check irrigation, pruning, stress.", "confidence_score": 0.85, "status": "open", "alert_id": "ALERT-V1-01079" }, "geometry": { "type": "Point", "coordinates": [ 35.393921745360089, 32.92735311423354 ] } },
{ "type": "Feature", "properties": { "alert_type": "low_vigor_tree", "severity": "medium", "grove_code": "AT3ET_AL_NAKHLE", "tree_code_optional": "KOG-AT3ET_AL_NAKHLE-0020", "related_rule": "Ba'al rainfed discipline", "evidence": { "final_ndvi_mean": 0.3017551898956299, "health_index": 34.4, "confidence_score": 0.85, "shadow_fraction": 0.0, "crown_area_m2": 52.5, "review_status": "unreviewed" }, "recommended_task": "Field inspection: check irrigation, pruning, stress.", "confidence_score": 0.85, "status": "open", "alert_id": "ALERT-V1-01080" }, "geometry": { "type": "Point", "coordinates": [ 35.393614979617773, 32.927195666180182 ] } },
{ "type": "Feature", "properties": { "alert_type": "low_vigor_tree", "severity": "medium", "grove_code": "AT3ET_AL_NAKHLE", "tree_code_optional": "KOG-AT3ET_AL_NAKHLE-0021", "related_rule": "Ba'al rainfed discipline", "evidence": { "final_ndvi_mean": 0.31207430362701416, "health_index": 36.4, "confidence_score": 0.85, "shadow_fraction": 0.0, "crown_area_m2": 34.5, "review_status": "unreviewed" }, "recommended_task": "Field inspection: check irrigation, pruning, stress.", "confidence_score": 0.85, "status": "open", "alert_id": "ALERT-V1-01081" }, "geometry": { "type": "Point", "coordinates": [ 35.393784167597524, 32.927160582695066 ] } },
{ "type": "Feature", "properties": { "alert_type": "low_vigor_tree", "severity": "medium", "grove_code": "AT3ET_AL_NAKHLE", "tree_code_optional": "KOG-AT3ET_AL_NAKHLE-0022", "related_rule": "Ba'al rainfed discipline", "evidence": { "final_ndvi_mean": 0.3118447959423065, "health_index": 36.4, "confidence_score": 0.85, "shadow_fraction": 0.0, "crown_area_m2": 42.75, "review_status": "unreviewed" }, "recommended_task": "Field inspection: check irrigation, pruning, stress.", "confidence_score": 0.85, "status": "open", "alert_id": "ALERT-V1-01082" }, "geometry": { "type": "Point", "coordinates": [ 35.393590624534689, 32.927273538767054 ] } },
{ "type": "Feature", "properties": { "alert_type": "low_vigor_tree", "severity": "medium", "grove_code": "AT3ET_AL_NAKHLE", "tree_code_optional": "KOG-AT3ET_AL_NAKHLE-0023", "related_rule": "Ba'al rainfed discipline", "evidence": { "final_ndvi_mean": 0.3430933356285095, "health_index": 38.6, "confidence_score": 0.85, "shadow_fraction": 0.0, "crown_area_m2": 56.5, "review_status": "unreviewed" }, "recommended_task": "Field inspection: check irrigation, pruning, stress.", "confidence_score": 0.85, "status": "open", "alert_id": "ALERT-V1-01083" }, "geometry": { "type": "Point", "coordinates": [ 35.393919335154621, 32.927259826265342 ] } },
{ "type": "Feature", "properties": { "alert_type": "low_vigor_tree", "severity": "medium", "grove_code": "AT3ET_AL_NAKHLE", "tree_code_optional": "KOG-AT3ET_AL_NAKHLE-0024", "related_rule": "Ba'al rainfed discipline", "evidence": { "final_ndvi_mean": 0.3097876012325287, "health_index": 36.0, "confidence_score": 0.85, "shadow_fraction": 0.0, "crown_area_m2": 40.75, "review_status": "unreviewed" }, "recommended_task": "Field inspection: check irrigation, pruning, stress.", "confidence_score": 0.85, "status": "open", "alert_id": "ALERT-V1-01084" }, "geometry": { "type": "Point", "coordinates": [ 35.393640750856193, 32.927130504527319 ] } },
{ "type": "Feature", "properties": { "alert_type": "low_vigor_tree", "severity": "medium", "grove_code": "AT3ET_AL_NAKHLE", "tree_code_optional": "KOG-AT3ET_AL_NAKHLE-0025", "related_rule": "Ba'al rainfed discipline", "evidence": { "final_ndvi_mean": 0.30361050367355347, "health_index": 30.7, "confidence_score": 0.85, "shadow_fraction": 0.0, "crown_area_m2": 66.0, "review_status": "unreviewed" }, "recommended_task": "Field inspection: check irrigation, pruning, stress.", "confidence_score": 0.85, "status": "open", "alert_id": "ALERT-V1-01085" }, "geometry": { "type": "Point", "coordinates": [ 35.393516974011959, 32.927506712547398 ] } },
{ "type": "Feature", "properties": { "alert_type": "low_vigor_tree", "severity": "medium", "grove_code": "AT3ET_AL_NAKHLE", "tree_code_optional": "KOG-AT3ET_AL_NAKHLE-0026", "related_rule": "Ba'al rainfed discipline", "evidence": { "final_ndvi_mean": 0.3103629946708679, "health_index": 32.1, "confidence_score": 0.85, "shadow_fraction": 0.0, "crown_area_m2": 39.5, "review_status": "unreviewed" }, "recommended_task": "Field inspection: check irrigation, pruning, stress.", "confidence_score": 0.85, "status": "open", "alert_id": "ALERT-V1-01086" }, "geometry": { "type": "Point", "coordinates": [ 35.394202344363279, 32.927578563571714 ] } },
{ "type": "Feature", "properties": { "alert_type": "low_vigor_tree", "severity": "medium", "grove_code": "AT3ET_AL_NAKHLE", "tree_code_optional": "KOG-AT3ET_AL_NAKHLE-0027", "related_rule": "Ba'al rainfed discipline", "evidence": { "final_ndvi_mean": 0.31033453345298767, "health_index": 36.1, "confidence_score": 0.85, "shadow_fraction": 0.0, "crown_area_m2": 32.25, "review_status": "unreviewed" }, "recommended_task": "Field inspection: check irrigation, pruning, stress.", "confidence_score": 0.85, "status": "open", "alert_id": "ALERT-V1-01087" }, "geometry": { "type": "Point", "coordinates": [ 35.393667402008901, 32.927547389473617 ] } },
{ "type": "Feature", "properties": { "alert_type": "low_vigor_tree", "severity": "medium", "grove_code": "AT3ET_AL_NAKHLE", "tree_code_optional": "KOG-AT3ET_AL_NAKHLE-0028", "related_rule": "Ba'al rainfed discipline", "evidence": { "final_ndvi_mean": 0.3089996576309204, "health_index": 35.8, "confidence_score": 0.85, "shadow_fraction": 0.0, "crown_area_m2": 38.5, "review_status": "unreviewed" }, "recommended_task": "Field inspection: check irrigation, pruning, stress.", "confidence_score": 0.85, "status": "open", "alert_id": "ALERT-V1-01088" }, "geometry": { "type": "Point", "coordinates": [ 35.393554052095951, 32.927132596584734 ] } },
{ "type": "Feature", "properties": { "alert_type": "low_vigor_tree", "severity": "medium", "grove_code": "AT3ET_AL_NAKHLE", "tree_code_optional": "KOG-AT3ET_AL_NAKHLE-0029", "related_rule": "Ba'al rainfed discipline", "evidence": { "final_ndvi_mean": 0.30366095900535583, "health_index": 30.7, "confidence_score": 0.85, "shadow_fraction": 0.0, "crown_area_m2": 41.25, "review_status": "unreviewed" }, "recommended_task": "Field inspection: check irrigation, pruning, stress.", "confidence_score": 0.85, "status": "open", "alert_id": "ALERT-V1-01089" }, "geometry": { "type": "Point", "coordinates": [ 35.393679606658282, 32.927075044961164 ] } },
{ "type": "Feature", "properties": { "alert_type": "low_vigor_tree", "severity": "medium", "grove_code": "AT3ET_AL_NAKHLE", "tree_code_optional": "KOG-AT3ET_AL_NAKHLE-0030", "related_rule": "Ba'al rainfed discipline", "evidence": { "final_ndvi_mean": 0.2914659380912781, "health_index": 32.3, "confidence_score": 0.85, "shadow_fraction": 0.0, "crown_area_m2": 29.0, "review_status": "unreviewed" }, "recommended_task": "Field inspection: check irrigation, pruning, stress.", "confidence_score": 0.85, "status": "open", "alert_id": "ALERT-V1-01090" }, "geometry": { "type": "Point", "coordinates": [ 35.393774055863531, 32.927433562046907 ] } },
{ "type": "Feature", "properties": { "alert_type": "low_vigor_tree", "severity": "medium", "grove_code": "AT3ET_AL_NAKHLE", "tree_code_optional": "KOG-AT3ET_AL_NAKHLE-0031", "related_rule": "Ba'al rainfed discipline", "evidence": { "final_ndvi_mean": 0.3040444850921631, "health_index": 30.8, "confidence_score": 0.85, "shadow_fraction": 0.0, "crown_area_m2": 30.5, "review_status": "unreviewed" }, "recommended_task": "Field inspection: check irrigation, pruning, stress.", "confidence_score": 0.85, "status": "open", "alert_id": "ALERT-V1-01091" }, "geometry": { "type": "Point", "coordinates": [ 35.39342041254686, 32.927324820282337 ] } },
{ "type": "Feature", "properties": { "alert_type": "low_vigor_tree", "severity": "medium", "grove_code": "AT3ET_AL_NAKHLE", "tree_code_optional": "KOG-AT3ET_AL_NAKHLE-0032", "related_rule": "Ba'al rainfed discipline", "evidence": { "final_ndvi_mean": 0.28759950399398804, "health_index": 31.5, "confidence_score": 0.85, "shadow_fraction": 0.0, "crown_area_m2": 22.25, "review_status": "unreviewed" }, "recommended_task": "Field inspection: check irrigation, pruning, stress.", "confidence_score": 0.85, "status": "open", "alert_id": "ALERT-V1-01092" }, "geometry": { "type": "Point", "coordinates": [ 35.393916264026316, 32.927588805654111 ] } },
{ "type": "Feature", "properties": { "alert_type": "low_vigor_tree", "severity": "medium", "grove_code": "AT3ET_AL_NAKHLE", "tree_code_optional": "KOG-AT3ET_AL_NAKHLE-0033", "related_rule": "Ba'al rainfed discipline", "evidence": { "final_ndvi_mean": 0.29137876629829407, "health_index": 32.3, "confidence_score": 0.85, "shadow_fraction": 0.0, "crown_area_m2": 26.0, "review_status": "unreviewed" }, "recommended_task": "Field inspection: check irrigation, pruning, stress.", "confidence_score": 0.85, "status": "open", "alert_id": "ALERT-V1-01093" }, "geometry": { "type": "Point", "coordinates": [ 35.393860220177217, 32.927523977208438 ] } },
{ "type": "Feature", "properties": { "alert_type": "low_vigor_tree", "severity": "medium", "grove_code": "AT3ET_AL_NAKHLE", "tree_code_optional": "KOG-AT3ET_AL_NAKHLE-0034", "related_rule": "Ba'al rainfed discipline", "evidence": { "final_ndvi_mean": 0.2824500501155853, "health_index": 26.5, "confidence_score": 0.85, "shadow_fraction": 0.0, "crown_area_m2": 32.5, "review_status": "unreviewed" }, "recommended_task": "Field inspection: check irrigation, pruning, stress.", "confidence_score": 0.85, "status": "open", "alert_id": "ALERT-V1-01094" }, "geometry": { "type": "Point", "coordinates": [ 35.394317224652781, 32.927443244937514 ] } },
{ "type": "Feature", "properties": { "alert_type": "low_vigor_tree", "severity": "medium", "grove_code": "AT3ET_AL_NAKHLE", "tree_code_optional": "KOG-AT3ET_AL_NAKHLE-0035", "related_rule": "Ba'al rainfed discipline", "evidence": { "final_ndvi_mean": 0.29411453008651733, "health_index": 28.8, "confidence_score": 0.85, "shadow_fraction": 0.0, "crown_area_m2": 27.75, "review_status": "unreviewed" }, "recommended_task": "Field inspection: check irrigation, pruning, stress.", "confidence_score": 0.85, "status": "open", "alert_id": "ALERT-V1-01095" }, "geometry": { "type": "Point", "coordinates": [ 35.393993343611761, 32.927403805370751 ] } },
{ "type": "Feature", "properties": { "alert_type": "low_vigor_tree", "severity": "medium", "grove_code": "AT3ET_AL_NAKHLE", "tree_code_optional": "KOG-AT3ET_AL_NAKHLE-0036", "related_rule": "Ba'al rainfed discipline", "evidence": { "final_ndvi_mean": 0.28898710012435913, "health_index": 27.8, "confidence_score": 0.85, "shadow_fraction": 0.0, "crown_area_m2": 27.0, "review_status": "unreviewed" }, "recommended_task": "Field inspection: check irrigation, pruning, stress.", "confidence_score": 0.85, "status": "open", "alert_id": "ALERT-V1-01096" }, "geometry": { "type": "Point", "coordinates": [ 35.393698330343, 32.927351553364261 ] } },
{ "type": "Feature", "properties": { "alert_type": "low_vigor_tree", "severity": "medium", "grove_code": "AT3ET_AL_NAKHLE", "tree_code_optional": "KOG-AT3ET_AL_NAKHLE-0037", "related_rule": "Ba'al rainfed discipline", "evidence": { "final_ndvi_mean": 0.27958086133003235, "health_index": 25.9, "confidence_score": 0.85, "shadow_fraction": 0.0, "crown_area_m2": 21.5, "review_status": "unreviewed" }, "recommended_task": "Field inspection: check irrigation, pruning, stress.", "confidence_score": 0.85, "status": "open", "alert_id": "ALERT-V1-01097" }, "geometry": { "type": "Point", "coordinates": [ 35.393495941913791, 32.927286239239358 ] } },
{ "type": "Feature", "properties": { "alert_type": "low_vigor_tree", "severity": "medium", "grove_code": "AT3ET_AL_NAKHLE", "tree_code_optional": "KOG-AT3ET_AL_NAKHLE-0038", "related_rule": "Ba'al rainfed discipline", "evidence": { "final_ndvi_mean": 0.2785431444644928, "health_index": 29.7, "confidence_score": 0.85, "shadow_fraction": 0.0, "crown_area_m2": 16.75, "review_status": "unreviewed" }, "recommended_task": "Field inspection: check irrigation, pruning, stress.", "confidence_score": 0.85, "status": "open", "alert_id": "ALERT-V1-01098" }, "geometry": { "type": "Point", "coordinates": [ 35.393505966369375, 32.927212240996617 ] } },
{ "type": "Feature", "properties": { "alert_type": "low_vigor_tree", "severity": "medium", "grove_code": "AT3ET_AL_NAKHLE", "tree_code_optional": "KOG-AT3ET_AL_NAKHLE-0039", "related_rule": "Ba'al rainfed discipline", "evidence": { "final_ndvi_mean": 0.2334604412317276, "health_index": 6.7, "confidence_score": 0.85, "shadow_fraction": 0.0, "crown_area_m2": 25.25, "review_status": "unreviewed" }, "recommended_task": "Field inspection: check irrigation, pruning, stress.", "confidence_score": 0.85, "status": "open", "alert_id": "ALERT-V1-01099" }, "geometry": { "type": "Point", "coordinates": [ 35.393429696559906, 32.927453418319423 ] } },
{ "type": "Feature", "properties": { "alert_type": "low_vigor_tree", "severity": "medium", "grove_code": "AT3ET_AL_NAKHLE", "tree_code_optional": "KOG-AT3ET_AL_NAKHLE-0040", "related_rule": "Ba'al rainfed discipline", "evidence": { "final_ndvi_mean": 0.2644478678703308, "health_index": 26.9, "confidence_score": 0.85, "shadow_fraction": 0.0, "crown_area_m2": 9.5, "review_status": "unreviewed" }, "recommended_task": "Field inspection: check irrigation, pruning, stress.", "confidence_score": 0.85, "status": "open", "alert_id": "ALERT-V1-01100" }, "geometry": { "type": "Point", "coordinates": [ 35.393982107168668, 32.927520575692824 ] } },
{ "type": "Feature", "properties": { "alert_type": "low_vigor_tree", "severity": "medium", "grove_code": "AT3ET_AL_NAKHLE", "tree_code_optional": "KOG-AT3ET_AL_NAKHLE-0041", "related_rule": "Ba'al rainfed discipline", "evidence": { "final_ndvi_mean": 0.3011696934700012, "health_index": 30.2, "confidence_score": 0.85, "shadow_fraction": 0.0, "crown_area_m2": 16.5, "review_status": "unreviewed" }, "recommended_task": "Field inspection: check irrigation, pruning, stress.", "confidence_score": 0.85, "status": "open", "alert_id": "ALERT-V1-01101" }, "geometry": { "type": "Point", "coordinates": [ 35.393420032503599, 32.927201437402267 ] } },
{ "type": "Feature", "properties": { "alert_type": "low_vigor_tree", "severity": "medium", "grove_code": "AT3ET_AL_NAKHLE", "tree_code_optional": "KOG-AT3ET_AL_NAKHLE-0042", "related_rule": "Ba'al rainfed discipline", "evidence": { "final_ndvi_mean": 0.2640657126903534, "health_index": 26.8, "confidence_score": 0.85, "shadow_fraction": 0.0, "crown_area_m2": 5.5, "review_status": "unreviewed" }, "recommended_task": "Field inspection: check irrigation, pruning, stress.", "confidence_score": 0.85, "status": "open", "alert_id": "ALERT-V1-01102" }, "geometry": { "type": "Point", "coordinates": [ 35.393828798464547, 32.927599448479661 ] } },
{ "type": "Feature", "properties": { "alert_type": "low_vigor_tree", "severity": "medium", "grove_code": "AT3ET_AL_NAKHLE", "tree_code_optional": "KOG-AT3ET_AL_NAKHLE-0043", "related_rule": "Ba'al rainfed discipline", "evidence": { "final_ndvi_mean": 0.26307886838912964, "health_index": 26.6, "confidence_score": 0.85, "shadow_fraction": 0.0, "crown_area_m2": 5.5, "review_status": "unreviewed" }, "recommended_task": "Field inspection: check irrigation, pruning, stress.", "confidence_score": 0.85, "status": "open", "alert_id": "ALERT-V1-01103" }, "geometry": { "type": "Point", "coordinates": [ 35.393570479005064, 32.927563206333076 ] } },
{ "type": "Feature", "properties": { "alert_type": "low_vigor_tree", "severity": "medium", "grove_code": "ROES_ALMAL", "tree_code_optional": "KOG-ROES_ALMAL-0002", "related_rule": "Ba'al rainfed discipline", "evidence": { "final_ndvi_mean": 0.3521243631839752, "health_index": 40.4, "confidence_score": 0.85, "shadow_fraction": 0.0, "crown_area_m2": 172.5, "review_status": "unreviewed" }, "recommended_task": "Field inspection: check irrigation, pruning, stress.", "confidence_score": 0.85, "status": "open", "alert_id": "ALERT-V1-01104" }, "geometry": { "type": "Point", "coordinates": [ 35.388645976781866, 32.920829735090763 ] } },
{ "type": "Feature", "properties": { "alert_type": "low_vigor_tree", "severity": "medium", "grove_code": "ROES_ALMAL", "tree_code_optional": "KOG-ROES_ALMAL-0004", "related_rule": "Ba'al rainfed discipline", "evidence": { "final_ndvi_mean": 0.3603820502758026, "health_index": 42.1, "confidence_score": 0.85, "shadow_fraction": 0.0, "crown_area_m2": 69.25, "review_status": "unreviewed" }, "recommended_task": "Field inspection: check irrigation, pruning, stress.", "confidence_score": 0.85, "status": "open", "alert_id": "ALERT-V1-01105" }, "geometry": { "type": "Point", "coordinates": [ 35.388108763641824, 32.920581560097858 ] } },
{ "type": "Feature", "properties": { "alert_type": "low_vigor_tree", "severity": "medium", "grove_code": "ROES_ALMAL", "tree_code_optional": "KOG-ROES_ALMAL-0006", "related_rule": "Ba'al rainfed discipline", "evidence": { "final_ndvi_mean": 0.2326083779335022, "health_index": 20.5, "confidence_score": 0.85, "shadow_fraction": 0.0, "crown_area_m2": 39.0, "review_status": "unreviewed" }, "recommended_task": "Field inspection: check irrigation, pruning, stress.", "confidence_score": 0.85, "status": "open", "alert_id": "ALERT-V1-01106" }, "geometry": { "type": "Point", "coordinates": [ 35.388538688421256, 32.920557302425351 ] } },
{ "type": "Feature", "properties": { "alert_type": "low_vigor_tree", "severity": "medium", "grove_code": "ROES_ALMAL", "tree_code_optional": "KOG-ROES_ALMAL-0007", "related_rule": "Ba'al rainfed discipline", "evidence": { "final_ndvi_mean": 0.2961210608482361, "health_index": 29.2, "confidence_score": 0.85, "shadow_fraction": 0.0, "crown_area_m2": 55.5, "review_status": "unreviewed" }, "recommended_task": "Field inspection: check irrigation, pruning, stress.", "confidence_score": 0.85, "status": "open", "alert_id": "ALERT-V1-01107" }, "geometry": { "type": "Point", "coordinates": [ 35.388177824641623, 32.920603602148724 ] } },
{ "type": "Feature", "properties": { "alert_type": "low_vigor_tree", "severity": "medium", "grove_code": "ROES_ALMAL", "tree_code_optional": "KOG-ROES_ALMAL-0008", "related_rule": "Ba'al rainfed discipline", "evidence": { "final_ndvi_mean": 0.34443554282188416, "health_index": 38.9, "confidence_score": 0.85, "shadow_fraction": 0.0, "crown_area_m2": 87.25, "review_status": "unreviewed" }, "recommended_task": "Field inspection: check irrigation, pruning, stress.", "confidence_score": 0.85, "status": "open", "alert_id": "ALERT-V1-01108" }, "geometry": { "type": "Point", "coordinates": [ 35.388445617440645, 32.920800058056194 ] } },
{ "type": "Feature", "properties": { "alert_type": "low_vigor_tree", "severity": "medium", "grove_code": "ROES_ALMAL", "tree_code_optional": "KOG-ROES_ALMAL-0009", "related_rule": "Ba'al rainfed discipline", "evidence": { "final_ndvi_mean": 0.21967929601669312, "health_index": 7.9, "confidence_score": 0.85, "shadow_fraction": 0.0, "crown_area_m2": 40.0, "review_status": "unreviewed" }, "recommended_task": "Field inspection: check irrigation, pruning, stress.", "confidence_score": 0.85, "status": "open", "alert_id": "ALERT-V1-01109" }, "geometry": { "type": "Point", "coordinates": [ 35.388595014810569, 32.920620344769631 ] } },
{ "type": "Feature", "properties": { "alert_type": "low_vigor_tree", "severity": "medium", "grove_code": "ROES_ALMAL", "tree_code_optional": "KOG-ROES_ALMAL-0010", "related_rule": "Ba'al rainfed discipline", "evidence": { "final_ndvi_mean": 0.3287641108036041, "health_index": 35.8, "confidence_score": 0.85, "shadow_fraction": 0.0, "crown_area_m2": 80.0, "review_status": "unreviewed" }, "recommended_task": "Field inspection: check irrigation, pruning, stress.", "confidence_score": 0.85, "status": "open", "alert_id": "ALERT-V1-01110" }, "geometry": { "type": "Point", "coordinates": [ 35.388639636243397, 32.920735224720232 ] } },
{ "type": "Feature", "properties": { "alert_type": "low_vigor_tree", "severity": "medium", "grove_code": "ROES_ALMAL", "tree_code_optional": "KOG-ROES_ALMAL-0011", "related_rule": "Ba'al rainfed discipline", "evidence": { "final_ndvi_mean": 0.35171404480934143, "health_index": 40.3, "confidence_score": 0.85, "shadow_fraction": 0.0, "crown_area_m2": 65.0, "review_status": "unreviewed" }, "recommended_task": "Field inspection: check irrigation, pruning, stress.", "confidence_score": 0.85, "status": "open", "alert_id": "ALERT-V1-01111" }, "geometry": { "type": "Point", "coordinates": [ 35.388179419319826, 32.92045022008822 ] } },
{ "type": "Feature", "properties": { "alert_type": "low_vigor_tree", "severity": "medium", "grove_code": "ROES_ALMAL", "tree_code_optional": "KOG-ROES_ALMAL-0013", "related_rule": "Ba'al rainfed discipline", "evidence": { "final_ndvi_mean": 0.3564179837703705, "health_index": 41.3, "confidence_score": 0.85, "shadow_fraction": 0.0, "crown_area_m2": 49.25, "review_status": "unreviewed" }, "recommended_task": "Field inspection: check irrigation, pruning, stress.", "confidence_score": 0.85, "status": "open", "alert_id": "ALERT-V1-01112" }, "geometry": { "type": "Point", "coordinates": [ 35.388310370038099, 32.920409091710077 ] } },
{ "type": "Feature", "properties": { "alert_type": "low_vigor_tree", "severity": "medium", "grove_code": "ROES_ALMAL", "tree_code_optional": "KOG-ROES_ALMAL-0014", "related_rule": "Ba'al rainfed discipline", "evidence": { "final_ndvi_mean": 0.32279741764068604, "health_index": 38.6, "confidence_score": 0.85, "shadow_fraction": 0.0, "crown_area_m2": 36.0, "review_status": "unreviewed" }, "recommended_task": "Field inspection: check irrigation, pruning, stress.", "confidence_score": 0.85, "status": "open", "alert_id": "ALERT-V1-01113" }, "geometry": { "type": "Point", "coordinates": [ 35.38842327085586, 32.920313845446174 ] } },
{ "type": "Feature", "properties": { "alert_type": "low_vigor_tree", "severity": "medium", "grove_code": "ROES_ALMAL", "tree_code_optional": "KOG-ROES_ALMAL-0015", "related_rule": "Ba'al rainfed discipline", "evidence": { "final_ndvi_mean": 0.3272709250450134, "health_index": 39.5, "confidence_score": 0.85, "shadow_fraction": 0.0, "crown_area_m2": 44.25, "review_status": "unreviewed" }, "recommended_task": "Field inspection: check irrigation, pruning, stress.", "confidence_score": 0.85, "status": "open", "alert_id": "ALERT-V1-01114" }, "geometry": { "type": "Point", "coordinates": [ 35.388463953244262, 32.920534980801065 ] } },
{ "type": "Feature", "properties": { "alert_type": "low_vigor_tree", "severity": "medium", "grove_code": "ROES_ALMAL", "tree_code_optional": "KOG-ROES_ALMAL-0016", "related_rule": "Ba'al rainfed discipline", "evidence": { "final_ndvi_mean": 0.3233700096607208, "health_index": 34.7, "confidence_score": 0.85, "shadow_fraction": 0.0, "crown_area_m2": 55.0, "review_status": "unreviewed" }, "recommended_task": "Field inspection: check irrigation, pruning, stress.", "confidence_score": 0.85, "status": "open", "alert_id": "ALERT-V1-01115" }, "geometry": { "type": "Point", "coordinates": [ 35.388735731159635, 32.920703739194764 ] } },
{ "type": "Feature", "properties": { "alert_type": "low_vigor_tree", "severity": "medium", "grove_code": "ROES_ALMAL", "tree_code_optional": "KOG-ROES_ALMAL-0017", "related_rule": "Ba'al rainfed discipline", "evidence": { "final_ndvi_mean": 0.3301168382167816, "health_index": 40.0, "confidence_score": 0.85, "shadow_fraction": 0.0, "crown_area_m2": 37.5, "review_status": "unreviewed" }, "recommended_task": "Field inspection: check irrigation, pruning, stress.", "confidence_score": 0.85, "status": "open", "alert_id": "ALERT-V1-01116" }, "geometry": { "type": "Point", "coordinates": [ 35.388313253651596, 32.920662429581498 ] } },
{ "type": "Feature", "properties": { "alert_type": "low_vigor_tree", "severity": "medium", "grove_code": "ROES_ALMAL", "tree_code_optional": "KOG-ROES_ALMAL-0018", "related_rule": "Ba'al rainfed discipline", "evidence": { "final_ndvi_mean": 0.34905675053596497, "health_index": 43.8, "confidence_score": 0.85, "shadow_fraction": 0.0, "crown_area_m2": 41.0, "review_status": "unreviewed" }, "recommended_task": "Field inspection: check irrigation, pruning, stress.", "confidence_score": 0.85, "status": "open", "alert_id": "ALERT-V1-01117" }, "geometry": { "type": "Point", "coordinates": [ 35.388058006498945, 32.920482795417506 ] } },
{ "type": "Feature", "properties": { "alert_type": "low_vigor_tree", "severity": "medium", "grove_code": "ROES_ALMAL", "tree_code_optional": "KOG-ROES_ALMAL-0019", "related_rule": "Ba'al rainfed discipline", "evidence": { "final_ndvi_mean": 0.3311571776866913, "health_index": 40.2, "confidence_score": 0.85, "shadow_fraction": 0.0, "crown_area_m2": 47.25, "review_status": "unreviewed" }, "recommended_task": "Field inspection: check irrigation, pruning, stress.", "confidence_score": 0.85, "status": "open", "alert_id": "ALERT-V1-01118" }, "geometry": { "type": "Point", "coordinates": [ 35.388445445948122, 32.920459805878558 ] } },
{ "type": "Feature", "properties": { "alert_type": "low_vigor_tree", "severity": "medium", "grove_code": "ROES_ALMAL", "tree_code_optional": "KOG-ROES_ALMAL-0020", "related_rule": "Ba'al rainfed discipline", "evidence": { "final_ndvi_mean": 0.3288189470767975, "health_index": 35.8, "confidence_score": 0.85, "shadow_fraction": 0.0, "crown_area_m2": 42.25, "review_status": "unreviewed" }, "recommended_task": "Field inspection: check irrigation, pruning, stress.", "confidence_score": 0.85, "status": "open", "alert_id": "ALERT-V1-01119" }, "geometry": { "type": "Point", "coordinates": [ 35.388027831457954, 32.920430355962495 ] } },
{ "type": "Feature", "properties": { "alert_type": "low_vigor_tree", "severity": "medium", "grove_code": "ROES_ALMAL", "tree_code_optional": "KOG-ROES_ALMAL-0021", "related_rule": "Ba'al rainfed discipline", "evidence": { "final_ndvi_mean": 0.3326033651828766, "health_index": 40.5, "confidence_score": 0.85, "shadow_fraction": 0.0, "crown_area_m2": 43.0, "review_status": "unreviewed" }, "recommended_task": "Field inspection: check irrigation, pruning, stress.", "confidence_score": 0.85, "status": "open", "alert_id": "ALERT-V1-01120" }, "geometry": { "type": "Point", "coordinates": [ 35.388555206564888, 32.920817482258599 ] } },
{ "type": "Feature", "properties": { "alert_type": "low_vigor_tree", "severity": "medium", "grove_code": "ROES_ALMAL", "tree_code_optional": "KOG-ROES_ALMAL-0022", "related_rule": "Ba'al rainfed discipline", "evidence": { "final_ndvi_mean": 0.31972557306289673, "health_index": 37.9, "confidence_score": 0.85, "shadow_fraction": 0.0, "crown_area_m2": 45.5, "review_status": "unreviewed" }, "recommended_task": "Field inspection: check irrigation, pruning, stress.", "confidence_score": 0.85, "status": "open", "alert_id": "ALERT-V1-01121" }, "geometry": { "type": "Point", "coordinates": [ 35.388523359377849, 32.920620581059758 ] } },
{ "type": "Feature", "properties": { "alert_type": "low_vigor_tree", "severity": "medium", "grove_code": "ROES_ALMAL", "tree_code_optional": "KOG-ROES_ALMAL-0023", "related_rule": "Ba'al rainfed discipline", "evidence": { "final_ndvi_mean": 0.33449625968933105, "health_index": 40.9, "confidence_score": 0.85, "shadow_fraction": 0.0, "crown_area_m2": 35.0, "review_status": "unreviewed" }, "recommended_task": "Field inspection: check irrigation, pruning, stress.", "confidence_score": 0.85, "status": "open", "alert_id": "ALERT-V1-01122" }, "geometry": { "type": "Point", "coordinates": [ 35.38815246039249, 32.920661984647126 ] } },
{ "type": "Feature", "properties": { "alert_type": "low_vigor_tree", "severity": "medium", "grove_code": "ROES_ALMAL", "tree_code_optional": "KOG-ROES_ALMAL-0024", "related_rule": "Ba'al rainfed discipline", "evidence": { "final_ndvi_mean": 0.3242689073085785, "health_index": 38.9, "confidence_score": 0.85, "shadow_fraction": 0.0, "crown_area_m2": 41.0, "review_status": "unreviewed" }, "recommended_task": "Field inspection: check irrigation, pruning, stress.", "confidence_score": 0.85, "status": "open", "alert_id": "ALERT-V1-01123" }, "geometry": { "type": "Point", "coordinates": [ 35.388228127637902, 32.920529028256105 ] } },
{ "type": "Feature", "properties": { "alert_type": "low_vigor_tree", "severity": "medium", "grove_code": "ROES_ALMAL", "tree_code_optional": "KOG-ROES_ALMAL-0025", "related_rule": "Ba'al rainfed discipline", "evidence": { "final_ndvi_mean": 0.3097533583641052, "health_index": 32.0, "confidence_score": 0.85, "shadow_fraction": 0.0, "crown_area_m2": 56.0, "review_status": "unreviewed" }, "recommended_task": "Field inspection: check irrigation, pruning, stress.", "confidence_score": 0.85, "status": "open", "alert_id": "ALERT-V1-01124" }, "geometry": { "type": "Point", "coordinates": [ 35.388269990369601, 32.92082077644374 ] } },
{ "type": "Feature", "properties": { "alert_type": "low_vigor_tree", "severity": "medium", "grove_code": "ROES_ALMAL", "tree_code_optional": "KOG-ROES_ALMAL-0026", "related_rule": "Ba'al rainfed discipline", "evidence": { "final_ndvi_mean": 0.3259880840778351, "health_index": 35.2, "confidence_score": 0.85, "shadow_fraction": 0.0, "crown_area_m2": 52.25, "review_status": "unreviewed" }, "recommended_task": "Field inspection: check irrigation, pruning, stress.", "confidence_score": 0.85, "status": "open", "alert_id": "ALERT-V1-01125" }, "geometry": { "type": "Point", "coordinates": [ 35.388150710236609, 32.920741764638557 ] } },
{ "type": "Feature", "properties": { "alert_type": "low_vigor_tree", "severity": "medium", "grove_code": "ROES_ALMAL", "tree_code_optional": "KOG-ROES_ALMAL-0027", "related_rule": "Ba'al rainfed discipline", "evidence": { "final_ndvi_mean": 0.3285779654979706, "health_index": 39.7, "confidence_score": 0.85, "shadow_fraction": 0.0, "crown_area_m2": 43.75, "review_status": "unreviewed" }, "recommended_task": "Field inspection: check irrigation, pruning, stress.", "confidence_score": 0.85, "status": "open", "alert_id": "ALERT-V1-01126" }, "geometry": { "type": "Point", "coordinates": [ 35.388377364293873, 32.920904429504503 ] } },
{ "type": "Feature", "properties": { "alert_type": "low_vigor_tree", "severity": "medium", "grove_code": "ROES_ALMAL", "tree_code_optional": "KOG-ROES_ALMAL-0028", "related_rule": "Ba'al rainfed discipline", "evidence": { "final_ndvi_mean": 0.3194076120853424, "health_index": 37.9, "confidence_score": 0.85, "shadow_fraction": 0.0, "crown_area_m2": 33.75, "review_status": "unreviewed" }, "recommended_task": "Field inspection: check irrigation, pruning, stress.", "confidence_score": 0.85, "status": "open", "alert_id": "ALERT-V1-01127" }, "geometry": { "type": "Point", "coordinates": [ 35.388251789237003, 32.920647527200117 ] } },
{ "type": "Feature", "properties": { "alert_type": "low_vigor_tree", "severity": "medium", "grove_code": "ROES_ALMAL", "tree_code_optional": "KOG-ROES_ALMAL-0029", "related_rule": "Ba'al rainfed discipline", "evidence": { "final_ndvi_mean": 0.3209334909915924, "health_index": 38.2, "confidence_score": 0.85, "shadow_fraction": 0.0, "crown_area_m2": 35.0, "review_status": "unreviewed" }, "recommended_task": "Field inspection: check irrigation, pruning, stress.", "confidence_score": 0.85, "status": "open", "alert_id": "ALERT-V1-01128" }, "geometry": { "type": "Point", "coordinates": [ 35.388115689945437, 32.920404826064825 ] } },
{ "type": "Feature", "properties": { "alert_type": "low_vigor_tree", "severity": "medium", "grove_code": "ROES_ALMAL", "tree_code_optional": "KOG-ROES_ALMAL-0030", "related_rule": "Ba'al rainfed discipline", "evidence": { "final_ndvi_mean": 0.3215944766998291, "health_index": 38.3, "confidence_score": 0.85, "shadow_fraction": 0.0, "crown_area_m2": 23.0, "review_status": "unreviewed" }, "recommended_task": "Field inspection: check irrigation, pruning, stress.", "confidence_score": 0.85, "status": "open", "alert_id": "ALERT-V1-01129" }, "geometry": { "type": "Point", "coordinates": [ 35.388349799170349, 32.920251663711532 ] } },
{ "type": "Feature", "properties": { "alert_type": "low_vigor_tree", "severity": "medium", "grove_code": "ROES_ALMAL", "tree_code_optional": "KOG-ROES_ALMAL-0031", "related_rule": "Ba'al rainfed discipline", "evidence": { "final_ndvi_mean": 0.2926885485649109, "health_index": 28.5, "confidence_score": 0.85, "shadow_fraction": 0.0, "crown_area_m2": 20.75, "review_status": "unreviewed" }, "recommended_task": "Field inspection: check irrigation, pruning, stress.", "confidence_score": 0.85, "status": "open", "alert_id": "ALERT-V1-01130" }, "geometry": { "type": "Point", "coordinates": [ 35.388522602113895, 32.920773979117293 ] } },
{ "type": "Feature", "properties": { "alert_type": "low_vigor_tree", "severity": "medium", "grove_code": "ROES_ALMAL", "tree_code_optional": "KOG-ROES_ALMAL-0032", "related_rule": "Ba'al rainfed discipline", "evidence": { "final_ndvi_mean": 0.30631664395332336, "health_index": 35.3, "confidence_score": 0.85, "shadow_fraction": 0.0, "crown_area_m2": 32.75, "review_status": "unreviewed" }, "recommended_task": "Field inspection: check irrigation, pruning, stress.", "confidence_score": 0.85, "status": "open", "alert_id": "ALERT-V1-01131" }, "geometry": { "type": "Point", "coordinates": [ 35.388363577550663, 32.920597159027103 ] } },
{ "type": "Feature", "properties": { "alert_type": "low_vigor_tree", "severity": "medium", "grove_code": "ROES_ALMAL", "tree_code_optional": "KOG-ROES_ALMAL-0033", "related_rule": "Ba'al rainfed discipline", "evidence": { "final_ndvi_mean": 0.31020915508270264, "health_index": 36.0, "confidence_score": 0.85, "shadow_fraction": 0.0, "crown_area_m2": 33.75, "review_status": "unreviewed" }, "recommended_task": "Field inspection: check irrigation, pruning, stress.", "confidence_score": 0.85, "status": "open", "alert_id": "ALERT-V1-01132" }, "geometry": { "type": "Point", "coordinates": [ 35.388413171737021, 32.920378699813654 ] } },
{ "type": "Feature", "properties": { "alert_type": "low_vigor_tree", "severity": "medium", "grove_code": "ROES_ALMAL", "tree_code_optional": "KOG-ROES_ALMAL-0034", "related_rule": "Ba'al rainfed discipline", "evidence": { "final_ndvi_mean": 0.2863747179508209, "health_index": 27.3, "confidence_score": 0.85, "shadow_fraction": 0.0, "crown_area_m2": 20.25, "review_status": "unreviewed" }, "recommended_task": "Field inspection: check irrigation, pruning, stress.", "confidence_score": 0.85, "status": "open", "alert_id": "ALERT-V1-01133" }, "geometry": { "type": "Point", "coordinates": [ 35.388484412571437, 32.920664676697427 ] } },
{ "type": "Feature", "properties": { "alert_type": "low_vigor_tree", "severity": "medium", "grove_code": "ROES_ALMAL", "tree_code_optional": "KOG-ROES_ALMAL-0035", "related_rule": "Ba'al rainfed discipline", "evidence": { "final_ndvi_mean": 0.29906103014945984, "health_index": 29.8, "confidence_score": 0.85, "shadow_fraction": 0.0, "crown_area_m2": 29.5, "review_status": "unreviewed" }, "recommended_task": "Field inspection: check irrigation, pruning, stress.", "confidence_score": 0.85, "status": "open", "alert_id": "ALERT-V1-01134" }, "geometry": { "type": "Point", "coordinates": [ 35.388300214572652, 32.920557457601959 ] } },
{ "type": "Feature", "properties": { "alert_type": "low_vigor_tree", "severity": "medium", "grove_code": "ROES_ALMAL", "tree_code_optional": "KOG-ROES_ALMAL-0036", "related_rule": "Ba'al rainfed discipline", "evidence": { "final_ndvi_mean": 0.30441126227378845, "health_index": 34.9, "confidence_score": 0.85, "shadow_fraction": 0.0, "crown_area_m2": 30.75, "review_status": "unreviewed" }, "recommended_task": "Field inspection: check irrigation, pruning, stress.", "confidence_score": 0.85, "status": "open", "alert_id": "ALERT-V1-01135" }, "geometry": { "type": "Point", "coordinates": [ 35.388393772032188, 32.920529563680127 ] } },
{ "type": "Feature", "properties": { "alert_type": "low_vigor_tree", "severity": "medium", "grove_code": "ROES_ALMAL", "tree_code_optional": "KOG-ROES_ALMAL-0037", "related_rule": "Ba'al rainfed discipline", "evidence": { "final_ndvi_mean": 0.32876646518707275, "health_index": 35.8, "confidence_score": 0.85, "shadow_fraction": 0.0, "crown_area_m2": 28.5, "review_status": "unreviewed" }, "recommended_task": "Field inspection: check irrigation, pruning, stress.", "confidence_score": 0.85, "status": "open", "alert_id": "ALERT-V1-01136" }, "geometry": { "type": "Point", "coordinates": [ 35.388310298820144, 32.920219653065793 ] } },
{ "type": "Feature", "properties": { "alert_type": "low_vigor_tree", "severity": "medium", "grove_code": "ROES_ALMAL", "tree_code_optional": "KOG-ROES_ALMAL-0038", "related_rule": "Ba'al rainfed discipline", "evidence": { "final_ndvi_mean": 0.303487092256546, "health_index": 30.7, "confidence_score": 0.85, "shadow_fraction": 0.0, "crown_area_m2": 27.0, "review_status": "unreviewed" }, "recommended_task": "Field inspection: check irrigation, pruning, stress.", "confidence_score": 0.85, "status": "open", "alert_id": "ALERT-V1-01137" }, "geometry": { "type": "Point", "coordinates": [ 35.388541128323972, 32.920730665153314 ] } },
{ "type": "Feature", "properties": { "alert_type": "low_vigor_tree", "severity": "medium", "grove_code": "ROES_ALMAL", "tree_code_optional": "KOG-ROES_ALMAL-0039", "related_rule": "Ba'al rainfed discipline", "evidence": { "final_ndvi_mean": 0.3218185305595398, "health_index": 38.4, "confidence_score": 0.85, "shadow_fraction": 0.0, "crown_area_m2": 32.5, "review_status": "unreviewed" }, "recommended_task": "Field inspection: check irrigation, pruning, stress.", "confidence_score": 0.85, "status": "open", "alert_id": "ALERT-V1-01138" }, "geometry": { "type": "Point", "coordinates": [ 35.388201460671745, 32.920698883257067 ] } },
{ "type": "Feature", "properties": { "alert_type": "low_vigor_tree", "severity": "medium", "grove_code": "ROES_ALMAL", "tree_code_optional": "KOG-ROES_ALMAL-0040", "related_rule": "Ba'al rainfed discipline", "evidence": { "final_ndvi_mean": 0.30236929655075073, "health_index": 34.5, "confidence_score": 0.85, "shadow_fraction": 0.0, "crown_area_m2": 21.25, "review_status": "unreviewed" }, "recommended_task": "Field inspection: check irrigation, pruning, stress.", "confidence_score": 0.85, "status": "open", "alert_id": "ALERT-V1-01139" }, "geometry": { "type": "Point", "coordinates": [ 35.388488843909649, 32.920699293040222 ] } },
{ "type": "Feature", "properties": { "alert_type": "low_vigor_tree", "severity": "medium", "grove_code": "ROES_ALMAL", "tree_code_optional": "KOG-ROES_ALMAL-0041", "related_rule": "Ba'al rainfed discipline", "evidence": { "final_ndvi_mean": 0.3540959656238556, "health_index": 40.8, "confidence_score": 0.85, "shadow_fraction": 0.0, "crown_area_m2": 38.5, "review_status": "unreviewed" }, "recommended_task": "Field inspection: check irrigation, pruning, stress.", "confidence_score": 0.85, "status": "open", "alert_id": "ALERT-V1-01140" }, "geometry": { "type": "Point", "coordinates": [ 35.388413049067672, 32.920188728738687 ] } },
{ "type": "Feature", "properties": { "alert_type": "low_vigor_tree", "severity": "medium", "grove_code": "ROES_ALMAL", "tree_code_optional": "KOG-ROES_ALMAL-0042", "related_rule": "Ba'al rainfed discipline", "evidence": { "final_ndvi_mean": 0.3150578439235687, "health_index": 37.0, "confidence_score": 0.85, "shadow_fraction": 0.0, "crown_area_m2": 23.75, "review_status": "unreviewed" }, "recommended_task": "Field inspection: check irrigation, pruning, stress.", "confidence_score": 0.85, "status": "open", "alert_id": "ALERT-V1-01141" }, "geometry": { "type": "Point", "coordinates": [ 35.388469809241563, 32.920861780633757 ] } },
{ "type": "Feature", "properties": { "alert_type": "low_vigor_tree", "severity": "medium", "grove_code": "ROES_ALMAL", "tree_code_optional": "KOG-ROES_ALMAL-0043", "related_rule": "Ba'al rainfed discipline", "evidence": { "final_ndvi_mean": 0.3032139837741852, "health_index": 34.6, "confidence_score": 0.85, "shadow_fraction": 0.0, "crown_area_m2": 21.25, "review_status": "unreviewed" }, "recommended_task": "Field inspection: check irrigation, pruning, stress.", "confidence_score": 0.85, "status": "open", "alert_id": "ALERT-V1-01142" }, "geometry": { "type": "Point", "coordinates": [ 35.388424916917565, 32.920740297310587 ] } },
{ "type": "Feature", "properties": { "alert_type": "low_vigor_tree", "severity": "medium", "grove_code": "ROES_ALMAL", "tree_code_optional": "KOG-ROES_ALMAL-0044", "related_rule": "Ba'al rainfed discipline", "evidence": { "final_ndvi_mean": 0.307403028011322, "health_index": 35.5, "confidence_score": 0.85, "shadow_fraction": 0.0, "crown_area_m2": 28.0, "review_status": "unreviewed" }, "recommended_task": "Field inspection: check irrigation, pruning, stress.", "confidence_score": 0.85, "status": "open", "alert_id": "ALERT-V1-01143" }, "geometry": { "type": "Point", "coordinates": [ 35.3882671175121, 32.920740521376082 ] } },
{ "type": "Feature", "properties": { "alert_type": "low_vigor_tree", "severity": "medium", "grove_code": "ROES_ALMAL", "tree_code_optional": "KOG-ROES_ALMAL-0045", "related_rule": "Ba'al rainfed discipline", "evidence": { "final_ndvi_mean": 0.29350796341896057, "health_index": 32.7, "confidence_score": 0.85, "shadow_fraction": 0.0, "crown_area_m2": 27.75, "review_status": "unreviewed" }, "recommended_task": "Field inspection: check irrigation, pruning, stress.", "confidence_score": 0.85, "status": "open", "alert_id": "ALERT-V1-01144" }, "geometry": { "type": "Point", "coordinates": [ 35.388378271129781, 32.920679097602175 ] } },
{ "type": "Feature", "properties": { "alert_type": "low_vigor_tree", "severity": "medium", "grove_code": "ROES_ALMAL", "tree_code_optional": "KOG-ROES_ALMAL-0046", "related_rule": "Ba'al rainfed discipline", "evidence": { "final_ndvi_mean": 0.29075315594673157, "health_index": 28.2, "confidence_score": 0.85, "shadow_fraction": 0.0, "crown_area_m2": 25.25, "review_status": "unreviewed" }, "recommended_task": "Field inspection: check irrigation, pruning, stress.", "confidence_score": 0.85, "status": "open", "alert_id": "ALERT-V1-01145" }, "geometry": { "type": "Point", "coordinates": [ 35.388440660245536, 32.920641097382187 ] } },
{ "type": "Feature", "properties": { "alert_type": "low_vigor_tree", "severity": "medium", "grove_code": "ROES_ALMAL", "tree_code_optional": "KOG-ROES_ALMAL-0047", "related_rule": "Ba'al rainfed discipline", "evidence": { "final_ndvi_mean": 0.2977581024169922, "health_index": 29.6, "confidence_score": 0.85, "shadow_fraction": 0.0, "crown_area_m2": 26.75, "review_status": "unreviewed" }, "recommended_task": "Field inspection: check irrigation, pruning, stress.", "confidence_score": 0.85, "status": "open", "alert_id": "ALERT-V1-01146" }, "geometry": { "type": "Point", "coordinates": [ 35.388559873393739, 32.920523587047214 ] } },
{ "type": "Feature", "properties": { "alert_type": "low_vigor_tree", "severity": "medium", "grove_code": "ROES_ALMAL", "tree_code_optional": "KOG-ROES_ALMAL-0048", "related_rule": "Ba'al rainfed discipline", "evidence": { "final_ndvi_mean": 0.2782622277736664, "health_index": 29.7, "confidence_score": 0.85, "shadow_fraction": 0.0, "crown_area_m2": 19.0, "review_status": "unreviewed" }, "recommended_task": "Field inspection: check irrigation, pruning, stress.", "confidence_score": 0.85, "status": "open", "alert_id": "ALERT-V1-01147" }, "geometry": { "type": "Point", "coordinates": [ 35.388343679544967, 32.920503810093983 ] } },
{ "type": "Feature", "properties": { "alert_type": "low_vigor_tree", "severity": "medium", "grove_code": "ROES_ALMAL", "tree_code_optional": "KOG-ROES_ALMAL-0049", "related_rule": "Ba'al rainfed discipline", "evidence": { "final_ndvi_mean": 0.3375217020511627, "health_index": 37.5, "confidence_score": 0.85, "shadow_fraction": 0.0, "crown_area_m2": 18.5, "review_status": "unreviewed" }, "recommended_task": "Field inspection: check irrigation, pruning, stress.", "confidence_score": 0.85, "status": "open", "alert_id": "ALERT-V1-01148" }, "geometry": { "type": "Point", "coordinates": [ 35.38855704281066, 32.920476751519608 ] } },
{ "type": "Feature", "properties": { "alert_type": "low_vigor_tree", "severity": "medium", "grove_code": "ROES_ALMAL", "tree_code_optional": "KOG-ROES_ALMAL-0050", "related_rule": "Ba'al rainfed discipline", "evidence": { "final_ndvi_mean": 0.29949602484703064, "health_index": 29.9, "confidence_score": 0.85, "shadow_fraction": 0.0, "crown_area_m2": 24.5, "review_status": "unreviewed" }, "recommended_task": "Field inspection: check irrigation, pruning, stress.", "confidence_score": 0.85, "status": "open", "alert_id": "ALERT-V1-01149" }, "geometry": { "type": "Point", "coordinates": [ 35.387993175477753, 32.920376619756325 ] } },
{ "type": "Feature", "properties": { "alert_type": "low_vigor_tree", "severity": "medium", "grove_code": "ROES_ALMAL", "tree_code_optional": "KOG-ROES_ALMAL-0051", "related_rule": "Ba'al rainfed discipline", "evidence": { "final_ndvi_mean": 0.29050394892692566, "health_index": 32.1, "confidence_score": 0.85, "shadow_fraction": 0.0, "crown_area_m2": 22.25, "review_status": "unreviewed" }, "recommended_task": "Field inspection: check irrigation, pruning, stress.", "confidence_score": 0.85, "status": "open", "alert_id": "ALERT-V1-01150" }, "geometry": { "type": "Point", "coordinates": [ 35.388110299208904, 32.92034307474502 ] } },
{ "type": "Feature", "properties": { "alert_type": "low_vigor_tree", "severity": "medium", "grove_code": "ROES_ALMAL", "tree_code_optional": "KOG-ROES_ALMAL-0052", "related_rule": "Ba'al rainfed discipline", "evidence": { "final_ndvi_mean": 0.28020960092544556, "health_index": 26.0, "confidence_score": 0.85, "shadow_fraction": 0.0, "crown_area_m2": 19.75, "review_status": "unreviewed" }, "recommended_task": "Field inspection: check irrigation, pruning, stress.", "confidence_score": 0.85, "status": "open", "alert_id": "ALERT-V1-01151" }, "geometry": { "type": "Point", "coordinates": [ 35.3885893723183, 32.920653218602162 ] } },
{ "type": "Feature", "properties": { "alert_type": "low_vigor_tree", "severity": "medium", "grove_code": "ROES_ALMAL", "tree_code_optional": "KOG-ROES_ALMAL-0053", "related_rule": "Ba'al rainfed discipline", "evidence": { "final_ndvi_mean": 0.2852279245853424, "health_index": 31.0, "confidence_score": 0.85, "shadow_fraction": 0.0, "crown_area_m2": 21.0, "review_status": "unreviewed" }, "recommended_task": "Field inspection: check irrigation, pruning, stress.", "confidence_score": 0.85, "status": "open", "alert_id": "ALERT-V1-01152" }, "geometry": { "type": "Point", "coordinates": [ 35.388350894777211, 32.920818505105807 ] } },
{ "type": "Feature", "properties": { "alert_type": "low_vigor_tree", "severity": "medium", "grove_code": "ROES_ALMAL", "tree_code_optional": "KOG-ROES_ALMAL-0054", "related_rule": "Ba'al rainfed discipline", "evidence": { "final_ndvi_mean": 0.3295999765396118, "health_index": 35.9, "confidence_score": 0.85, "shadow_fraction": 0.0, "crown_area_m2": 25.0, "review_status": "unreviewed" }, "recommended_task": "Field inspection: check irrigation, pruning, stress.", "confidence_score": 0.85, "status": "open", "alert_id": "ALERT-V1-01153" }, "geometry": { "type": "Point", "coordinates": [ 35.388490205557048, 32.920312047223966 ] } },
{ "type": "Feature", "properties": { "alert_type": "low_vigor_tree", "severity": "medium", "grove_code": "ROES_ALMAL", "tree_code_optional": "KOG-ROES_ALMAL-0055", "related_rule": "Ba'al rainfed discipline", "evidence": { "final_ndvi_mean": 0.3136051297187805, "health_index": 32.7, "confidence_score": 0.85, "shadow_fraction": 0.0, "crown_area_m2": 15.75, "review_status": "unreviewed" }, "recommended_task": "Field inspection: check irrigation, pruning, stress.", "confidence_score": 0.85, "status": "open", "alert_id": "ALERT-V1-01154" }, "geometry": { "type": "Point", "coordinates": [ 35.388687316554794, 32.920643374892045 ] } },
{ "type": "Feature", "properties": { "alert_type": "low_vigor_tree", "severity": "medium", "grove_code": "ROES_ALMAL", "tree_code_optional": "KOG-ROES_ALMAL-0056", "related_rule": "Ba'al rainfed discipline", "evidence": { "final_ndvi_mean": 0.3306768238544464, "health_index": 40.1, "confidence_score": 0.85, "shadow_fraction": 0.0, "crown_area_m2": 17.5, "review_status": "unreviewed" }, "recommended_task": "Field inspection: check irrigation, pruning, stress.", "confidence_score": 0.85, "status": "open", "alert_id": "ALERT-V1-01155" }, "geometry": { "type": "Point", "coordinates": [ 35.388452712317438, 32.920224929489557 ] } },
{ "type": "Feature", "properties": { "alert_type": "low_vigor_tree", "severity": "medium", "grove_code": "ROES_ALMAL", "tree_code_optional": "KOG-ROES_ALMAL-0057", "related_rule": "Ba'al rainfed discipline", "evidence": { "final_ndvi_mean": 0.27531537413597107, "health_index": 25.1, "confidence_score": 0.85, "shadow_fraction": 0.0, "crown_area_m2": 14.5, "review_status": "unreviewed" }, "recommended_task": "Field inspection: check irrigation, pruning, stress.", "confidence_score": 0.85, "status": "open", "alert_id": "ALERT-V1-01156" }, "geometry": { "type": "Point", "coordinates": [ 35.388349145219856, 32.920773413378939 ] } },
{ "type": "Feature", "properties": { "alert_type": "low_vigor_tree", "severity": "medium", "grove_code": "ROES_ALMAL", "tree_code_optional": "KOG-ROES_ALMAL-0058", "related_rule": "Ba'al rainfed discipline", "evidence": { "final_ndvi_mean": 0.3095889687538147, "health_index": 31.9, "confidence_score": 0.85, "shadow_fraction": 0.0, "crown_area_m2": 15.75, "review_status": "unreviewed" }, "recommended_task": "Field inspection: check irrigation, pruning, stress.", "confidence_score": 0.85, "status": "open", "alert_id": "ALERT-V1-01157" }, "geometry": { "type": "Point", "coordinates": [ 35.388540056815749, 32.920427199923814 ] } },
{ "type": "Feature", "properties": { "alert_type": "low_vigor_tree", "severity": "medium", "grove_code": "ROES_ALMAL", "tree_code_optional": "KOG-ROES_ALMAL-0059", "related_rule": "Ba'al rainfed discipline", "evidence": { "final_ndvi_mean": 0.2994321882724762, "health_index": 33.9, "confidence_score": 0.85, "shadow_fraction": 0.0, "crown_area_m2": 12.75, "review_status": "unreviewed" }, "recommended_task": "Field inspection: check irrigation, pruning, stress.", "confidence_score": 0.85, "status": "open", "alert_id": "ALERT-V1-01158" }, "geometry": { "type": "Point", "coordinates": [ 35.388209775755215, 32.920239037034243 ] } },
{ "type": "Feature", "properties": { "alert_type": "low_vigor_tree", "severity": "medium", "grove_code": "ROES_ALMAL", "tree_code_optional": "KOG-ROES_ALMAL-0060", "related_rule": "Ba'al rainfed discipline", "evidence": { "final_ndvi_mean": 0.30520281195640564, "health_index": 31.0, "confidence_score": 0.85, "shadow_fraction": 0.0, "crown_area_m2": 12.5, "review_status": "unreviewed" }, "recommended_task": "Field inspection: check irrigation, pruning, stress.", "confidence_score": 0.85, "status": "open", "alert_id": "ALERT-V1-01159" }, "geometry": { "type": "Point", "coordinates": [ 35.388513974493826, 32.920363036253661 ] } },
{ "type": "Feature", "properties": { "alert_type": "low_vigor_tree", "severity": "medium", "grove_code": "ROES_ALMAL", "tree_code_optional": "KOG-ROES_ALMAL-0061", "related_rule": "Ba'al rainfed discipline", "evidence": { "final_ndvi_mean": 0.2746345102787018, "health_index": 28.9, "confidence_score": 0.85, "shadow_fraction": 0.0, "crown_area_m2": 8.75, "review_status": "unreviewed" }, "recommended_task": "Field inspection: check irrigation, pruning, stress.", "confidence_score": 0.85, "status": "open", "alert_id": "ALERT-V1-01160" }, "geometry": { "type": "Point", "coordinates": [ 35.38822476164556, 32.920367187183537 ] } },
{ "type": "Feature", "properties": { "alert_type": "low_vigor_tree", "severity": "medium", "grove_code": "ROES_ALMAL", "tree_code_optional": "KOG-ROES_ALMAL-0062", "related_rule": "Ba'al rainfed discipline", "evidence": { "final_ndvi_mean": 0.3183991611003876, "health_index": 33.7, "confidence_score": 0.85, "shadow_fraction": 0.0, "crown_area_m2": 12.75, "review_status": "unreviewed" }, "recommended_task": "Field inspection: check irrigation, pruning, stress.", "confidence_score": 0.85, "status": "open", "alert_id": "ALERT-V1-01161" }, "geometry": { "type": "Point", "coordinates": [ 35.387976269857297, 32.920302466594492 ] } },
{ "type": "Feature", "properties": { "alert_type": "low_vigor_tree", "severity": "medium", "grove_code": "ROES_ALMAL", "tree_code_optional": "KOG-ROES_ALMAL-0064", "related_rule": "Ba'al rainfed discipline", "evidence": { "final_ndvi_mean": 0.2776561975479126, "health_index": 25.5, "confidence_score": 0.85, "shadow_fraction": 0.0, "crown_area_m2": 6.25, "review_status": "unreviewed" }, "recommended_task": "Field inspection: check irrigation, pruning, stress.", "confidence_score": 0.85, "status": "open", "alert_id": "ALERT-V1-01162" }, "geometry": { "type": "Point", "coordinates": [ 35.388474387609449, 32.92040572339824 ] } },
{ "type": "Feature", "properties": { "alert_type": "low_vigor_tree", "severity": "medium", "grove_code": "ROES_ALMAL", "tree_code_optional": "KOG-ROES_ALMAL-0065", "related_rule": "Ba'al rainfed discipline", "evidence": { "final_ndvi_mean": 0.2829428017139435, "health_index": 26.6, "confidence_score": 0.85, "shadow_fraction": 0.0, "crown_area_m2": 6.5, "review_status": "unreviewed" }, "recommended_task": "Field inspection: check irrigation, pruning, stress.", "confidence_score": 0.85, "status": "open", "alert_id": "ALERT-V1-01163" }, "geometry": { "type": "Point", "coordinates": [ 35.388486442563071, 32.920385772857784 ] } },
{ "type": "Feature", "properties": { "alert_type": "low_vigor_tree", "severity": "medium", "grove_code": "ROES_ALMAL", "tree_code_optional": "KOG-ROES_ALMAL-0066", "related_rule": "Ba'al rainfed discipline", "evidence": { "final_ndvi_mean": 0.26872503757476807, "health_index": 23.7, "confidence_score": 0.85, "shadow_fraction": 0.0, "crown_area_m2": 4.0, "review_status": "unreviewed" }, "recommended_task": "Field inspection: check irrigation, pruning, stress.", "confidence_score": 0.85, "status": "open", "alert_id": "ALERT-V1-01164" }, "geometry": { "type": "Point", "coordinates": [ 35.388609387904765, 32.920570096817862 ] } },
{ "type": "Feature", "properties": { "alert_type": "low_vigor_tree", "severity": "medium", "grove_code": "ROES_ALMAL", "tree_code_optional": "KOG-ROES_ALMAL-0067", "related_rule": "Ba'al rainfed discipline", "evidence": { "final_ndvi_mean": 0.2619229853153229, "health_index": 26.4, "confidence_score": 0.85, "shadow_fraction": 0.0, "crown_area_m2": 5.5, "review_status": "unreviewed" }, "recommended_task": "Field inspection: check irrigation, pruning, stress.", "confidence_score": 0.85, "status": "open", "alert_id": "ALERT-V1-01165" }, "geometry": { "type": "Point", "coordinates": [ 35.388235968704905, 32.920301902259837 ] } },
{ "type": "Feature", "properties": { "alert_type": "low_vigor_tree", "severity": "medium", "grove_code": "ROES_ALMAL", "tree_code_optional": "KOG-ROES_ALMAL-0068", "related_rule": "Ba'al rainfed discipline", "evidence": { "final_ndvi_mean": 0.2780194878578186, "health_index": 25.6, "confidence_score": 0.85, "shadow_fraction": 0.0, "crown_area_m2": 2.0, "review_status": "unreviewed" }, "recommended_task": "Field inspection: check irrigation, pruning, stress.", "confidence_score": 0.85, "status": "open", "alert_id": "ALERT-V1-01166" }, "geometry": { "type": "Point", "coordinates": [ 35.387962961763272, 32.920423525788649 ] } },
{ "type": "Feature", "properties": { "alert_type": "low_vigor_tree", "severity": "medium", "grove_code": "MORAN", "tree_code_optional": "KOG-MORAN-M0008", "related_rule": "Ba'al rainfed discipline", "evidence": { "final_ndvi_mean": 0.3431185185909271, "health_index": 42.6, "confidence_score": 0.85, "shadow_fraction": 0.0, "crown_area_m2": 12.394, "review_status": "needs_field_check" }, "recommended_task": "Field inspection: check irrigation, pruning, stress.", "confidence_score": 0.85, "status": "open", "alert_id": "ALERT-V1-01167" }, "geometry": { "type": "Point", "coordinates": [ 35.392533838748932, 32.926938986175294 ] } },
{ "type": "Feature", "properties": { "alert_type": "low_vigor_tree", "severity": "medium", "grove_code": "MORAN", "tree_code_optional": "KOG-MORAN-M0009", "related_rule": "Ba'al rainfed discipline", "evidence": { "final_ndvi_mean": 0.19742467999458313, "health_index": 3.5, "confidence_score": 0.85, "shadow_fraction": 0.0, "crown_area_m2": 12.394, "review_status": "needs_field_check" }, "recommended_task": "Field inspection: check irrigation, pruning, stress.", "confidence_score": 0.85, "status": "open", "alert_id": "ALERT-V1-01168" }, "geometry": { "type": "Point", "coordinates": [ 35.392714887857451, 32.926889456445572 ] } },
{ "type": "Feature", "properties": { "alert_type": "low_vigor_tree", "severity": "medium", "grove_code": "MORAN", "tree_code_optional": "KOG-MORAN-M0011", "related_rule": "Ba'al rainfed discipline", "evidence": { "final_ndvi_mean": 0.21506519615650177, "health_index": 7.0, "confidence_score": 0.85, "shadow_fraction": 0.0, "crown_area_m2": 12.394, "review_status": "needs_field_check" }, "recommended_task": "Field inspection: check irrigation, pruning, stress.", "confidence_score": 0.85, "status": "open", "alert_id": "ALERT-V1-01169" }, "geometry": { "type": "Point", "coordinates": [ 35.392123460769653, 32.926090222882344 ] } },
{ "type": "Feature", "properties": { "alert_type": "low_vigor_tree", "severity": "medium", "grove_code": "MORAN", "tree_code_optional": "KOG-MORAN-M0014", "related_rule": "Ba'al rainfed discipline", "evidence": { "final_ndvi_mean": 0.3103708326816559, "health_index": 36.1, "confidence_score": 0.85, "shadow_fraction": 0.0, "crown_area_m2": 12.394, "review_status": "needs_field_check" }, "recommended_task": "Field inspection: check irrigation, pruning, stress.", "confidence_score": 0.85, "status": "open", "alert_id": "ALERT-V1-01170" }, "geometry": { "type": "Point", "coordinates": [ 35.39180696010591, 32.92618084057176 ] } },
{ "type": "Feature", "properties": { "alert_type": "low_vigor_tree", "severity": "medium", "grove_code": "MORAN", "tree_code_optional": "KOG-MORAN-M0015", "related_rule": "Ba'al rainfed discipline", "evidence": { "final_ndvi_mean": 0.3461119830608368, "health_index": 43.2, "confidence_score": 0.85, "shadow_fraction": 0.0, "crown_area_m2": 12.394, "review_status": "needs_field_check" }, "recommended_task": "Field inspection: check irrigation, pruning, stress.", "confidence_score": 0.85, "status": "open", "alert_id": "ALERT-V1-01171" }, "geometry": { "type": "Point", "coordinates": [ 35.391694307327285, 32.926238813330599 ] } },
{ "type": "Feature", "properties": { "alert_type": "low_vigor_tree", "severity": "medium", "grove_code": "MORAN", "tree_code_optional": "KOG-MORAN-M0016", "related_rule": "Ba'al rainfed discipline", "evidence": { "final_ndvi_mean": 0.33056750893592834, "health_index": 40.1, "confidence_score": 0.85, "shadow_fraction": 0.0, "crown_area_m2": 12.394, "review_status": "needs_field_check" }, "recommended_task": "Field inspection: check irrigation, pruning, stress.", "confidence_score": 0.85, "status": "open", "alert_id": "ALERT-V1-01172" }, "geometry": { "type": "Point", "coordinates": [ 35.391715094447115, 32.926171272248695 ] } },
{ "type": "Feature", "properties": { "alert_type": "low_vigor_tree", "severity": "medium", "grove_code": "MORAN", "tree_code_optional": "KOG-MORAN-M0017", "related_rule": "Ba'al rainfed discipline", "evidence": { "final_ndvi_mean": 0.35212162137031555, "health_index": 44.4, "confidence_score": 0.85, "shadow_fraction": 0.0, "crown_area_m2": 12.394, "review_status": "needs_field_check" }, "recommended_task": "Field inspection: check irrigation, pruning, stress.", "confidence_score": 0.85, "status": "open", "alert_id": "ALERT-V1-01173" }, "geometry": { "type": "Point", "coordinates": [ 35.391359031200409, 32.926316485511059 ] } },
{ "type": "Feature", "properties": { "alert_type": "low_vigor_tree", "severity": "medium", "grove_code": "MORAN", "tree_code_optional": "KOG-MORAN-M0026", "related_rule": "Ba'al rainfed discipline", "evidence": { "final_ndvi_mean": 0.32548776268959045, "health_index": 39.1, "confidence_score": 0.85, "shadow_fraction": 0.0, "crown_area_m2": 12.394, "review_status": "needs_field_check" }, "recommended_task": "Field inspection: check irrigation, pruning, stress.", "confidence_score": 0.85, "status": "open", "alert_id": "ALERT-V1-01174" }, "geometry": { "type": "Point", "coordinates": [ 35.392000079154975, 32.927462423669475 ] } },
{ "type": "Feature", "properties": { "alert_type": "low_vigor_tree", "severity": "medium", "grove_code": "MORAN", "tree_code_optional": "KOG-MORAN-M0027", "related_rule": "Ba'al rainfed discipline", "evidence": { "final_ndvi_mean": 0.28987759351730347, "health_index": 32.0, "confidence_score": 0.85, "shadow_fraction": 0.0, "crown_area_m2": 12.394, "review_status": "needs_field_check" }, "recommended_task": "Field inspection: check irrigation, pruning, stress.", "confidence_score": 0.85, "status": "open", "alert_id": "ALERT-V1-01175" }, "geometry": { "type": "Point", "coordinates": [ 35.391994044184685, 32.927537280606408 ] } },
{ "type": "Feature", "properties": { "alert_type": "low_vigor_tree", "severity": "medium", "grove_code": "MORAN", "tree_code_optional": "KOG-MORAN-M0028", "related_rule": "Ba'al rainfed discipline", "evidence": { "final_ndvi_mean": 0.27701205015182495, "health_index": 29.4, "confidence_score": 0.85, "shadow_fraction": 0.0, "crown_area_m2": 12.394, "review_status": "needs_field_check" }, "recommended_task": "Field inspection: check irrigation, pruning, stress.", "confidence_score": 0.85, "status": "open", "alert_id": "ALERT-V1-01176" }, "geometry": { "type": "Point", "coordinates": [ 35.391967222094543, 32.927496756558199 ] } },
{ "type": "Feature", "properties": { "alert_type": "low_vigor_tree", "severity": "medium", "grove_code": "MENEZLEH", "tree_code_optional": "KOG-MENEZLEH-M0002", "related_rule": "Ba'al rainfed discipline", "evidence": { "final_ndvi_mean": 0.2794899344444275, "health_index": 29.9, "confidence_score": 0.85, "shadow_fraction": 0.0, "crown_area_m2": 12.394, "review_status": "needs_field_check" }, "recommended_task": "Field inspection: check irrigation, pruning, stress.", "confidence_score": 0.85, "status": "open", "alert_id": "ALERT-V1-01177" }, "geometry": { "type": "Point", "coordinates": [ 35.367319732904434, 32.933624119548746 ] } },
{ "type": "Feature", "properties": { "alert_type": "low_vigor_tree", "severity": "medium", "grove_code": "ALMAFAREQ", "tree_code_optional": "KOG-ALMAFAREQ-M0001", "related_rule": "Ba'al rainfed discipline", "evidence": { "final_ndvi_mean": 0.3375991880893707, "health_index": 41.5, "confidence_score": 0.85, "shadow_fraction": 0.0, "crown_area_m2": 12.394, "review_status": "needs_field_check" }, "recommended_task": "Field inspection: check irrigation, pruning, stress.", "confidence_score": 0.85, "status": "open", "alert_id": "ALERT-V1-01178" }, "geometry": { "type": "Point", "coordinates": [ 35.375550091266625, 32.929487478485335 ] } },
{ "type": "Feature", "properties": { "alert_type": "low_vigor_tree", "severity": "medium", "grove_code": "ALMAFAREQ", "tree_code_optional": "KOG-ALMAFAREQ-M0003", "related_rule": "Ba'al rainfed discipline", "evidence": { "final_ndvi_mean": 0.33409908413887024, "health_index": 40.8, "confidence_score": 0.85, "shadow_fraction": 0.0, "crown_area_m2": 12.394, "review_status": "needs_field_check" }, "recommended_task": "Field inspection: check irrigation, pruning, stress.", "confidence_score": 0.85, "status": "open", "alert_id": "ALERT-V1-01179" }, "geometry": { "type": "Point", "coordinates": [ 35.375509858131423, 32.929355778163952 ] } },
{ "type": "Feature", "properties": { "alert_type": "low_vigor_tree", "severity": "medium", "grove_code": "ALMAFAREQ", "tree_code_optional": "KOG-ALMAFAREQ-M0005", "related_rule": "Ba'al rainfed discipline", "evidence": { "final_ndvi_mean": 0.3189033567905426, "health_index": 37.8, "confidence_score": 0.85, "shadow_fraction": 0.0, "crown_area_m2": 12.394, "review_status": "needs_field_check" }, "recommended_task": "Field inspection: check irrigation, pruning, stress.", "confidence_score": 0.85, "status": "open", "alert_id": "ALERT-V1-01180" }, "geometry": { "type": "Point", "coordinates": [ 35.375668108463294, 32.929422191171057 ] } },
{ "type": "Feature", "properties": { "alert_type": "low_vigor_tree", "severity": "medium", "grove_code": "ALMAFAREQ", "tree_code_optional": "KOG-ALMAFAREQ-M0006", "related_rule": "Ba'al rainfed discipline", "evidence": { "final_ndvi_mean": 0.329914927482605, "health_index": 40.0, "confidence_score": 0.85, "shadow_fraction": 0.0, "crown_area_m2": 12.394, "review_status": "needs_field_check" }, "recommended_task": "Field inspection: check irrigation, pruning, stress.", "confidence_score": 0.85, "status": "open", "alert_id": "ALERT-V1-01181" }, "geometry": { "type": "Point", "coordinates": [ 35.37565469741822, 32.929364783320388 ] } },
{ "type": "Feature", "properties": { "alert_type": "low_vigor_tree", "severity": "medium", "grove_code": "ALMAFAREQ", "tree_code_optional": "KOG-ALMAFAREQ-M0007", "related_rule": "Ba'al rainfed discipline", "evidence": { "final_ndvi_mean": 0.29261383414268494, "health_index": 32.5, "confidence_score": 0.85, "shadow_fraction": 0.0, "crown_area_m2": 12.394, "review_status": "needs_field_check" }, "recommended_task": "Field inspection: check irrigation, pruning, stress.", "confidence_score": 0.85, "status": "open", "alert_id": "ALERT-V1-01182" }, "geometry": { "type": "Point", "coordinates": [ 35.375719070434563, 32.929346773006635 ] } },
{ "type": "Feature", "properties": { "alert_type": "low_vigor_tree", "severity": "medium", "grove_code": "ALMAFAREQ", "tree_code_optional": "KOG-ALMAFAREQ-M0008", "related_rule": "Ba'al rainfed discipline", "evidence": { "final_ndvi_mean": 0.31998640298843384, "health_index": 38.0, "confidence_score": 0.85, "shadow_fraction": 0.0, "crown_area_m2": 12.394, "review_status": "needs_field_check" }, "recommended_task": "Field inspection: check irrigation, pruning, stress.", "confidence_score": 0.85, "status": "open", "alert_id": "ALERT-V1-01183" }, "geometry": { "type": "Point", "coordinates": [ 35.37579283118248, 32.929337767848367 ] } },
{ "type": "Feature", "properties": { "alert_type": "low_vigor_tree", "severity": "medium", "grove_code": "ALMAFAREQ", "tree_code_optional": "KOG-ALMAFAREQ-M0009", "related_rule": "Ba'al rainfed discipline", "evidence": { "final_ndvi_mean": 0.33320319652557373, "health_index": 40.6, "confidence_score": 0.85, "shadow_fraction": 0.0, "crown_area_m2": 12.394, "review_status": "needs_field_check" }, "recommended_task": "Field inspection: check irrigation, pruning, stress.", "confidence_score": 0.85, "status": "open", "alert_id": "ALERT-V1-01184" }, "geometry": { "type": "Point", "coordinates": [ 35.37583842873574, 32.929296118979522 ] } },
{ "type": "Feature", "properties": { "alert_type": "low_vigor_tree", "severity": "medium", "grove_code": "ALMAFAREQ", "tree_code_optional": "KOG-ALMAFAREQ-M0011", "related_rule": "Ba'al rainfed discipline", "evidence": { "final_ndvi_mean": 0.3426763415336609, "health_index": 42.5, "confidence_score": 0.85, "shadow_fraction": 0.0, "crown_area_m2": 12.394, "review_status": "needs_field_check" }, "recommended_task": "Field inspection: check irrigation, pruning, stress.", "confidence_score": 0.85, "status": "open", "alert_id": "ALERT-V1-01185" }, "geometry": { "type": "Point", "coordinates": [ 35.375579595565803, 32.929657450405145 ] } },
{ "type": "Feature", "properties": { "alert_type": "low_vigor_tree", "severity": "medium", "grove_code": "ALMAFAREQ", "tree_code_optional": "KOG-ALMAFAREQ-M0012", "related_rule": "Ba'al rainfed discipline", "evidence": { "final_ndvi_mean": 0.21515552699565887, "health_index": 7.0, "confidence_score": 0.85, "shadow_fraction": 0.0, "crown_area_m2": 12.394, "review_status": "needs_field_check" }, "recommended_task": "Field inspection: check irrigation, pruning, stress.", "confidence_score": 0.85, "status": "open", "alert_id": "ALERT-V1-01186" }, "geometry": { "type": "Point", "coordinates": [ 35.375712364912033, 32.929576404232471 ] } },
{ "type": "Feature", "properties": { "alert_type": "low_vigor_tree", "severity": "medium", "grove_code": "ALMAFAREQ", "tree_code_optional": "KOG-ALMAFAREQ-M0013", "related_rule": "Ba'al rainfed discipline", "evidence": { "final_ndvi_mean": 0.2559025287628174, "health_index": 25.2, "confidence_score": 0.85, "shadow_fraction": 0.0, "crown_area_m2": 12.394, "review_status": "needs_field_check" }, "recommended_task": "Field inspection: check irrigation, pruning, stress.", "confidence_score": 0.85, "status": "open", "alert_id": "ALERT-V1-01187" }, "geometry": { "type": "Point", "coordinates": [ 35.376453995704658, 32.929652947841937 ] } },
{ "type": "Feature", "properties": { "alert_type": "low_vigor_tree", "severity": "medium", "grove_code": "ALMAFAREQ", "tree_code_optional": "KOG-ALMAFAREQ-M0014", "related_rule": "Ba'al rainfed discipline", "evidence": { "final_ndvi_mean": 0.3193042576313019, "health_index": 37.9, "confidence_score": 0.85, "shadow_fraction": 0.0, "crown_area_m2": 12.394, "review_status": "needs_field_check" }, "recommended_task": "Field inspection: check irrigation, pruning, stress.", "confidence_score": 0.85, "status": "open", "alert_id": "ALERT-V1-01188" }, "geometry": { "type": "Point", "coordinates": [ 35.376942157745361, 32.929917473041264 ] } },
{ "type": "Feature", "properties": { "alert_type": "low_vigor_tree", "severity": "medium", "grove_code": "ALMAFAREQ", "tree_code_optional": "KOG-ALMAFAREQ-M0015", "related_rule": "Ba'al rainfed discipline", "evidence": { "final_ndvi_mean": 0.35030877590179443, "health_index": 44.1, "confidence_score": 0.85, "shadow_fraction": 0.0, "crown_area_m2": 12.394, "review_status": "needs_field_check" }, "recommended_task": "Field inspection: check irrigation, pruning, stress.", "confidence_score": 0.85, "status": "open", "alert_id": "ALERT-V1-01189" }, "geometry": { "type": "Point", "coordinates": [ 35.376869738101959, 32.929938860150472 ] } },
{ "type": "Feature", "properties": { "alert_type": "low_vigor_tree", "severity": "medium", "grove_code": "ALMAFAREQ", "tree_code_optional": "KOG-ALMAFAREQ-M0016", "related_rule": "Ba'al rainfed discipline", "evidence": { "final_ndvi_mean": 0.30619412660598755, "health_index": 35.2, "confidence_score": 0.85, "shadow_fraction": 0.0, "crown_area_m2": 12.394, "review_status": "needs_field_check" }, "recommended_task": "Field inspection: check irrigation, pruning, stress.", "confidence_score": 0.85, "status": "open", "alert_id": "ALERT-V1-01190" }, "geometry": { "type": "Point", "coordinates": [ 35.376770496368415, 32.929939985787691 ] } },
{ "type": "Feature", "properties": { "alert_type": "low_vigor_tree", "severity": "medium", "grove_code": "ALMAFAREQ", "tree_code_optional": "KOG-ALMAFAREQ-M0017", "related_rule": "Ba'al rainfed discipline", "evidence": { "final_ndvi_mean": 0.29500365257263184, "health_index": 33.0, "confidence_score": 0.85, "shadow_fraction": 0.0, "crown_area_m2": 12.394, "review_status": "needs_field_check" }, "recommended_task": "Field inspection: check irrigation, pruning, stress.", "confidence_score": 0.85, "status": "open", "alert_id": "ALERT-V1-01191" }, "geometry": { "type": "Point", "coordinates": [ 35.376828163862243, 32.929875824445347 ] } },
{ "type": "Feature", "properties": { "alert_type": "low_vigor_tree", "severity": "medium", "grove_code": "ALMAFAREQ", "tree_code_optional": "KOG-ALMAFAREQ-M0018", "related_rule": "Ba'al rainfed discipline", "evidence": { "final_ndvi_mean": 0.25196000933647156, "health_index": 14.4, "confidence_score": 0.85, "shadow_fraction": 0.0, "crown_area_m2": 12.394, "review_status": "needs_field_check" }, "recommended_task": "Field inspection: check irrigation, pruning, stress.", "confidence_score": 0.85, "status": "open", "alert_id": "ALERT-V1-01192" }, "geometry": { "type": "Point", "coordinates": [ 35.375652685761459, 32.929710355505591 ] } },
{ "type": "Feature", "properties": { "alert_type": "low_vigor_tree", "severity": "medium", "grove_code": "ALMAFAREQ", "tree_code_optional": "KOG-ALMAFAREQ-M0019", "related_rule": "Ba'al rainfed discipline", "evidence": { "final_ndvi_mean": 0.2692447304725647, "health_index": 27.8, "confidence_score": 0.85, "shadow_fraction": 0.0, "crown_area_m2": 12.394, "review_status": "needs_field_check" }, "recommended_task": "Field inspection: check irrigation, pruning, stress.", "confidence_score": 0.85, "status": "open", "alert_id": "ALERT-V1-01193" }, "geometry": { "type": "Point", "coordinates": [ 35.375600382685668, 32.929714858065871 ] } },
{ "type": "Feature", "properties": { "alert_type": "low_vigor_tree", "severity": "medium", "grove_code": "ALMAFAREQ", "tree_code_optional": "KOG-ALMAFAREQ-M0020", "related_rule": "Ba'al rainfed discipline", "evidence": { "final_ndvi_mean": 0.19667671620845795, "health_index": 3.3, "confidence_score": 0.85, "shadow_fraction": 0.0, "crown_area_m2": 12.394, "review_status": "needs_field_check" }, "recommended_task": "Field inspection: check irrigation, pruning, stress.", "confidence_score": 0.85, "status": "open", "alert_id": "ALERT-V1-01194" }, "geometry": { "type": "Point", "coordinates": [ 35.375788807868972, 32.929597791424143 ] } },
{ "type": "Feature", "properties": { "alert_type": "low_vigor_tree", "severity": "medium", "grove_code": "EIN_ATEYYE", "tree_code_optional": "KOG-EIN_ATEYYE-M0002", "related_rule": "Ba'al rainfed discipline", "evidence": { "final_ndvi_mean": 0.3162132501602173, "health_index": 37.2, "confidence_score": 0.85, "shadow_fraction": 0.0, "crown_area_m2": 12.394, "review_status": "needs_field_check" }, "recommended_task": "Field inspection: check irrigation, pruning, stress.", "confidence_score": 0.85, "status": "open", "alert_id": "ALERT-V1-01195" }, "geometry": { "type": "Point", "coordinates": [ 35.402728915214546, 32.912347904949904 ] } },
{ "type": "Feature", "properties": { "alert_type": "low_vigor_tree", "severity": "medium", "grove_code": "EIN_ATEYYE", "tree_code_optional": "KOG-EIN_ATEYYE-M0004", "related_rule": "Ba'al rainfed discipline", "evidence": { "final_ndvi_mean": 0.3381872773170471, "health_index": 41.6, "confidence_score": 0.85, "shadow_fraction": 0.0, "crown_area_m2": 12.394, "review_status": "needs_field_check" }, "recommended_task": "Field inspection: check irrigation, pruning, stress.", "confidence_score": 0.85, "status": "open", "alert_id": "ALERT-V1-01196" }, "geometry": { "type": "Point", "coordinates": [ 35.402911305427551, 32.91202365639711 ] } },
{ "type": "Feature", "properties": { "alert_type": "low_vigor_tree", "severity": "medium", "grove_code": "EIN_ATEYYE", "tree_code_optional": "KOG-EIN_ATEYYE-M0005", "related_rule": "Ba'al rainfed discipline", "evidence": { "final_ndvi_mean": 0.32539939880371094, "health_index": 39.1, "confidence_score": 0.85, "shadow_fraction": 0.0, "crown_area_m2": 12.394, "review_status": "needs_field_check" }, "recommended_task": "Field inspection: check irrigation, pruning, stress.", "confidence_score": 0.85, "status": "open", "alert_id": "ALERT-V1-01197" }, "geometry": { "type": "Point", "coordinates": [ 35.402837544679656, 32.912011271880246 ] } },
{ "type": "Feature", "properties": { "alert_type": "low_vigor_tree", "severity": "medium", "grove_code": "EIN_ATEYYE", "tree_code_optional": "KOG-EIN_ATEYYE-M0006", "related_rule": "Ba'al rainfed discipline", "evidence": { "final_ndvi_mean": 0.22169649600982666, "health_index": 18.3, "confidence_score": 0.85, "shadow_fraction": 0.0, "crown_area_m2": 12.394, "review_status": "needs_field_check" }, "recommended_task": "Field inspection: check irrigation, pruning, stress.", "confidence_score": 0.85, "status": "open", "alert_id": "ALERT-V1-01198" }, "geometry": { "type": "Point", "coordinates": [ 35.402699410915389, 32.912846659953892 ] } },
{ "type": "Feature", "properties": { "alert_type": "low_vigor_tree", "severity": "medium", "grove_code": "THOELIEB", "tree_code_optional": "KOG-THOELIEB-M0001", "related_rule": "Ba'al rainfed discipline", "evidence": { "final_ndvi_mean": 0.35446515679359436, "health_index": 44.9, "confidence_score": 0.85, "shadow_fraction": 0.0, "crown_area_m2": 12.394, "review_status": "needs_field_check" }, "recommended_task": "Field inspection: check irrigation, pruning, stress.", "confidence_score": 0.85, "status": "open", "alert_id": "ALERT-V1-01199" }, "geometry": { "type": "Point", "coordinates": [ 35.401878654956825, 32.919598152648263 ] } },
{ "type": "Feature", "properties": { "alert_type": "low_vigor_tree", "severity": "medium", "grove_code": "SERET_AL_AJOUL_A", "tree_code_optional": "KOG-SERET_AL_AJOUL_A-M0001", "related_rule": "Ba'al rainfed discipline", "evidence": { "final_ndvi_mean": 0.3078584671020508, "health_index": 35.6, "confidence_score": 0.85, "shadow_fraction": 0.0, "crown_area_m2": 12.394, "review_status": "needs_field_check" }, "recommended_task": "Field inspection: check irrigation, pruning, stress.", "confidence_score": 0.85, "status": "open", "alert_id": "ALERT-V1-01200" }, "geometry": { "type": "Point", "coordinates": [ 35.403285473585129, 32.919191749196472 ] } },
{ "type": "Feature", "properties": { "alert_type": "low_vigor_tree", "severity": "medium", "grove_code": "SERET_AL_AJOUL_A", "tree_code_optional": "KOG-SERET_AL_AJOUL_A-M0002", "related_rule": "Ba'al rainfed discipline", "evidence": { "final_ndvi_mean": 0.26344019174575806, "health_index": 26.7, "confidence_score": 0.85, "shadow_fraction": 0.0, "crown_area_m2": 12.394, "review_status": "needs_field_check" }, "recommended_task": "Field inspection: check irrigation, pruning, stress.", "confidence_score": 0.85, "status": "open", "alert_id": "ALERT-V1-01201" }, "geometry": { "type": "Point", "coordinates": [ 35.403202325105667, 32.919309955379063 ] } },
{ "type": "Feature", "properties": { "alert_type": "low_vigor_tree", "severity": "medium", "grove_code": "SERET_AL_AJOUL_A", "tree_code_optional": "KOG-SERET_AL_AJOUL_A-M0003", "related_rule": "Ba'al rainfed discipline", "evidence": { "final_ndvi_mean": 0.2725728452205658, "health_index": 28.5, "confidence_score": 0.85, "shadow_fraction": 0.0, "crown_area_m2": 12.394, "review_status": "needs_field_check" }, "recommended_task": "Field inspection: check irrigation, pruning, stress.", "confidence_score": 0.85, "status": "open", "alert_id": "ALERT-V1-01202" }, "geometry": { "type": "Point", "coordinates": [ 35.403206348419197, 32.919251415194104 ] } },
{ "type": "Feature", "properties": { "alert_type": "low_vigor_tree", "severity": "medium", "grove_code": "SERET_AL_AJOUL_A", "tree_code_optional": "KOG-SERET_AL_AJOUL_A-M0004", "related_rule": "Ba'al rainfed discipline", "evidence": { "final_ndvi_mean": 0.2237979620695114, "health_index": 8.8, "confidence_score": 0.85, "shadow_fraction": 0.0, "crown_area_m2": 12.394, "review_status": "needs_field_check" }, "recommended_task": "Field inspection: check irrigation, pruning, stress.", "confidence_score": 0.85, "status": "open", "alert_id": "ALERT-V1-01203" }, "geometry": { "type": "Point", "coordinates": [ 35.403324365615831, 32.919549744578767 ] } },
{ "type": "Feature", "properties": { "alert_type": "low_vigor_tree", "severity": "medium", "grove_code": "SERET_AL_AJOUL_A", "tree_code_optional": "KOG-SERET_AL_AJOUL_A-M0005", "related_rule": "Ba'al rainfed discipline", "evidence": { "final_ndvi_mean": 0.2174965739250183, "health_index": 7.5, "confidence_score": 0.85, "shadow_fraction": 0.0, "crown_area_m2": 12.395, "review_status": "needs_field_check" }, "recommended_task": "Field inspection: check irrigation, pruning, stress.", "confidence_score": 0.85, "status": "open", "alert_id": "ALERT-V1-01204" }, "geometry": { "type": "Point", "coordinates": [ 35.403508096933365, 32.919618416483438 ] } },
{ "type": "Feature", "properties": { "alert_type": "low_vigor_tree", "severity": "medium", "grove_code": "SERET_AL_AJOUL_A", "tree_code_optional": "KOG-SERET_AL_AJOUL_A-M0006", "related_rule": "Ba'al rainfed discipline", "evidence": { "final_ndvi_mean": 0.21998991072177887, "health_index": 18.0, "confidence_score": 0.85, "shadow_fraction": 0.0, "crown_area_m2": 12.395, "review_status": "needs_field_check" }, "recommended_task": "Field inspection: check irrigation, pruning, stress.", "confidence_score": 0.85, "status": "open", "alert_id": "ALERT-V1-01205" }, "geometry": { "type": "Point", "coordinates": [ 35.403627455234535, 32.919585769191144 ] } },
{ "type": "Feature", "properties": { "alert_type": "low_vigor_tree", "severity": "medium", "grove_code": "SERET_AL_AJOUL_A", "tree_code_optional": "KOG-SERET_AL_AJOUL_A-M0008", "related_rule": "Ba'al rainfed discipline", "evidence": { "final_ndvi_mean": 0.30516907572746277, "health_index": 35.0, "confidence_score": 0.85, "shadow_fraction": 0.0, "crown_area_m2": 12.395, "review_status": "needs_field_check" }, "recommended_task": "Field inspection: check irrigation, pruning, stress.", "confidence_score": 0.85, "status": "open", "alert_id": "ALERT-V1-01206" }, "geometry": { "type": "Point", "coordinates": [ 35.404024422168732, 32.919363992438534 ] } },
{ "type": "Feature", "properties": { "alert_type": "low_vigor_tree", "severity": "medium", "grove_code": "SERET_AL_AJOUL_A", "tree_code_optional": "KOG-SERET_AL_AJOUL_A-M0009", "related_rule": "Ba'al rainfed discipline", "evidence": { "final_ndvi_mean": 0.27421796321868896, "health_index": 28.8, "confidence_score": 0.85, "shadow_fraction": 0.0, "crown_area_m2": 12.395, "review_status": "needs_field_check" }, "recommended_task": "Field inspection: check irrigation, pruning, stress.", "confidence_score": 0.85, "status": "open", "alert_id": "ALERT-V1-01207" }, "geometry": { "type": "Point", "coordinates": [ 35.404011011123664, 32.919442796424434 ] } },
{ "type": "Feature", "properties": { "alert_type": "low_vigor_tree", "severity": "medium", "grove_code": "SERET_AL_AJOUL_A", "tree_code_optional": "KOG-SERET_AL_AJOUL_A-M0010", "related_rule": "Ba'al rainfed discipline", "evidence": { "final_ndvi_mean": 0.33422499895095825, "health_index": 40.8, "confidence_score": 0.85, "shadow_fraction": 0.0, "crown_area_m2": 12.395, "review_status": "needs_field_check" }, "recommended_task": "Field inspection: check irrigation, pruning, stress.", "confidence_score": 0.85, "status": "open", "alert_id": "ALERT-V1-01208" }, "geometry": { "type": "Point", "coordinates": [ 35.403816550970092, 32.91924128323506 ] } },
{ "type": "Feature", "properties": { "alert_type": "low_vigor_tree", "severity": "medium", "grove_code": "SERET_AL_AJOUL_A", "tree_code_optional": "KOG-SERET_AL_AJOUL_A-M0011", "related_rule": "Ba'al rainfed discipline", "evidence": { "final_ndvi_mean": 0.20505857467651367, "health_index": 5.0, "confidence_score": 0.85, "shadow_fraction": 0.0, "crown_area_m2": 12.395, "review_status": "needs_field_check" }, "recommended_task": "Field inspection: check irrigation, pruning, stress.", "confidence_score": 0.85, "status": "open", "alert_id": "ALERT-V1-01209" }, "geometry": { "type": "Point", "coordinates": [ 35.403823256492622, 32.919768143566202 ] } },
{ "type": "Feature", "properties": { "alert_type": "low_vigor_tree", "severity": "medium", "grove_code": "SERET_AL_AJOUL_A", "tree_code_optional": "KOG-SERET_AL_AJOUL_A-M0012", "related_rule": "Ba'al rainfed discipline", "evidence": { "final_ndvi_mean": 0.22998595237731934, "health_index": 10.0, "confidence_score": 0.85, "shadow_fraction": 0.0, "crown_area_m2": 12.395, "review_status": "needs_field_check" }, "recommended_task": "Field inspection: check irrigation, pruning, stress.", "confidence_score": 0.85, "status": "open", "alert_id": "ALERT-V1-01210" }, "geometry": { "type": "Point", "coordinates": [ 35.403548330068588, 32.919894229334169 ] } },
{ "type": "Feature", "properties": { "alert_type": "low_vigor_tree", "severity": "medium", "grove_code": "SERET_AL_AJOUL_A", "tree_code_optional": "KOG-SERET_AL_AJOUL_A-M0013", "related_rule": "Ba'al rainfed discipline", "evidence": { "final_ndvi_mean": 0.22420091927051544, "health_index": 18.8, "confidence_score": 0.85, "shadow_fraction": 0.0, "crown_area_m2": 12.395, "review_status": "needs_field_check" }, "recommended_task": "Field inspection: check irrigation, pruning, stress.", "confidence_score": 0.85, "status": "open", "alert_id": "ALERT-V1-01211" }, "geometry": { "type": "Point", "coordinates": [ 35.404055267572396, 32.919767017799593 ] } },
{ "type": "Feature", "properties": { "alert_type": "low_vigor_tree", "severity": "medium", "grove_code": "SERET_AL_AJOUL_A", "tree_code_optional": "KOG-SERET_AL_AJOUL_A-M0014", "related_rule": "Ba'al rainfed discipline", "evidence": { "final_ndvi_mean": 0.1981513351202011, "health_index": 3.6, "confidence_score": 0.85, "shadow_fraction": 0.0, "crown_area_m2": 12.395, "review_status": "needs_field_check" }, "recommended_task": "Field inspection: check irrigation, pruning, stress.", "confidence_score": 0.85, "status": "open", "alert_id": "ALERT-V1-01212" }, "geometry": { "type": "Point", "coordinates": [ 35.404873341321952, 32.91920188116115 ] } },
{ "type": "Feature", "properties": { "alert_type": "low_vigor_tree", "severity": "medium", "grove_code": "SERET_AL_AJOUL_A", "tree_code_optional": "KOG-SERET_AL_AJOUL_A-M0015", "related_rule": "Ba'al rainfed discipline", "evidence": { "final_ndvi_mean": 0.20653706789016724, "health_index": 5.3, "confidence_score": 0.85, "shadow_fraction": 0.0, "crown_area_m2": 12.395, "review_status": "needs_field_check" }, "recommended_task": "Field inspection: check irrigation, pruning, stress.", "confidence_score": 0.85, "status": "open", "alert_id": "ALERT-V1-01213" }, "geometry": { "type": "Point", "coordinates": [ 35.405140221118948, 32.919386507870243 ] } },
{ "type": "Feature", "properties": { "alert_type": "low_vigor_tree", "severity": "medium", "grove_code": "SERET_AL_AJOUL_A", "tree_code_optional": "KOG-SERET_AL_AJOUL_A-M0017", "related_rule": "Ba'al rainfed discipline", "evidence": { "final_ndvi_mean": 0.27707958221435547, "health_index": 29.4, "confidence_score": 0.85, "shadow_fraction": 0.0, "crown_area_m2": 12.395, "review_status": "needs_field_check" }, "recommended_task": "Field inspection: check irrigation, pruning, stress.", "confidence_score": 0.85, "status": "open", "alert_id": "ALERT-V1-01214" }, "geometry": { "type": "Point", "coordinates": [ 35.405559986829765, 32.919473192228821 ] } },
{ "type": "Feature", "properties": { "alert_type": "low_vigor_tree", "severity": "medium", "grove_code": "SERET_AL_AJOUL_A", "tree_code_optional": "KOG-SERET_AL_AJOUL_A-M0018", "related_rule": "Ba'al rainfed discipline", "evidence": { "final_ndvi_mean": 0.3347008228302002, "health_index": 40.9, "confidence_score": 0.85, "shadow_fraction": 0.0, "crown_area_m2": 12.395, "review_status": "needs_field_check" }, "recommended_task": "Field inspection: check irrigation, pruning, stress.", "confidence_score": 0.85, "status": "open", "alert_id": "ALERT-V1-01215" }, "geometry": { "type": "Point", "coordinates": [ 35.405652523040779, 32.919354986264246 ] } },
{ "type": "Feature", "properties": { "alert_type": "low_vigor_tree", "severity": "medium", "grove_code": "SERET_AL_AJOUL_A", "tree_code_optional": "KOG-SERET_AL_AJOUL_A-M0019", "related_rule": "Ba'al rainfed discipline", "evidence": { "final_ndvi_mean": 0.35467687249183655, "health_index": 44.9, "confidence_score": 0.85, "shadow_fraction": 0.0, "crown_area_m2": 12.395, "review_status": "needs_field_check" }, "recommended_task": "Field inspection: check irrigation, pruning, stress.", "confidence_score": 0.85, "status": "open", "alert_id": "ALERT-V1-01216" }, "geometry": { "type": "Point", "coordinates": [ 35.405779927968986, 32.919137712031841 ] } },
{ "type": "Feature", "properties": { "alert_type": "low_vigor_tree", "severity": "medium", "grove_code": "SERET_AL_AJOUL_A", "tree_code_optional": "KOG-SERET_AL_AJOUL_A-M0020", "related_rule": "Ba'al rainfed discipline", "evidence": { "final_ndvi_mean": 0.3096168041229248, "health_index": 35.9, "confidence_score": 0.85, "shadow_fraction": 0.0, "crown_area_m2": 12.395, "review_status": "needs_field_check" }, "recommended_task": "Field inspection: check irrigation, pruning, stress.", "confidence_score": 0.85, "status": "open", "alert_id": "ALERT-V1-01217" }, "geometry": { "type": "Point", "coordinates": [ 35.405711531639113, 32.919172048150692 ] } },
{ "type": "Feature", "properties": { "alert_type": "low_vigor_tree", "severity": "medium", "grove_code": "SERET_AL_AJOUL_A", "tree_code_optional": "KOG-SERET_AL_AJOUL_A-M0021", "related_rule": "Ba'al rainfed discipline", "evidence": { "final_ndvi_mean": 0.32842740416526794, "health_index": 39.7, "confidence_score": 0.85, "shadow_fraction": 0.0, "crown_area_m2": 12.395, "review_status": "needs_field_check" }, "recommended_task": "Field inspection: check irrigation, pruning, stress.", "confidence_score": 0.85, "status": "open", "alert_id": "ALERT-V1-01218" }, "geometry": { "type": "Point", "coordinates": [ 35.405661910772324, 32.919095495474011 ] } },
{ "type": "Feature", "properties": { "alert_type": "low_vigor_tree", "severity": "medium", "grove_code": "SERET_AL_AJOUL_A", "tree_code_optional": "KOG-SERET_AL_AJOUL_A-M0024", "related_rule": "Ba'al rainfed discipline", "evidence": { "final_ndvi_mean": 0.3327106535434723, "health_index": 40.5, "confidence_score": 0.85, "shadow_fraction": 0.0, "crown_area_m2": 12.395, "review_status": "needs_field_check" }, "recommended_task": "Field inspection: check irrigation, pruning, stress.", "confidence_score": 0.85, "status": "open", "alert_id": "ALERT-V1-01219" }, "geometry": { "type": "Point", "coordinates": [ 35.405708849430084, 32.918158282704397 ] } },
{ "type": "Feature", "properties": { "alert_type": "low_vigor_tree", "severity": "medium", "grove_code": "SERET_AL_AJOUL_A", "tree_code_optional": "KOG-SERET_AL_AJOUL_A-M0026", "related_rule": "Ba'al rainfed discipline", "evidence": { "final_ndvi_mean": 0.3002558946609497, "health_index": 34.1, "confidence_score": 0.85, "shadow_fraction": 0.0, "crown_area_m2": 12.395, "review_status": "needs_field_check" }, "recommended_task": "Field inspection: check irrigation, pruning, stress.", "confidence_score": 0.85, "status": "open", "alert_id": "ALERT-V1-01220" }, "geometry": { "type": "Point", "coordinates": [ 35.405762493610375, 32.918219075185036 ] } },
{ "type": "Feature", "properties": { "alert_type": "low_vigor_tree", "severity": "medium", "grove_code": "SERET_AL_AJOUL_A", "tree_code_optional": "KOG-SERET_AL_AJOUL_A-M0027", "related_rule": "Ba'al rainfed discipline", "evidence": { "final_ndvi_mean": 0.27800244092941284, "health_index": 29.6, "confidence_score": 0.85, "shadow_fraction": 0.0, "crown_area_m2": 12.395, "review_status": "needs_field_check" }, "recommended_task": "Field inspection: check irrigation, pruning, stress.", "confidence_score": 0.85, "status": "open", "alert_id": "ALERT-V1-01221" }, "geometry": { "type": "Point", "coordinates": [ 35.405832231044791, 32.918206691534969 ] } },
{ "type": "Feature", "properties": { "alert_type": "low_vigor_tree", "severity": "medium", "grove_code": "SERET_AL_AJOUL_A", "tree_code_optional": "KOG-SERET_AL_AJOUL_A-M0028", "related_rule": "Ba'al rainfed discipline", "evidence": { "final_ndvi_mean": 0.2951333224773407, "health_index": 33.0, "confidence_score": 0.85, "shadow_fraction": 0.0, "crown_area_m2": 12.395, "review_status": "needs_field_check" }, "recommended_task": "Field inspection: check irrigation, pruning, stress.", "confidence_score": 0.85, "status": "open", "alert_id": "ALERT-V1-01222" }, "geometry": { "type": "Point", "coordinates": [ 35.406475290656097, 32.919003181864078 ] } },
{ "type": "Feature", "properties": { "alert_type": "low_vigor_tree", "severity": "medium", "grove_code": "SERET_AL_AJOUL_A", "tree_code_optional": "KOG-SERET_AL_AJOUL_A-M0029", "related_rule": "Ba'al rainfed discipline", "evidence": { "final_ndvi_mean": 0.3474365770816803, "health_index": 43.5, "confidence_score": 0.85, "shadow_fraction": 0.0, "crown_area_m2": 12.395, "review_status": "needs_field_check" }, "recommended_task": "Field inspection: check irrigation, pruning, stress.", "confidence_score": 0.85, "status": "open", "alert_id": "ALERT-V1-01223" }, "geometry": { "type": "Point", "coordinates": [ 35.406745523214354, 32.918790972773714 ] } },
{ "type": "Feature", "properties": { "alert_type": "low_vigor_tree", "severity": "medium", "grove_code": "SERET_AL_AJOUL_A", "tree_code_optional": "KOG-SERET_AL_AJOUL_A-M0030", "related_rule": "Ba'al rainfed discipline", "evidence": { "final_ndvi_mean": 0.35484829545021057, "health_index": 45.0, "confidence_score": 0.85, "shadow_fraction": 0.0, "crown_area_m2": 12.395, "review_status": "needs_field_check" }, "recommended_task": "Field inspection: check irrigation, pruning, stress.", "confidence_score": 0.85, "status": "open", "alert_id": "ALERT-V1-01224" }, "geometry": { "type": "Point", "coordinates": [ 35.40675088763237, 32.918731306465652 ] } },
{ "type": "Feature", "properties": { "alert_type": "low_vigor_tree", "severity": "medium", "grove_code": "SERET_AL_AJOUL_A", "tree_code_optional": "KOG-SERET_AL_AJOUL_A-M0031", "related_rule": "Ba'al rainfed discipline", "evidence": { "final_ndvi_mean": 0.21715672314167023, "health_index": 17.4, "confidence_score": 0.85, "shadow_fraction": 0.0, "crown_area_m2": 12.395, "review_status": "needs_field_check" }, "recommended_task": "Field inspection: check irrigation, pruning, stress.", "confidence_score": 0.85, "status": "open", "alert_id": "ALERT-V1-01225" }, "geometry": { "type": "Point", "coordinates": [ 35.40680721402169, 32.918802230563159 ] } },
{ "type": "Feature", "properties": { "alert_type": "low_vigor_tree", "severity": "medium", "grove_code": "SERET_AL_AJOUL_A", "tree_code_optional": "KOG-SERET_AL_AJOUL_A-M0032", "related_rule": "Ba'al rainfed discipline", "evidence": { "final_ndvi_mean": 0.264560341835022, "health_index": 26.9, "confidence_score": 0.85, "shadow_fraction": 0.0, "crown_area_m2": 12.395, "review_status": "needs_field_check" }, "recommended_task": "Field inspection: check irrigation, pruning, stress.", "confidence_score": 0.85, "status": "open", "alert_id": "ALERT-V1-01226" }, "geometry": { "type": "Point", "coordinates": [ 35.407094210386283, 32.918713293987409 ] } },
{ "type": "Feature", "properties": { "alert_type": "low_vigor_tree", "severity": "medium", "grove_code": "SERET_AL_AJOUL_A", "tree_code_optional": "KOG-SERET_AL_AJOUL_A-M0033", "related_rule": "Ba'al rainfed discipline", "evidence": { "final_ndvi_mean": 0.20817118883132935, "health_index": 5.6, "confidence_score": 0.85, "shadow_fraction": 0.0, "crown_area_m2": 12.395, "review_status": "needs_field_check" }, "recommended_task": "Field inspection: check irrigation, pruning, stress.", "confidence_score": 0.85, "status": "open", "alert_id": "ALERT-V1-01227" }, "geometry": { "type": "Point", "coordinates": [ 35.406914502382286, 32.918649124503837 ] } },
{ "type": "Feature", "properties": { "alert_type": "low_vigor_tree", "severity": "medium", "grove_code": "AT3ET_AL_NAKHLE", "tree_code_optional": "KOG-AT3ET_AL_NAKHLE-M0001", "related_rule": "Ba'al rainfed discipline", "evidence": { "final_ndvi_mean": 0.1929083913564682, "health_index": 2.6, "confidence_score": 0.85, "shadow_fraction": 0.0, "crown_area_m2": 12.394, "review_status": "needs_field_check" }, "recommended_task": "Field inspection: check irrigation, pruning, stress.", "confidence_score": 0.85, "status": "open", "alert_id": "ALERT-V1-01228" }, "geometry": { "type": "Point", "coordinates": [ 35.393602699041374, 32.927481560035318 ] } },
{ "type": "Feature", "properties": { "alert_type": "low_vigor_tree", "severity": "medium", "grove_code": "AT3ET_AL_NAKHLE", "tree_code_optional": "KOG-AT3ET_AL_NAKHLE-M0002", "related_rule": "Ba'al rainfed discipline", "evidence": { "final_ndvi_mean": 0.22049696743488312, "health_index": 8.1, "confidence_score": 0.85, "shadow_fraction": 0.0, "crown_area_m2": 12.394, "review_status": "needs_field_check" }, "recommended_task": "Field inspection: check irrigation, pruning, stress.", "confidence_score": 0.85, "status": "open", "alert_id": "ALERT-V1-01229" }, "geometry": { "type": "Point", "coordinates": [ 35.39361342787744, 32.927398260530289 ] } },
{ "type": "Feature", "properties": { "alert_type": "low_vigor_tree", "severity": "medium", "grove_code": "AT3ET_AL_NAKHLE", "tree_code_optional": "KOG-AT3ET_AL_NAKHLE-M0003", "related_rule": "Ba'al rainfed discipline", "evidence": { "final_ndvi_mean": 0.22503741085529327, "health_index": 9.0, "confidence_score": 0.85, "shadow_fraction": 0.0, "crown_area_m2": 12.394, "review_status": "needs_field_check" }, "recommended_task": "Field inspection: check irrigation, pruning, stress.", "confidence_score": 0.85, "status": "open", "alert_id": "ALERT-V1-01230" }, "geometry": { "type": "Point", "coordinates": [ 35.393480658531203, 32.927571613466057 ] } },
{ "type": "Feature", "properties": { "alert_type": "low_vigor_tree", "severity": "medium", "grove_code": "AT3ET_AL_NAKHLE", "tree_code_optional": "KOG-AT3ET_AL_NAKHLE-M0004", "related_rule": "Ba'al rainfed discipline", "evidence": { "final_ndvi_mean": 0.2623879015445709, "health_index": 26.5, "confidence_score": 0.85, "shadow_fraction": 0.0, "crown_area_m2": 12.394, "review_status": "needs_field_check" }, "recommended_task": "Field inspection: check irrigation, pruning, stress.", "confidence_score": 0.85, "status": "open", "alert_id": "ALERT-V1-01231" }, "geometry": { "type": "Point", "coordinates": [ 35.393507480621345, 32.927461298000779 ] } },
{ "type": "Feature", "properties": { "alert_type": "low_vigor_tree", "severity": "medium", "grove_code": "ROES_ALMAL", "tree_code_optional": "KOG-ROES_ALMAL-M0003", "related_rule": "Ba'al rainfed discipline", "evidence": { "final_ndvi_mean": 0.22005905210971832, "health_index": 8.0, "confidence_score": 0.85, "shadow_fraction": 0.0, "crown_area_m2": 12.394, "review_status": "needs_field_check" }, "recommended_task": "Field inspection: check irrigation, pruning, stress.", "confidence_score": 0.85, "status": "open", "alert_id": "ALERT-V1-01232" }, "geometry": { "type": "Point", "coordinates": [ 35.388363003730774, 32.920445852456865 ] } },
{ "type": "Feature", "properties": { "alert_type": "low_vigor_tree", "severity": "medium", "grove_code": "ROES_ALMAL", "tree_code_optional": "KOG-ROES_ALMAL-M0004", "related_rule": "Ba'al rainfed discipline", "evidence": { "final_ndvi_mean": 0.22620709240436554, "health_index": 9.2, "confidence_score": 0.85, "shadow_fraction": 0.0, "crown_area_m2": 12.394, "review_status": "needs_field_check" }, "recommended_task": "Field inspection: check irrigation, pruning, stress.", "confidence_score": 0.85, "status": "open", "alert_id": "ALERT-V1-01233" }, "geometry": { "type": "Point", "coordinates": [ 35.388046503067031, 32.920323144753475 ] } },
{ "type": "Feature", "properties": { "alert_type": "low_vigor_tree", "severity": "medium", "grove_code": "ROES_ALMAL", "tree_code_optional": "KOG-ROES_ALMAL-M0005", "related_rule": "Ba'al rainfed discipline", "evidence": { "final_ndvi_mean": 0.21766430139541626, "health_index": 7.5, "confidence_score": 0.85, "shadow_fraction": 0.0, "crown_area_m2": 12.394, "review_status": "needs_field_check" }, "recommended_task": "Field inspection: check irrigation, pruning, stress.", "confidence_score": 0.85, "status": "open", "alert_id": "ALERT-V1-01234" }, "geometry": { "type": "Point", "coordinates": [ 35.38818329572679, 32.92079483673831 ] } }
]
}
