tree_code,image_id,acquisition_date,product_type,crown_area_m2,crown_diameter_m,pan_ndvi_mean,pan_ndvi_median,pan_ndvi_p10,pan_gndvi_mean,pan_savi_mean,analytic_ndvi_mean,analytic_gndvi_mean,analytic_savi_mean,final_ndvi_mean,health_index,canopy_density_score,fragmentation_score,shadow_fraction,anomaly_flag,recommended_action,red_mean,green_mean,blue_mean,nir_mean,review_status,review_source
KOG-MORAN-0003,pansharpened_reflectance_401e6b905b,2026-01-22,pansharpened_reflectance+manual_review,101.0,11.34,0.411586731672287,0.41662338376045227,0.27891218662261963,0.48142141103744507,0.6172922849655151,,,,0.411586731672287,52.3,0.631,0.595,0.0,False,Routine monitoring.,1053.017333984375,891.6163330078125,666.28466796875,2560.153564453125,unreviewed,auto
KOG-MORAN-0004,pansharpened_reflectance_401e6b905b,2026-01-22,pansharpened_reflectance+manual_review,165.5,14.516,0.46024930477142334,0.4786752760410309,0.31398719549179077,0.5066935420036316,0.5647643804550171,,,,0.46024930477142334,66.0,0.807,0.476,0.0,False,Routine monitoring.,762.7080078125,672.8567504882812,500.97796630859375,2037.6845703125,unreviewed,auto
KOG-MORAN-0006,pansharpened_reflectance_401e6b905b,2026-01-22,pansharpened_reflectance+manual_review,164.75,14.483,0.33812472224235535,0.33723610639572144,0.23288235068321228,0.43441781401634216,0.5071103572845459,,,,0.33812472224235535,37.6,0.691,0.577,0.0,True,"Field inspection: check irrigation, pruning, stress.",1132.6123046875,903.76025390625,683.6739501953125,2283.723388671875,unreviewed,auto
KOG-MORAN-0008,pansharpened_reflectance_401e6b905b,2026-01-22,pansharpened_reflectance+manual_review,125.0,12.616,0.36804938316345215,0.3574826121330261,0.26341524720191956,0.45352038741111755,0.5519973039627075,,,,0.36804938316345215,47.6,0.776,0.517,0.0,False,Routine monitoring.,1172.614013671875,952.9439697265625,718.697998046875,2519.095947265625,unreviewed,auto
KOG-MORAN-0009,pansharpened_reflectance_401e6b905b,2026-01-22,pansharpened_reflectance+manual_review,55.75,8.425,0.42832720279693604,0.42447128891944885,0.3156116306781769,0.4909730851650238,0.6423946022987366,,,,0.42832720279693604,55.7,0.664,0.515,0.0,False,Routine monitoring.,977.2600708007812,838.92822265625,626.354248046875,2466.87890625,unreviewed,auto
KOG-MORAN-0010,pansharpened_reflectance_401e6b905b,2026-01-22,pansharpened_reflectance+manual_review,33.75,6.555,0.376396119594574,0.3726872205734253,0.2631654143333435,0.47275882959365845,0.5645130276679993,,,,0.376396119594574,49.3,0.918,0.459,0.0,False,Routine monitoring.,1227.977783203125,958.7111206054688,695.7259521484375,2610.61474609375,unreviewed,auto
KOG-MORAN-0011,pansharpened_reflectance_401e6b905b,2026-01-22,pansharpened_reflectance+manual_review,90.0,10.705,0.4541751444339752,0.45740294456481934,0.2774430811405182,0.5022803544998169,0.6811965703964233,,,,0.4541751444339752,64.8,0.779,0.388,0.0,False,Routine monitoring.,1463.1639404296875,1284.594482421875,926.3583374023438,3849.02490234375,unreviewed,auto
KOG-MORAN-0012,pansharpened_reflectance_401e6b905b,2026-01-22,pansharpened_reflectance+manual_review,24.5,5.585,0.36511048674583435,0.35691913962364197,0.28673526644706726,0.45372024178504944,0.5475854873657227,,,,0.36511048674583435,47.0,0.98,0.507,0.0,False,Routine monitoring.,1169.591796875,943.2346801757812,685.4081420898438,2469.87744140625,unreviewed,auto
KOG-MORAN-0013,pansharpened_reflectance_401e6b905b,2026-01-22,pansharpened_reflectance+manual_review,106.75,11.658,0.3953983783721924,0.38164427876472473,0.27231520414352417,0.45097461342811584,0.5930269956588745,,,,0.3953983783721924,53.1,0.776,0.418,0.0,False,Routine monitoring.,1518.0140380859375,1320.6417236328125,958.5831298828125,3354.543212890625,unreviewed,auto
KOG-MORAN-0014,pansharpened_reflectance_401e6b905b,2026-01-22,pansharpened_reflectance+manual_review,110.25,11.848,0.28908786177635193,0.2637629806995392,0.21786022186279297,0.40228110551834106,0.43357110023498535,,,,0.28908786177635193,31.8,0.739,0.467,0.0,True,"Field inspection: check irrigation, pruning, stress.",1396.993896484375,1071.73828125,793.85595703125,2477.80322265625,unreviewed,auto
KOG-MORAN-0015,pansharpened_reflectance_401e6b905b,2026-01-22,pansharpened_reflectance+manual_review,56.75,8.5,0.44826364517211914,0.4675496816635132,0.2966141700744629,0.49307680130004883,0.6723282337188721,,,,0.44826364517211914,63.7,0.721,0.506,0.0,False,Routine monitoring.,1500.2291259765625,1348.7841796875,1014.7620849609375,3819.44921875,unreviewed,auto
KOG-MORAN-0016,pansharpened_reflectance_401e6b905b,2026-01-22,pansharpened_reflectance+manual_review,74.75,9.756,0.3624036908149719,0.3459826707839966,0.26517072319984436,0.4402027428150177,0.5435295701026917,,,,0.3624036908149719,46.5,0.715,0.441,0.0,False,Routine monitoring.,1178.678955078125,983.1571655273438,738.1705932617188,2524.147216796875,unreviewed,auto
KOG-MORAN-0017,pansharpened_reflectance_401e6b905b,2026-01-22,pansharpened_reflectance+manual_review,70.5,9.474,0.3529032766819,0.3390737771987915,0.2669150233268738,0.45111405849456787,0.5292751789093018,,,,0.3529032766819,44.6,0.781,0.446,0.0,True,"Field inspection: check irrigation, pruning, stress.",1099.3546142578125,869.5567626953125,644.9964599609375,2303.141845703125,unreviewed,auto
KOG-MORAN-0018,pansharpened_reflectance_401e6b905b,2026-01-22,pansharpened_reflectance+manual_review,74.25,9.723,0.3507595658302307,0.33485424518585205,0.2651542127132416,0.4404803514480591,0.5260652899742126,,,,0.3507595658302307,44.2,0.743,0.417,0.0,True,"Field inspection: check irrigation, pruning, stress.",1214.370361328125,985.7003173828125,743.0706787109375,2498.269287109375,unreviewed,auto
KOG-MORAN-0019,pansharpened_reflectance_401e6b905b,2026-01-22,pansharpened_reflectance+manual_review,68.25,9.322,0.3508717715740204,0.3379268944263458,0.2616031765937805,0.45403093099594116,0.526225745677948,,,,0.3508717715740204,44.2,0.843,0.374,0.0,True,"Field inspection: check irrigation, pruning, stress.",1096.069580078125,859.7216186523438,653.96337890625,2278.120849609375,unreviewed,auto
KOG-MORAN-0020,pansharpened_reflectance_401e6b905b,2026-01-22,pansharpened_reflectance+manual_review,79.75,10.077,0.3489122688770294,0.33630290627479553,0.2642257809638977,0.44373276829719543,0.5232880115509033,,,,0.3489122688770294,39.8,0.659,0.546,0.0,True,"Field inspection: check irrigation, pruning, stress.",1102.965576171875,881.0250854492188,668.84326171875,2283.965576171875,unreviewed,auto
KOG-MORAN-0021,pansharpened_reflectance_401e6b905b,2026-01-22,pansharpened_reflectance+manual_review,80.0,10.093,0.3342428207397461,0.3140418529510498,0.25940176844596863,0.4399331212043762,0.5012897253036499,,,,0.3342428207397461,40.8,0.732,0.456,0.0,True,"Field inspection: check irrigation, pruning, stress.",1142.3125,891.1906127929688,670.7906494140625,2294.371826171875,unreviewed,auto
KOG-MORAN-0022,pansharpened_reflectance_401e6b905b,2026-01-22,pansharpened_reflectance+manual_review,54.5,8.33,0.39024871587753296,0.3795439600944519,0.26865023374557495,0.4617202877998352,0.5852898955345154,,,,0.39024871587753296,52.0,0.826,0.408,0.0,False,Routine monitoring.,1109.08251953125,935.110107421875,725.064208984375,2536.426513671875,unreviewed,auto
KOG-MORAN-0023,pansharpened_reflectance_401e6b905b,2026-01-22,pansharpened_reflectance+manual_review,54.0,8.292,0.3359312117099762,0.3307075500488281,0.26142874360084534,0.4326990842819214,0.5038190484046936,,,,0.3359312117099762,41.2,0.831,0.446,0.0,True,"Field inspection: check irrigation, pruning, stress.",1141.254638671875,909.36572265625,674.3333129882812,2274.38427734375,unreviewed,auto
KOG-MORAN-0024,pansharpened_reflectance_401e6b905b,2026-01-22,pansharpened_reflectance+manual_review,65.0,9.097,0.3906311094760895,0.3790241777896881,0.2781928479671478,0.45015382766723633,0.5858709216117859,,,,0.3906311094760895,52.1,0.722,0.434,0.0,False,Routine monitoring.,1224.7615966796875,1063.107666015625,765.59228515625,2784.415283203125,unreviewed,auto
KOG-MORAN-0026,pansharpened_reflectance_401e6b905b,2026-01-22,pansharpened_reflectance+manual_review,68.75,9.356,0.3405592441558838,0.3215010166168213,0.25728991627693176,0.44525834918022156,0.5107611417770386,,,,0.3405592441558838,42.1,0.724,0.46,0.0,True,"Field inspection: check irrigation, pruning, stress.",1138.0218505859375,886.9163818359375,653.1309204101562,2298.447265625,unreviewed,auto
KOG-MORAN-0027,pansharpened_reflectance_401e6b905b,2026-01-22,pansharpened_reflectance+manual_review,55.5,8.406,0.3479856252670288,0.33591580390930176,0.2658749520778656,0.4360651671886444,0.5219070911407471,,,,0.3479856252670288,39.6,0.649,0.517,0.0,True,"Field inspection: check irrigation, pruning, stress.",1277.6666259765625,1041.1846923828125,764.5540771484375,2618.51806640625,unreviewed,auto
KOG-MORAN-0028,pansharpened_reflectance_401e6b905b,2026-01-22,pansharpened_reflectance+manual_review,70.75,9.491,0.31873685121536255,0.31243300437927246,0.26402992010116577,0.42012321949005127,0.4780343472957611,,,,0.31873685121536255,37.7,0.804,0.415,0.0,True,"Field inspection: check irrigation, pruning, stress.",1206.8834228515625,952.0176391601562,731.6607666015625,2314.37109375,unreviewed,auto
KOG-MORAN-0029,pansharpened_reflectance_401e6b905b,2026-01-22,pansharpened_reflectance+manual_review,65.5,9.132,0.3286549746990204,0.3143341839313507,0.2597285509109497,0.4265258312225342,0.4929104745388031,,,,0.3286549746990204,39.7,0.728,0.43,0.0,True,"Field inspection: check irrigation, pruning, stress.",1219.98095703125,970.22900390625,712.31298828125,2385.06103515625,unreviewed,auto
KOG-MORAN-0030,pansharpened_reflectance_401e6b905b,2026-01-22,pansharpened_reflectance+manual_review,39.75,7.114,0.38491111993789673,0.37754595279693604,0.27870282530784607,0.4560586214065552,0.5772925615310669,,,,0.38491111993789673,47.0,0.662,0.48,0.0,False,Routine monitoring.,1244.8302001953125,1040.6414794921875,784.7484130859375,2783.4716796875,unreviewed,auto
KOG-MORAN-0032,pansharpened_reflectance_401e6b905b,2026-01-22,pansharpened_reflectance+manual_review,62.25,8.903,0.3541329503059387,0.3471452593803406,0.26685115694999695,0.44568249583244324,0.5311195254325867,,,,0.3541329503059387,44.8,0.732,0.429,0.0,True,"Field inspection: check irrigation, pruning, stress.",1111.85546875,894.3413696289062,677.2529907226562,2323.44970703125,unreviewed,auto
KOG-MORAN-0033,pansharpened_reflectance_401e6b905b,2026-01-22,pansharpened_reflectance+manual_review,42.25,7.334,0.36368414759635925,0.352194607257843,0.267848938703537,0.47268468141555786,0.5454397797584534,,,,0.36368414759635925,46.7,0.828,0.369,0.0,False,Routine monitoring.,1040.55029296875,799.4378662109375,597.473388671875,2222.85205078125,unreviewed,auto
KOG-MORAN-0034,pansharpened_reflectance_401e6b905b,2026-01-22,pansharpened_reflectance+manual_review,55.75,8.425,0.3151818513870239,0.3046720623970032,0.2571999132633209,0.4061047434806824,0.47270485758781433,,,,0.3151818513870239,33.0,0.69,0.459,0.0,True,"Field inspection: check irrigation, pruning, stress.",1257.838623046875,1021.1793823242188,721.3856201171875,2397.816162109375,unreviewed,auto
KOG-MORAN-0035,pansharpened_reflectance_401e6b905b,2026-01-22,pansharpened_reflectance+manual_review,64.75,9.08,0.31368377804756165,0.3030063211917877,0.2566952407360077,0.406762957572937,0.47045233845710754,,,,0.31368377804756165,32.7,0.647,0.516,0.0,True,"Field inspection: check irrigation, pruning, stress.",1202.517333984375,968.4517211914062,719.12744140625,2266.166015625,unreviewed,auto
KOG-MORAN-0036,pansharpened_reflectance_401e6b905b,2026-01-22,pansharpened_reflectance+manual_review,56.75,8.5,0.3663255572319031,0.35758253931999207,0.2623271048069,0.45449385046958923,0.5494096875190735,,,,0.3663255572319031,47.3,0.747,0.418,0.0,False,Routine monitoring.,1181.8017578125,951.3259887695312,707.1365356445312,2495.24658203125,unreviewed,auto
KOG-MORAN-0037,pansharpened_reflectance_401e6b905b,2026-01-22,pansharpened_reflectance+manual_review,68.75,9.356,0.3411399722099304,0.32062599062919617,0.2605765759944916,0.4400174915790558,0.5116458535194397,,,,0.3411399722099304,38.2,0.688,0.486,0.0,True,"Field inspection: check irrigation, pruning, stress.",1372.0799560546875,1086.6690673828125,801.0145263671875,2777.948974609375,unreviewed,auto
KOG-MORAN-0038,pansharpened_reflectance_401e6b905b,2026-01-22,pansharpened_reflectance+manual_review,36.25,6.794,0.3525848388671875,0.343627005815506,0.26969200372695923,0.42148563265800476,0.5288130044937134,,,,0.3525848388671875,44.5,0.775,0.458,0.0,True,"Field inspection: check irrigation, pruning, stress.",1405.05517578125,1199.6827392578125,856.7448120117188,2915.848388671875,unreviewed,auto
KOG-MORAN-0039,pansharpened_reflectance_401e6b905b,2026-01-22,pansharpened_reflectance+manual_review,66.25,9.184,0.3555013835430145,0.341207355260849,0.26487302780151367,0.4359581172466278,0.5331652164459229,,,,0.3555013835430145,41.1,0.65,0.528,0.0,True,"Field inspection: check irrigation, pruning, stress.",1069.577392578125,878.43017578125,679.479248046875,2233.282958984375,unreviewed,auto
KOG-MORAN-0040,pansharpened_reflectance_401e6b905b,2026-01-22,pansharpened_reflectance+manual_review,50.25,7.999,0.3678909242153168,0.3601815104484558,0.2637895345687866,0.44727081060409546,0.5517619848251343,,,,0.3678909242153168,47.6,0.788,0.383,0.0,False,Routine monitoring.,1219.094482421875,1006.2039794921875,738.8706665039062,2617.039794921875,unreviewed,auto
KOG-MORAN-0041,pansharpened_reflectance_401e6b905b,2026-01-22,pansharpened_reflectance+manual_review,68.75,9.356,0.30175235867500305,0.29283562302589417,0.26049506664276123,0.4155128598213196,0.4525722563266754,,,,0.30175235867500305,30.4,0.595,0.554,0.0,True,"Field inspection: check irrigation, pruning, stress.",1438.5709228515625,1109.1854248046875,826.280029296875,2671.03271484375,unreviewed,auto
KOG-MORAN-0042,pansharpened_reflectance_401e6b905b,2026-01-22,pansharpened_reflectance+manual_review,60.25,8.759,0.3286671042442322,0.317228227853775,0.2577767074108124,0.44543880224227905,0.49293264746665955,,,,0.3286671042442322,35.7,0.616,0.571,0.0,True,"Field inspection: check irrigation, pruning, stress.",1262.211669921875,960.921142578125,707.6929321289062,2486.0830078125,unreviewed,auto
KOG-MORAN-0043,pansharpened_reflectance_401e6b905b,2026-01-22,pansharpened_reflectance+manual_review,60.0,8.74,0.3388419449329376,0.32389625906944275,0.2617470920085907,0.43525245785713196,0.5081875920295715,,,,0.3388419449329376,41.8,0.714,0.504,0.0,True,"Field inspection: check irrigation, pruning, stress.",1176.949951171875,938.4666748046875,675.2791748046875,2373.904052734375,unreviewed,auto
KOG-MORAN-0044,pansharpened_reflectance_401e6b905b,2026-01-22,pansharpened_reflectance+manual_review,52.25,8.156,0.3172445595264435,0.3083309531211853,0.2565969228744507,0.40983662009239197,0.4757968485355377,,,,0.3172445595264435,33.4,0.688,0.464,0.0,True,"Field inspection: check irrigation, pruning, stress.",1245.5263671875,1012.5454711914062,749.5406494140625,2373.492919921875,unreviewed,auto
KOG-MORAN-0045,pansharpened_reflectance_401e6b905b,2026-01-22,pansharpened_reflectance+manual_review,58.0,8.593,0.33854714035987854,0.32093408703804016,0.25775593519210815,0.45057228207588196,0.507746160030365,,,,0.33854714035987854,41.7,0.773,0.438,0.0,True,"Field inspection: check irrigation, pruning, stress.",1185.0689697265625,908.1077880859375,678.8922119140625,2379.80615234375,unreviewed,auto
KOG-MORAN-0046,pansharpened_reflectance_401e6b905b,2026-01-22,pansharpened_reflectance+manual_review,61.25,8.831,0.38003191351890564,0.36818522214889526,0.2734658420085907,0.4501940608024597,0.5699752569198608,,,,0.38003191351890564,46.0,0.679,0.467,0.0,False,Routine monitoring.,1263.7265625,1071.681640625,787.0367431640625,2804.66943359375,unreviewed,auto
KOG-MORAN-0048,pansharpened_reflectance_401e6b905b,2026-01-22,pansharpened_reflectance+manual_review,47.25,7.756,0.29287248849868774,0.28559935092926025,0.25228258967399597,0.42442524433135986,0.43924999237060547,,,,0.29287248849868774,28.6,0.695,0.486,0.0,True,"Field inspection: check irrigation, pruning, stress.",1378.5396728515625,1017.6878051757812,741.6243286132812,2502.3544921875,unreviewed,auto
KOG-MORAN-0049,pansharpened_reflectance_401e6b905b,2026-01-22,pansharpened_reflectance+manual_review,55.5,8.406,0.35966190695762634,0.34004539251327515,0.26872026920318604,0.4485000967979431,0.5394124984741211,,,,0.35966190695762634,45.9,0.816,0.36,0.0,False,Routine monitoring.,1109.7432861328125,894.5315551757812,659.8153076171875,2346.405517578125,unreviewed,auto
KOG-MORAN-0050,pansharpened_reflectance_401e6b905b,2026-01-22,pansharpened_reflectance+manual_review,51.75,8.117,0.3090399503707886,0.3028322458267212,0.26393964886665344,0.4243830442428589,0.4634955823421478,,,,0.3090399503707886,35.8,0.716,0.437,0.0,True,"Field inspection: check irrigation, pruning, stress.",1319.705322265625,1017.8551025390625,728.0966186523438,2495.541015625,unreviewed,auto
KOG-MORAN-0051,pansharpened_reflectance_401e6b905b,2026-01-22,pansharpened_reflectance+manual_review,40.0,7.136,0.3496025800704956,0.3453505039215088,0.26597464084625244,0.44684427976608276,0.5243338346481323,,,,0.3496025800704956,43.9,0.821,0.402,0.0,True,"Field inspection: check irrigation, pruning, stress.",1253.5250244140625,992.0062255859375,730.7000122070312,2583.481201171875,unreviewed,auto
KOG-MORAN-0052,pansharpened_reflectance_401e6b905b,2026-01-22,pansharpened_reflectance+manual_review,46.0,7.653,0.329706072807312,0.3276476562023163,0.26729878783226013,0.40583157539367676,0.4944761395454407,,,,0.329706072807312,39.9,0.767,0.398,0.0,True,"Field inspection: check irrigation, pruning, stress.",1052.896728515625,883.8097534179688,647.04345703125,2073.63037109375,unreviewed,auto
KOG-MORAN-0053,pansharpened_reflectance_401e6b905b,2026-01-22,pansharpened_reflectance+manual_review,44.25,7.506,0.33521053194999695,0.33060482144355774,0.2622610628604889,0.4329979121685028,0.5027412176132202,,,,0.33521053194999695,37.0,0.651,0.489,0.0,True,"Field inspection: check irrigation, pruning, stress.",1154.8983154296875,918.3955078125,672.598876953125,2308.779541015625,unreviewed,auto
KOG-MORAN-0054,pansharpened_reflectance_401e6b905b,2026-01-22,pansharpened_reflectance+manual_review,40.75,7.203,0.31728434562683105,0.3131245970726013,0.25358638167381287,0.426372230052948,0.4758513271808624,,,,0.31728434562683105,37.5,0.836,0.347,0.0,True,"Field inspection: check irrigation, pruning, stress.",1127.2576904296875,877.5030517578125,645.1226806640625,2159.656494140625,unreviewed,auto
KOG-MORAN-0055,pansharpened_reflectance_401e6b905b,2026-01-22,pansharpened_reflectance+manual_review,30.5,6.232,0.3122025728225708,0.311454176902771,0.2661346197128296,0.4274667501449585,0.46823766827583313,,,,0.3122025728225708,36.4,0.713,0.511,0.0,True,"Field inspection: check irrigation, pruning, stress.",1246.9508056640625,959.15576171875,701.672119140625,2372.22119140625,unreviewed,auto
KOG-MORAN-0056,pansharpened_reflectance_401e6b905b,2026-01-22,pansharpened_reflectance+manual_review,74.0,9.707,0.3615313470363617,0.3436771631240845,0.27214235067367554,0.4126633405685425,0.5422292351722717,,,,0.3615313470363617,42.3,0.56,0.561,0.0,True,"Field inspection: check irrigation, pruning, stress.",1414.4053955078125,1255.807373046875,947.1351318359375,2958.439208984375,unreviewed,auto
KOG-MORAN-0057,pansharpened_reflectance_401e6b905b,2026-01-22,pansharpened_reflectance+manual_review,60.25,8.759,0.3558788001537323,0.34722837805747986,0.26739200949668884,0.431502103805542,0.5337560772895813,,,,0.3558788001537323,45.2,0.709,0.447,0.0,False,Routine monitoring.,1475.3319091796875,1238.4854736328125,923.4979248046875,3063.863037109375,unreviewed,auto
KOG-MORAN-0058,pansharpened_reflectance_401e6b905b,2026-01-22,pansharpened_reflectance+manual_review,69.0,9.373,0.30462339520454407,0.2904893159866333,0.25443634390830994,0.4032341241836548,0.4568571150302887,,,,0.30462339520454407,30.9,0.552,0.667,0.0,True,"Field inspection: check irrigation, pruning, stress.",1080.8695068359375,858.68115234375,665.1231689453125,2020.840576171875,unreviewed,auto
KOG-MORAN-0059,pansharpened_reflectance_401e6b905b,2026-01-22,pansharpened_reflectance+manual_review,58.25,8.612,0.34303346276283264,0.3285638689994812,0.26232099533081055,0.4208768606185913,0.5144875049591064,,,,0.34303346276283264,38.6,0.633,0.565,0.0,True,"Field inspection: check irrigation, pruning, stress.",1373.326171875,1146.7596435546875,865.8927001953125,2807.04296875,unreviewed,auto
KOG-MORAN-0060,pansharpened_reflectance_401e6b905b,2026-01-22,pansharpened_reflectance+manual_review,34.0,6.58,0.3048117160797119,0.3032677173614502,0.26002243161201477,0.42330992221832275,0.45714977383613586,,,,0.3048117160797119,35.0,0.756,0.414,0.0,True,"Field inspection: check irrigation, pruning, stress.",1220.4632568359375,926.433837890625,667.7352905273438,2270.99267578125,unreviewed,auto
KOG-MORAN-0061,pansharpened_reflectance_401e6b905b,2026-01-22,pansharpened_reflectance+manual_review,55.25,8.387,0.3403404951095581,0.32530713081359863,0.26292136311531067,0.4464818835258484,0.5104376077651978,,,,0.3403404951095581,42.1,0.722,0.464,0.0,True,"Field inspection: check irrigation, pruning, stress.",1225.8189697265625,955.2986450195312,707.271484375,2474.162841796875,unreviewed,auto
KOG-MORAN-0062,pansharpened_reflectance_401e6b905b,2026-01-22,pansharpened_reflectance+manual_review,40.25,7.159,0.32330676913261414,0.3134132921695709,0.259306401014328,0.449931800365448,0.48489513993263245,,,,0.32330676913261414,38.7,0.826,0.355,0.0,True,"Field inspection: check irrigation, pruning, stress.",1320.5404052734375,981.5714111328125,720.633544921875,2563.590087890625,unreviewed,auto
KOG-MORAN-0063,pansharpened_reflectance_401e6b905b,2026-01-22,pansharpened_reflectance+manual_review,51.5,8.098,0.3297378420829773,0.31471967697143555,0.2578326463699341,0.4297073483467102,0.4945339858531952,,,,0.3297378420829773,39.9,0.715,0.472,0.0,True,"Field inspection: check irrigation, pruning, stress.",1189.9271240234375,940.2572631835938,704.5922241210938,2340.703857421875,unreviewed,auto
KOG-MORAN-0064,pansharpened_reflectance_401e6b905b,2026-01-22,pansharpened_reflectance+manual_review,50.5,8.019,0.3539808690547943,0.3408656120300293,0.26478487253189087,0.46350422501564026,0.5308957099914551,,,,0.3539808690547943,44.8,0.748,0.417,0.0,True,"Field inspection: check irrigation, pruning, stress.",1145.75244140625,883.1039428710938,653.2970581054688,2417.24755859375,unreviewed,auto
KOG-MORAN-0065,pansharpened_reflectance_401e6b905b,2026-01-22,pansharpened_reflectance+manual_review,39.25,7.069,0.3599359393119812,0.34808945655822754,0.2665387988090515,0.4008975327014923,0.5398411750793457,,,,0.3599359393119812,46.0,0.77,0.452,0.0,False,Routine monitoring.,1466.7325439453125,1338.2611083984375,1033.2611083984375,3076.56689453125,unreviewed,auto
KOG-MORAN-0066,pansharpened_reflectance_401e6b905b,2026-01-22,pansharpened_reflectance+manual_review,48.75,7.878,0.3309348225593567,0.3156515955924988,0.2610437870025635,0.4394712448120117,0.49632880091667175,,,,0.3309348225593567,40.2,0.871,0.319,0.0,True,"Field inspection: check irrigation, pruning, stress.",1184.933349609375,915.8563842773438,663.09228515625,2335.425537109375,unreviewed,auto
KOG-MORAN-0067,pansharpened_reflectance_401e6b905b,2026-01-22,pansharpened_reflectance+manual_review,41.75,7.291,0.3493417501449585,0.33734625577926636,0.2653273344039917,0.4424213171005249,0.5239472389221191,,,,0.3493417501449585,43.9,0.795,0.376,0.0,True,"Field inspection: check irrigation, pruning, stress.",1354.6527099609375,1083.52099609375,775.3592529296875,2787.946044921875,unreviewed,auto
KOG-MORAN-0068,pansharpened_reflectance_401e6b905b,2026-01-22,pansharpened_reflectance+manual_review,37.5,6.91,0.32500898838043213,0.3157363533973694,0.26224589347839355,0.42443856596946716,0.4874492287635803,,,,0.32500898838043213,39.0,0.824,0.354,0.0,True,"Field inspection: check irrigation, pruning, stress.",1342.873291015625,1065.393310546875,756.9600219726562,2623.0400390625,unreviewed,auto
KOG-MORAN-0069,pansharpened_reflectance_401e6b905b,2026-01-22,pansharpened_reflectance+manual_review,45.5,7.611,0.3224954903125763,0.3100898265838623,0.25663596391677856,0.4394589066505432,0.48367080092430115,,,,0.3224954903125763,34.5,0.632,0.505,0.0,True,"Field inspection: check irrigation, pruning, stress.",1185.357177734375,901.4395751953125,663.7582397460938,2298.159423828125,unreviewed,auto
KOG-MORAN-0070,pansharpened_reflectance_401e6b905b,2026-01-22,pansharpened_reflectance+manual_review,47.25,7.756,0.3697226345539093,0.356574147939682,0.2634109556674957,0.42370858788490295,0.5545082688331604,,,,0.3697226345539093,47.9,0.75,0.42,0.0,False,Routine monitoring.,1238.179931640625,1085.09521484375,783.6084594726562,2664.25927734375,unreviewed,auto
KOG-MORAN-0071,pansharpened_reflectance_401e6b905b,2026-01-22,pansharpened_reflectance+manual_review,53.0,8.215,0.3775324523448944,0.37105727195739746,0.27509528398513794,0.4446563720703125,0.5662256479263306,,,,0.3775324523448944,45.5,0.697,0.514,0.0,False,Routine monitoring.,1329.882080078125,1140.25,831.2546997070312,2891.424560546875,unreviewed,auto
KOG-MORAN-0072,pansharpened_reflectance_401e6b905b,2026-01-22,pansharpened_reflectance+manual_review,26.25,5.781,0.3177756071090698,0.31979694962501526,0.2741778790950775,0.44967836141586304,0.47659599781036377,,,,0.3177756071090698,33.6,0.673,0.512,0.0,True,"Field inspection: check irrigation, pruning, stress.",1243.3714599609375,918.123779296875,691.4285888671875,2394.32373046875,unreviewed,auto
KOG-MORAN-0073,pansharpened_reflectance_401e6b905b,2026-01-22,pansharpened_reflectance+manual_review,50.75,8.038,0.3470924496650696,0.3326287865638733,0.2605604827404022,0.453148752450943,0.5205702781677246,,,,0.3470924496650696,43.4,0.806,0.448,0.0,True,"Field inspection: check irrigation, pruning, stress.",1318.256103515625,1024.0394287109375,730.192138671875,2692.576416015625,unreviewed,auto
KOG-MORAN-0074,pansharpened_reflectance_401e6b905b,2026-01-22,pansharpened_reflectance+manual_review,38.0,6.956,0.3157831132411957,0.31244879961013794,0.2577444314956665,0.415975958108902,0.4736095368862152,,,,0.3157831132411957,33.2,0.676,0.469,0.0,True,"Field inspection: check irrigation, pruning, stress.",1318.125,1050.4539794921875,792.1052856445312,2512.993408203125,unreviewed,auto
KOG-MORAN-0075,pansharpened_reflectance_401e6b905b,2026-01-22,pansharpened_reflectance+manual_review,39.0,7.047,0.3073797821998596,0.2970678210258484,0.2596241533756256,0.4089221954345703,0.46100538969039917,,,,0.3073797821998596,31.5,0.612,0.521,0.0,True,"Field inspection: check irrigation, pruning, stress.",1313.0,1050.6859130859375,755.9295043945312,2476.35888671875,unreviewed,auto
KOG-MORAN-0076,pansharpened_reflectance_401e6b905b,2026-01-22,pansharpened_reflectance+manual_review,53.5,8.253,0.3271653652191162,0.31348565220832825,0.2604166865348816,0.4298446476459503,0.4906769096851349,,,,0.3271653652191162,35.4,0.594,0.534,0.0,True,"Field inspection: check irrigation, pruning, stress.",1215.35986328125,957.4158935546875,714.6074829101562,2377.570068359375,unreviewed,auto
KOG-MORAN-0077,pansharpened_reflectance_401e6b905b,2026-01-22,pansharpened_reflectance+manual_review,38.25,6.979,0.3205893635749817,0.3161256015300751,0.26151391863822937,0.4265463352203369,0.48081353306770325,,,,0.3205893635749817,34.1,0.643,0.531,0.0,True,"Field inspection: check irrigation, pruning, stress.",1209.9608154296875,949.7254638671875,699.2418212890625,2343.94775390625,unreviewed,auto
KOG-MORAN-0078,pansharpened_reflectance_401e6b905b,2026-01-22,pansharpened_reflectance+manual_review,46.75,7.715,0.3760250210762024,0.3534626066684723,0.2710667848587036,0.4693859815597534,0.5639590620994568,,,,0.3760250210762024,45.2,0.577,0.547,0.0,False,Routine monitoring.,1172.385009765625,931.4920043945312,661.614990234375,2562.4599609375,unreviewed,auto
KOG-MORAN-0079,pansharpened_reflectance_401e6b905b,2026-01-22,pansharpened_reflectance+manual_review,22.25,5.323,0.3231275975704193,0.3337104022502899,0.22268393635749817,0.42731818556785583,0.4846234917640686,,,,0.3231275975704193,38.6,0.925,0.366,0.0,True,"Field inspection: check irrigation, pruning, stress.",1230.0450439453125,962.3063354492188,677.8828735351562,2391.810791015625,unreviewed,auto
KOG-MORAN-0080,pansharpened_reflectance_401e6b905b,2026-01-22,pansharpened_reflectance+manual_review,45.75,7.632,0.34376633167266846,0.3244626522064209,0.26294007897377014,0.4418477416038513,0.5155786871910095,,,,0.34376633167266846,42.8,0.718,0.439,0.0,True,"Field inspection: check irrigation, pruning, stress.",1276.612060546875,1023.8743286132812,741.185791015625,2593.9453125,unreviewed,auto
KOG-MORAN-0081,pansharpened_reflectance_401e6b905b,2026-01-22,pansharpened_reflectance+manual_review,38.75,7.024,0.3875736892223358,0.38499385118484497,0.26939260959625244,0.4572393596172333,0.5812933444976807,,,,0.3875736892223358,51.5,0.795,0.379,0.0,False,Routine monitoring.,1390.94189453125,1169.6451416015625,859.57421875,3131.199951171875,unreviewed,auto
KOG-MORAN-0082,pansharpened_reflectance_401e6b905b,2026-01-22,pansharpened_reflectance+manual_review,36.0,6.77,0.33641713857650757,0.328064501285553,0.2663894593715668,0.4599350392818451,0.5045533180236816,,,,0.33641713857650757,41.3,0.735,0.423,0.0,True,"Field inspection: check irrigation, pruning, stress.",1238.3958740234375,923.7777709960938,664.0625,2462.5068359375,unreviewed,auto
KOG-MORAN-0083,pansharpened_reflectance_401e6b905b,2026-01-22,pansharpened_reflectance+manual_review,41.75,7.291,0.329752117395401,0.3212851285934448,0.26150810718536377,0.44549429416656494,0.49455809593200684,,,,0.329752117395401,40.0,0.746,0.417,0.0,True,"Field inspection: check irrigation, pruning, stress.",1245.3114013671875,951.1736450195312,687.3832397460938,2459.006103515625,unreviewed,auto
KOG-MORAN-0085,pansharpened_reflectance_401e6b905b,2026-01-22,pansharpened_reflectance+manual_review,24.25,5.557,0.3154693841934204,0.30871590971946716,0.2617744207382202,0.4111449122428894,0.47313496470451355,,,,0.3154693841934204,37.1,0.746,0.424,0.0,True,"Field inspection: check irrigation, pruning, stress.",1235.54638671875,1000.0824584960938,747.26806640625,2355.43310546875,unreviewed,auto
KOG-MORAN-0086,pansharpened_reflectance_401e6b905b,2026-01-22,pansharpened_reflectance+manual_review,40.0,7.136,0.3030780553817749,0.30328208208084106,0.2575196325778961,0.42823076248168945,0.45455390214920044,,,,0.3030780553817749,30.6,0.672,0.509,0.0,True,"Field inspection: check irrigation, pruning, stress.",1293.762451171875,974.1437377929688,719.4749755859375,2412.27490234375,unreviewed,auto
KOG-MORAN-0087,pansharpened_reflectance_401e6b905b,2026-01-22,pansharpened_reflectance+manual_review,40.0,7.136,0.3008337616920471,0.28916698694229126,0.2562607526779175,0.4169658124446869,0.4511874318122864,,,,0.3008337616920471,30.2,0.672,0.509,0.0,True,"Field inspection: check irrigation, pruning, stress.",1294.949951171875,997.5875244140625,749.1812744140625,2398.050048828125,unreviewed,auto
KOG-MORAN-0088,pansharpened_reflectance_401e6b905b,2026-01-22,pansharpened_reflectance+manual_review,32.75,6.457,0.3531719446182251,0.3451370298862457,0.26969781517982483,0.4388776123523712,0.5296995639801025,,,,0.3531719446182251,44.6,0.84,0.342,0.0,True,"Field inspection: check irrigation, pruning, stress.",1599.946533203125,1309.5267333984375,941.030517578125,3282.43505859375,unreviewed,auto
KOG-MORAN-0089,pansharpened_reflectance_401e6b905b,2026-01-22,pansharpened_reflectance+manual_review,28.5,6.024,0.3425222933292389,0.34801366925239563,0.28451651334762573,0.38575008511543274,0.5137174725532532,,,,0.3425222933292389,42.5,0.905,0.323,0.0,True,"Field inspection: check irrigation, pruning, stress.",1374.517578125,1254.5350341796875,975.0877075195312,2773.850830078125,unreviewed,auto
KOG-MORAN-0090,pansharpened_reflectance_401e6b905b,2026-01-22,pansharpened_reflectance+manual_review,35.75,6.747,0.36169514060020447,0.35427573323249817,0.2709892690181732,0.4359877407550812,0.5424834489822388,,,,0.36169514060020447,46.3,0.794,0.384,0.0,False,Routine monitoring.,1530.664306640625,1286.6573486328125,953.0139770507812,3230.69921875,unreviewed,auto
KOG-MORAN-0091,pansharpened_reflectance_401e6b905b,2026-01-22,pansharpened_reflectance+manual_review,32.5,6.433,0.3153018057346344,0.31873103976249695,0.2664634585380554,0.40370190143585205,0.47288307547569275,,,,0.3153018057346344,37.1,0.722,0.44,0.0,True,"Field inspection: check irrigation, pruning, stress.",1195.6845703125,979.2692260742188,738.4615478515625,2300.84619140625,unreviewed,auto
KOG-MORAN-0092,pansharpened_reflectance_401e6b905b,2026-01-22,pansharpened_reflectance+manual_review,14.5,4.297,0.37507370114326477,0.3798066973686218,0.2781447470188141,0.48684877157211304,0.5625311732292175,,,,0.37507370114326477,49.0,0.806,0.438,0.0,False,Routine monitoring.,1213.9827880859375,936.862060546875,662.2069091796875,2638.258544921875,unreviewed,auto
KOG-MORAN-0093,pansharpened_reflectance_401e6b905b,2026-01-22,pansharpened_reflectance+manual_review,25.5,5.698,0.36033129692077637,0.3513450622558594,0.26431477069854736,0.47577187418937683,0.5404359698295593,,,,0.36033129692077637,46.1,0.773,0.394,0.0,False,Routine monitoring.,1464.2843017578125,1102.049072265625,803.61767578125,3085.2353515625,unreviewed,auto
KOG-MORAN-0094,pansharpened_reflectance_401e6b905b,2026-01-22,pansharpened_reflectance+manual_review,34.25,6.604,0.32489463686943054,0.3135942220687866,0.2609346807003021,0.4372560381889343,0.48727795481681824,,,,0.32489463686943054,39.0,0.753,0.41,0.0,True,"Field inspection: check irrigation, pruning, stress.",1304.13134765625,1000.3211669921875,743.2262573242188,2553.963623046875,unreviewed,auto
KOG-MORAN-0095,pansharpened_reflectance_401e6b905b,2026-01-22,pansharpened_reflectance+manual_review,42.5,7.356,0.3153165578842163,0.31040698289871216,0.26166123151779175,0.4059950113296509,0.47289517521858215,,,,0.3153165578842163,33.1,0.664,0.478,0.0,True,"Field inspection: check irrigation, pruning, stress.",1090.2529296875,890.2941284179688,667.8588256835938,2079.10595703125,unreviewed,auto
KOG-MORAN-0096,pansharpened_reflectance_401e6b905b,2026-01-22,pansharpened_reflectance+manual_review,35.5,6.723,0.31782546639442444,0.3113582134246826,0.2607628107070923,0.41631343960762024,0.4766661524772644,,,,0.31782546639442444,37.6,0.78,0.388,0.0,True,"Field inspection: check irrigation, pruning, stress.",1184.1197509765625,943.2535400390625,685.859130859375,2270.0634765625,unreviewed,auto
KOG-MORAN-0097,pansharpened_reflectance_401e6b905b,2026-01-22,pansharpened_reflectance+manual_review,40.5,7.181,0.37892886996269226,0.3647967576980591,0.2703889012336731,0.47596415877342224,0.5683152675628662,,,,0.37892886996269226,45.8,0.635,0.503,0.0,False,Routine monitoring.,1158.43212890625,919.7777709960938,650.654296875,2584.54931640625,unreviewed,auto
KOG-MORAN-0098,pansharpened_reflectance_401e6b905b,2026-01-22,pansharpened_reflectance+manual_review,29.5,6.129,0.29354119300842285,0.2873026728630066,0.2575855255126953,0.423862099647522,0.44024842977523804,,,,0.29354119300842285,32.7,0.756,0.407,0.0,True,"Field inspection: check irrigation, pruning, stress.",1275.440673828125,948.0254516601562,675.2542114257812,2326.415283203125,unreviewed,auto
KOG-MORAN-0099,pansharpened_reflectance_401e6b905b,2026-01-22,pansharpened_reflectance+manual_review,22.25,5.323,0.3124220073223114,0.30533334612846375,0.25875213742256165,0.4380505681037903,0.4685659110546112,,,,0.3124220073223114,36.5,0.742,0.422,0.0,True,"Field inspection: check irrigation, pruning, stress.",1234.91015625,927.9213256835938,660.4044799804688,2361.281005859375,unreviewed,auto
KOG-MORAN-0100,pansharpened_reflectance_401e6b905b,2026-01-22,pansharpened_reflectance+manual_review,36.25,6.794,0.3210369646549225,0.3151214122772217,0.26029568910598755,0.4334445297718048,0.4814719259738922,,,,0.3210369646549225,34.2,0.644,0.494,0.0,True,"Field inspection: check irrigation, pruning, stress.",1043.9310302734375,806.9034423828125,589.2138061523438,2020.199951171875,unreviewed,auto
KOG-MORAN-0101,pansharpened_reflectance_401e6b905b,2026-01-22,pansharpened_reflectance+manual_review,30.5,6.232,0.31476205587387085,0.309267520904541,0.25945863127708435,0.4246200621128082,0.4720703065395355,,,,0.31476205587387085,37.0,0.722,0.433,0.0,True,"Field inspection: check irrigation, pruning, stress.",1153.61474609375,896.5737915039062,629.15576171875,2205.713134765625,unreviewed,auto
KOG-MORAN-0102,pansharpened_reflectance_401e6b905b,2026-01-22,pansharpened_reflectance+manual_review,31.0,6.283,0.32098305225372314,0.31282323598861694,0.2623928189277649,0.42129161953926086,0.48140189051628113,,,,0.32098305225372314,38.2,0.805,0.377,0.0,True,"Field inspection: check irrigation, pruning, stress.",1156.6048583984375,923.5403442382812,658.51611328125,2252.290283203125,unreviewed,auto
KOG-MORAN-0103,pansharpened_reflectance_401e6b905b,2026-01-22,pansharpened_reflectance+manual_review,32.25,6.408,0.32092803716659546,0.3119335472583771,0.262220561504364,0.44154244661331177,0.48133087158203125,,,,0.32092803716659546,38.2,0.768,0.4,0.0,True,"Field inspection: check irrigation, pruning, stress.",1407.4185791015625,1065.5115966796875,766.7674560546875,2713.49609375,unreviewed,auto
KOG-MORAN-0104,pansharpened_reflectance_401e6b905b,2026-01-22,pansharpened_reflectance+manual_review,29.5,6.129,0.3036138713359833,0.29954278469085693,0.2610698342323303,0.4188404977321625,0.45535212755203247,,,,0.3036138713359833,30.7,0.698,0.452,0.0,True,"Field inspection: check irrigation, pruning, stress.",1176.0423583984375,903.5084838867188,681.4491577148438,2199.152587890625,unreviewed,auto
KOG-MORAN-0105,pansharpened_reflectance_401e6b905b,2026-01-22,pansharpened_reflectance+manual_review,29.25,6.103,0.31760069727897644,0.31179773807525635,0.2595688998699188,0.4325646162033081,0.4763372838497162,,,,0.31760069727897644,37.5,0.75,0.412,0.0,True,"Field inspection: check irrigation, pruning, stress.",1313.6666259765625,1003.11962890625,763.068359375,2522.683837890625,unreviewed,auto
KOG-MORAN-0106,pansharpened_reflectance_401e6b905b,2026-01-22,pansharpened_reflectance+manual_review,29.0,6.077,0.3243696391582489,0.31447261571884155,0.2629455029964447,0.42631208896636963,0.4864816665649414,,,,0.3243696391582489,38.9,0.806,0.367,0.0,True,"Field inspection: check irrigation, pruning, stress.",1183.5689697265625,932.7413940429688,666.4224243164062,2303.68115234375,unreviewed,auto
KOG-MORAN-0107,pansharpened_reflectance_401e6b905b,2026-01-22,pansharpened_reflectance+manual_review,31.25,6.308,0.33369991183280945,0.329880028963089,0.2636859714984894,0.4183959662914276,0.5004860758781433,,,,0.33369991183280945,40.7,0.801,0.372,0.0,True,"Field inspection: check irrigation, pruning, stress.",1367.85595703125,1127.0400390625,829.3359985351562,2720.14404296875,unreviewed,auto
KOG-MORAN-0108,pansharpened_reflectance_401e6b905b,2026-01-22,pansharpened_reflectance+manual_review,50.0,7.979,0.37954750657081604,0.37841910123825073,0.27030861377716064,0.4588606357574463,0.5692468881607056,,,,0.37954750657081604,45.9,0.533,0.607,0.0,False,Routine monitoring.,1232.7750244140625,1013.8049926757812,728.9650268554688,2714.77490234375,unreviewed,auto
KOG-MORAN-0109,pansharpened_reflectance_401e6b905b,2026-01-22,pansharpened_reflectance+manual_review,27.75,5.944,0.30773162841796875,0.30464914441108704,0.26215967535972595,0.4260654151439667,0.461523175239563,,,,0.30773162841796875,35.5,0.771,0.395,0.0,True,"Field inspection: check irrigation, pruning, stress.",1101.3062744140625,839.1531372070312,641.1351318359375,2074.01806640625,unreviewed,auto
KOG-MORAN-0110,pansharpened_reflectance_401e6b905b,2026-01-22,pansharpened_reflectance+manual_review,35.0,6.676,0.30874648690223694,0.2982128858566284,0.2559940218925476,0.3854435086250305,0.46306151151657104,,,,0.30874648690223694,31.7,0.667,0.511,0.0,True,"Field inspection: check irrigation, pruning, stress.",1428.32861328125,1203.021484375,897.3428344726562,2694.321533203125,unreviewed,auto
KOG-MORAN-0111,pansharpened_reflectance_401e6b905b,2026-01-22,pansharpened_reflectance+manual_review,34.5,6.628,0.320991575717926,0.32130253314971924,0.2680283188819885,0.4247930943965912,0.4814164638519287,,,,0.320991575717926,38.2,0.784,0.447,0.0,True,"Field inspection: check irrigation, pruning, stress.",1199.1956787109375,944.9710083007812,686.9275512695312,2318.065185546875,unreviewed,auto
KOG-MORAN-0112,pansharpened_reflectance_401e6b905b,2026-01-22,pansharpened_reflectance+manual_review,28.0,5.971,0.32023048400878906,0.3148967921733856,0.2629879117012024,0.4415028989315033,0.48027339577674866,,,,0.32023048400878906,38.0,0.783,0.389,0.0,True,"Field inspection: check irrigation, pruning, stress.",1195.892822265625,912.9464111328125,659.3928833007812,2313.384033203125,unreviewed,auto
KOG-MORAN-0113,pansharpened_reflectance_401e6b905b,2026-01-22,pansharpened_reflectance+manual_review,32.0,6.383,0.28597474098205566,0.28226396441459656,0.2534354031085968,0.4020693600177765,0.42889857292175293,,,,0.28597474098205566,27.2,0.61,0.582,0.0,True,"Field inspection: check irrigation, pruning, stress.",1225.6796875,941.0078125,705.640625,2203.7890625,unreviewed,auto
KOG-MORAN-0114,pansharpened_reflectance_401e6b905b,2026-01-22,pansharpened_reflectance+manual_review,25.0,5.642,0.3437073528766632,0.34006747603416443,0.26897478103637695,0.44719162583351135,0.5155003070831299,,,,0.3437073528766632,38.7,0.694,0.455,0.0,True,"Field inspection: check irrigation, pruning, stress.",1494.6700439453125,1179.1300048828125,872.2100219726562,3016.409912109375,unreviewed,auto
KOG-MORAN-0115,pansharpened_reflectance_401e6b905b,2026-01-22,pansharpened_reflectance+manual_review,29.5,6.129,0.31923365592956543,0.3112221956253052,0.26196223497390747,0.43680238723754883,0.47878313064575195,,,,0.31923365592956543,37.8,0.766,0.407,0.0,True,"Field inspection: check irrigation, pruning, stress.",1265.4490966796875,963.2288208007812,676.4321899414062,2436.83056640625,unreviewed,auto
KOG-MORAN-0116,pansharpened_reflectance_401e6b905b,2026-01-22,pansharpened_reflectance+manual_review,28.5,6.024,0.3100326657295227,0.30253303050994873,0.2574481666088104,0.4030560255050659,0.4649779796600342,,,,0.3100326657295227,36.0,0.797,0.378,0.0,True,"Field inspection: check irrigation, pruning, stress.",1192.6754150390625,963.4824829101562,717.9649047851562,2251.403564453125,unreviewed,auto
KOG-MORAN-0117,pansharpened_reflectance_401e6b905b,2026-01-22,pansharpened_reflectance+manual_review,31.0,6.283,0.2789705693721771,0.273777574300766,0.25451895594596863,0.4186660945415497,0.41839730739593506,,,,0.2789705693721771,25.8,0.633,0.503,0.0,True,"Field inspection: check irrigation, pruning, stress.",1337.1854248046875,975.1693725585938,713.73388671875,2364.685546875,unreviewed,auto
KOG-MORAN-0118,pansharpened_reflectance_401e6b905b,2026-01-22,pansharpened_reflectance+manual_review,27.75,5.944,0.3101835250854492,0.30744466185569763,0.2612324655056,0.42814868688583374,0.46521732211112976,,,,0.3101835250854492,36.0,0.712,0.442,0.0,True,"Field inspection: check irrigation, pruning, stress.",1458.729736328125,1113.55859375,781.1351318359375,2758.531494140625,unreviewed,auto
KOG-MORAN-0119,pansharpened_reflectance_401e6b905b,2026-01-22,pansharpened_reflectance+manual_review,20.0,5.046,0.29548153281211853,0.2963100075721741,0.2539719343185425,0.40685945749282837,0.44315487146377563,,,,0.29548153281211853,33.1,0.727,0.43,0.0,True,"Field inspection: check irrigation, pruning, stress.",1225.199951171875,952.5625,669.3125,2241.28759765625,unreviewed,auto
KOG-MORAN-0120,pansharpened_reflectance_401e6b905b,2026-01-22,pansharpened_reflectance+manual_review,21.25,5.202,0.30509525537490845,0.2998400032520294,0.25962188839912415,0.4149235785007477,0.45757442712783813,,,,0.30509525537490845,35.0,0.773,0.394,0.0,True,"Field inspection: check irrigation, pruning, stress.",1228.6470947265625,961.2117919921875,689.5294189453125,2299.199951171875,unreviewed,auto
KOG-MORAN-0121,pansharpened_reflectance_401e6b905b,2026-01-22,pansharpened_reflectance+manual_review,23.5,5.47,0.31177452206611633,0.31562668085098267,0.26125985383987427,0.412934809923172,0.4675889015197754,,,,0.31177452206611633,36.4,0.855,0.33,0.0,True,"Field inspection: check irrigation, pruning, stress.",1186.25537109375,944.6383056640625,681.7978515625,2237.5107421875,unreviewed,auto
KOG-MORAN-0122,pansharpened_reflectance_401e6b905b,2026-01-22,pansharpened_reflectance+manual_review,28.5,6.024,0.3105739653110504,0.3074847459793091,0.2599855661392212,0.41683438420295715,0.46579045057296753,,,,0.3105739653110504,32.1,0.675,0.47,0.0,True,"Field inspection: check irrigation, pruning, stress.",1186.9122314453125,931.8070068359375,689.3070068359375,2241.666748046875,unreviewed,auto
KOG-MORAN-0123,pansharpened_reflectance_401e6b905b,2026-01-22,pansharpened_reflectance+manual_review,30.0,6.18,0.29286155104637146,0.28940922021865845,0.2581259310245514,0.40889397263526917,0.4392335116863251,,,,0.29286155104637146,28.6,0.615,0.519,0.0,True,"Field inspection: check irrigation, pruning, stress.",1373.675048828125,1058.441650390625,756.2583618164062,2497.300048828125,unreviewed,auto
KOG-MORAN-0125,pansharpened_reflectance_401e6b905b,2026-01-22,pansharpened_reflectance+manual_review,23.5,5.47,0.28444963693618774,0.2829200029373169,0.2536623775959015,0.43064093589782715,0.42661163210868835,,,,0.28444963693618774,30.9,0.712,0.442,0.0,True,"Field inspection: check irrigation, pruning, stress.",1256.75537109375,899.7340698242188,667.6170043945312,2248.30859375,unreviewed,auto
KOG-MORAN-0126,pansharpened_reflectance_401e6b905b,2026-01-22,pansharpened_reflectance+manual_review,23.0,5.412,0.3083120584487915,0.3065304160118103,0.261798620223999,0.41830509901046753,0.4624020457267761,,,,0.3083120584487915,35.7,0.708,0.454,0.0,True,"Field inspection: check irrigation, pruning, stress.",1234.108642578125,960.70654296875,689.1738891601562,2329.804443359375,unreviewed,auto
KOG-MORAN-0127,pansharpened_reflectance_401e6b905b,2026-01-22,pansharpened_reflectance+manual_review,22.75,5.382,0.2868114709854126,0.28441479802131653,0.2530670464038849,0.4129959046840668,0.43015173077583313,,,,0.2868114709854126,27.4,0.689,0.46,0.0,True,"Field inspection: check irrigation, pruning, stress.",1193.6922607421875,894.8021850585938,662.087890625,2147.571533203125,unreviewed,auto
KOG-MORAN-0129,pansharpened_reflectance_401e6b905b,2026-01-22,pansharpened_reflectance+manual_review,18.0,4.787,0.2870497405529022,0.2844521999359131,0.257036954164505,0.41162481904029846,0.4305117428302765,,,,0.2870497405529022,31.4,0.8,0.373,0.0,True,"Field inspection: check irrigation, pruning, stress.",1260.236083984375,948.2222290039062,656.361083984375,2261.90283203125,unreviewed,auto
KOG-MORAN-0130,pansharpened_reflectance_401e6b905b,2026-01-22,pansharpened_reflectance+manual_review,21.75,5.262,0.2845701277256012,0.2825396955013275,0.25470781326293945,0.4473886489868164,0.42679038643836975,,,,0.2845701277256012,26.9,0.669,0.483,0.0,True,"Field inspection: check irrigation, pruning, stress.",1286.6207275390625,899.3793334960938,639.1034545898438,2294.517333984375,unreviewed,auto
KOG-MORAN-0131,pansharpened_reflectance_401e6b905b,2026-01-22,pansharpened_reflectance+manual_review,27.0,5.863,0.33909764885902405,0.32601815462112427,0.26355549693107605,0.4312523305416107,0.5085543990135193,,,,0.33909764885902405,41.8,0.8,0.411,0.0,True,"Field inspection: check irrigation, pruning, stress.",941.0925903320312,760.7129516601562,554.0277709960938,1912.2869873046875,unreviewed,auto
KOG-MORAN-0132,pansharpened_reflectance_401e6b905b,2026-01-22,pansharpened_reflectance+manual_review,19.5,4.983,0.29370394349098206,0.288642019033432,0.2586657702922821,0.4143676161766052,0.44049760699272156,,,,0.29370394349098206,32.7,0.722,0.444,0.0,True,"Field inspection: check irrigation, pruning, stress.",1368.0128173828125,1050.1922607421875,748.8846435546875,2513.25634765625,unreviewed,auto
KOG-MORAN-0133,pansharpened_reflectance_401e6b905b,2026-01-22,pansharpened_reflectance+manual_review,18.25,4.82,0.29821574687957764,0.2928730547428131,0.2570732831954956,0.422325998544693,0.4472666084766388,,,,0.29821574687957764,33.6,0.811,0.365,0.0,True,"Field inspection: check irrigation, pruning, stress.",1413.8082275390625,1067.5479736328125,746.4931640625,2613.013671875,unreviewed,auto
KOG-MORAN-0134,pansharpened_reflectance_401e6b905b,2026-01-22,pansharpened_reflectance+manual_review,16.75,4.618,0.2523547112941742,0.26267483830451965,0.1993149220943451,0.3918758034706116,0.37848609685897827,,,,0.2523547112941742,10.5,0.636,0.602,0.0,True,"Field inspection: check irrigation, pruning, stress.",1579.24169921875,1156.5933837890625,810.0439453125,2633.67041015625,unreviewed,auto
KOG-MORAN-0136,pansharpened_reflectance_401e6b905b,2026-01-22,pansharpened_reflectance+manual_review,20.5,5.109,0.2905815839767456,0.2869799733161926,0.2565465271472931,0.42090845108032227,0.4358072876930237,,,,0.2905815839767456,28.1,0.683,0.468,0.0,True,"Field inspection: check irrigation, pruning, stress.",1217.6829833984375,906.0365600585938,640.1097412109375,2210.91455078125,unreviewed,auto
KOG-MORAN-0137,pansharpened_reflectance_401e6b905b,2026-01-22,pansharpened_reflectance+manual_review,16.25,4.549,0.26656660437583923,0.2672158181667328,0.25222915410995483,0.3939496576786041,0.3997928202152252,,,,0.26656660437583923,27.3,0.739,0.489,0.0,True,"Field inspection: check irrigation, pruning, stress.",1294.4154052734375,973.2615356445312,742.5845947265625,2234.415283203125,unreviewed,auto
KOG-MORAN-0138,pansharpened_reflectance_401e6b905b,2026-01-22,pansharpened_reflectance+manual_review,14.75,4.334,0.29235580563545227,0.29170024394989014,0.26025527715682983,0.4158036410808563,0.4384695291519165,,,,0.29235580563545227,32.5,0.728,0.428,0.0,True,"Field inspection: check irrigation, pruning, stress.",1255.7626953125,951.8983154296875,648.5084838867188,2287.06787109375,unreviewed,auto
KOG-MORAN-0139,pansharpened_reflectance_401e6b905b,2026-01-22,pansharpened_reflectance+manual_review,14.5,4.297,0.2841196358203888,0.28207504749298096,0.25743043422698975,0.4139605164527893,0.4261106550693512,,,,0.2841196358203888,30.8,0.716,0.438,0.0,True,"Field inspection: check irrigation, pruning, stress.",1142.5689697265625,855.4655151367188,598.4827880859375,2047.0172119140625,unreviewed,auto
KOG-MORAN-0140,pansharpened_reflectance_401e6b905b,2026-01-22,pansharpened_reflectance+manual_review,15.0,4.37,0.28764694929122925,0.2888932228088379,0.261342316865921,0.4093867540359497,0.43140724301338196,,,,0.28764694929122925,31.5,0.833,0.348,0.0,True,"Field inspection: check irrigation, pruning, stress.",1280.4000244140625,974.8333129882812,664.3499755859375,2306.63330078125,unreviewed,auto
KOG-MORAN-0141,pansharpened_reflectance_401e6b905b,2026-01-22,pansharpened_reflectance+manual_review,22.25,5.323,0.27539685368537903,0.2743532359600067,0.2538294494152069,0.4000436067581177,0.4130360782146454,,,,0.27539685368537903,29.1,0.761,0.422,0.0,True,"Field inspection: check irrigation, pruning, stress.",1281.6405029296875,968.1123657226562,723.2247314453125,2253.674072265625,unreviewed,auto
KOG-MORAN-0142,pansharpened_reflectance_401e6b905b,2026-01-22,pansharpened_reflectance+manual_review,17.5,4.72,0.3008536100387573,0.29472655057907104,0.26136142015457153,0.38098636269569397,0.4512347877025604,,,,0.3008536100387573,34.2,0.795,0.391,0.0,True,"Field inspection: check irrigation, pruning, stress.",1893.800048828125,1585.2857666015625,1230.3857421875,3484.3427734375,unreviewed,auto
KOG-MORAN-0143,pansharpened_reflectance_401e6b905b,2026-01-22,pansharpened_reflectance+manual_review,19.0,4.918,0.30609482526779175,0.3084087073802948,0.25945591926574707,0.4186756908893585,0.4590626358985901,,,,0.30609482526779175,35.2,0.704,0.459,0.0,True,"Field inspection: check irrigation, pruning, stress.",1064.144775390625,825.6052856445312,605.5,1988.73681640625,unreviewed,auto
KOG-MORAN-0144,pansharpened_reflectance_401e6b905b,2026-01-22,pansharpened_reflectance+manual_review,14.0,4.222,0.32435551285743713,0.3131959140300751,0.2580556869506836,0.41291359066963196,0.4864498972892761,,,,0.32435551285743713,38.9,0.778,0.457,0.0,True,"Field inspection: check irrigation, pruning, stress.",994.4464111328125,813.6607055664062,567.25,1956.857177734375,unreviewed,auto
KOG-MORAN-0145,pansharpened_reflectance_401e6b905b,2026-01-22,pansharpened_reflectance+manual_review,10.5,3.656,0.34433072805404663,0.34993627667427063,0.27117615938186646,0.445778489112854,0.516411304473877,,,,0.34433072805404663,42.9,0.875,0.327,0.0,True,"Field inspection: check irrigation, pruning, stress.",993.7619018554688,788.09521484375,568.5238037109375,2059.09521484375,unreviewed,auto
KOG-MORAN-0146,pansharpened_reflectance_401e6b905b,2026-01-22,pansharpened_reflectance+manual_review,12.75,4.029,0.2825153172016144,0.2794886827468872,0.2552071511745453,0.39313948154449463,0.4237075448036194,,,,0.2825153172016144,30.5,0.81,0.374,0.0,True,"Field inspection: check irrigation, pruning, stress.",1211.058837890625,945.686279296875,638.9607543945312,2157.941162109375,unreviewed,auto
KOG-MORAN-0147,pansharpened_reflectance_401e6b905b,2026-01-22,pansharpened_reflectance+manual_review,18.0,4.787,0.2742290794849396,0.271149605512619,0.25651007890701294,0.38524606823921204,0.41129830479621887,,,,0.2742290794849396,24.8,0.667,0.487,0.0,True,"Field inspection: check irrigation, pruning, stress.",1688.72216796875,1320.75,942.2222290039062,2958.1806640625,unreviewed,auto
KOG-MORAN-0148,pansharpened_reflectance_401e6b905b,2026-01-22,pansharpened_reflectance+manual_review,11.75,3.868,0.29000890254974365,0.29011425375938416,0.25985288619995117,0.38718894124031067,0.43495720624923706,,,,0.29000890254974365,32.0,0.839,0.344,0.0,True,"Field inspection: check irrigation, pruning, stress.",1470.872314453125,1191.5106201171875,786.6170043945312,2658.7021484375,unreviewed,auto
KOG-MORAN-0149,pansharpened_reflectance_401e6b905b,2026-01-22,pansharpened_reflectance+manual_review,11.25,3.785,0.2657408118247986,0.26591020822525024,0.25195765495300293,0.38641881942749023,0.39855146408081055,,,,0.2657408118247986,27.1,0.804,0.448,0.0,True,"Field inspection: check irrigation, pruning, stress.",1259.77783203125,962.4888916015625,701.977783203125,2168.51123046875,unreviewed,auto
KOG-MORAN-0150,pansharpened_reflectance_401e6b905b,2026-01-22,pansharpened_reflectance+manual_review,9.25,3.432,0.27021524310112,0.2707231044769287,0.2531964182853699,0.389298677444458,0.4052543342113495,,,,0.27021524310112,28.0,0.822,0.407,0.0,True,"Field inspection: check irrigation, pruning, stress.",1132.8648681640625,874.0270385742188,579.3513793945312,1968.0,unreviewed,auto
KOG-MORAN-0152,pansharpened_reflectance_401e6b905b,2026-01-22,pansharpened_reflectance+manual_review,8.0,3.192,0.2747313380241394,0.27179014682769775,0.25620657205581665,0.39774417877197266,0.4120396375656128,,,,0.2747313380241394,28.9,0.762,0.405,0.0,True,"Field inspection: check irrigation, pruning, stress.",1338.9375,1017.90625,686.15625,2347.8125,unreviewed,auto
KOG-MORAN-0154,pansharpened_reflectance_401e6b905b,2026-01-22,pansharpened_reflectance+manual_review,6.25,2.821,0.3014993965625763,0.30166271328926086,0.26427584886550903,0.42006388306617737,0.45217159390449524,,,,0.3014993965625763,30.3,0.694,0.455,0.0,True,"Field inspection: check irrigation, pruning, stress.",1032.0,794.0800170898438,479.79998779296875,1934.43994140625,unreviewed,auto
KOG-MORAN-0155,pansharpened_reflectance_401e6b905b,2026-01-22,pansharpened_reflectance+manual_review,8.25,3.241,0.29928937554359436,0.2955945134162903,0.2601137161254883,0.41646328568458557,0.44887617230415344,,,,0.29928937554359436,29.9,0.611,0.539,0.0,True,"Field inspection: check irrigation, pruning, stress.",1405.0909423828125,1072.3939208984375,773.727294921875,2586.363525390625,unreviewed,auto
KOG-MORAN-0156,pansharpened_reflectance_401e6b905b,2026-01-22,pansharpened_reflectance+manual_review,6.75,2.932,0.2701592743396759,0.2657693326473236,0.25243499875068665,0.4025530517101288,0.4051779508590698,,,,0.2701592743396759,24.0,0.562,0.623,0.0,True,"Field inspection: check irrigation, pruning, stress.",1245.9630126953125,925.8518676757812,658.8518676757812,2162.5556640625,unreviewed,auto
KOG-MORAN-0157,pansharpened_reflectance_401e6b905b,2026-01-22,pansharpened_reflectance+manual_review,4.25,2.326,0.28279250860214233,0.28075286746025085,0.25520575046539307,0.39118021726608276,0.42413848638534546,,,,0.28279250860214233,30.6,0.81,0.466,0.0,True,"Field inspection: check irrigation, pruning, stress.",1516.2940673828125,1186.5882568359375,878.058837890625,2710.588134765625,unreviewed,auto
KOG-MORAN-0158,pansharpened_reflectance_401e6b905b,2026-01-22,pansharpened_reflectance+manual_review,6.25,2.821,0.2947349548339844,0.2888767421245575,0.2576513886451721,0.39468395709991455,0.44203510880470276,,,,0.2947349548339844,28.9,0.463,0.651,0.0,True,"Field inspection: check irrigation, pruning, stress.",1184.9200439453125,944.0800170898438,670.1199951171875,2164.39990234375,unreviewed,auto
KOG-MORAN-0160,pansharpened_reflectance_401e6b905b,2026-01-22,pansharpened_reflectance+manual_review,3.5,2.111,0.27044352889060974,0.272697776556015,0.2542196810245514,0.4014618694782257,0.40561047196388245,,,,0.27044352889060974,24.1,0.7,0.457,0.0,True,"Field inspection: check irrigation, pruning, stress.",1351.2142333984375,1004.9285888671875,769.1428833007812,2352.5,unreviewed,auto
KOG-MENEZLEH-0001,pansharpened_reflectance_401e6b905b,2026-01-22,pansharpened_reflectance+manual_review,167.0,14.582,0.3906089663505554,0.40263909101486206,0.19377018511295319,0.4298769533634186,0.43154335021972656,,,,0.3906089663505554,42.1,0.789,0.417,0.0,True,"Field inspection: check irrigation, pruning, stress.",965.5048217773438,860.6515502929688,658.456787109375,2109.677734375,unreviewed,auto
KOG-MENEZLEH-0002,pansharpened_reflectance_401e6b905b,2026-01-22,pansharpened_reflectance+manual_review,82.5,10.249,0.40711265802383423,0.43154194951057434,0.22188614308834076,0.4513545632362366,0.6105897426605225,,,,0.40711265802383423,55.4,0.861,0.383,0.0,True,"Field inspection: check irrigation, pruning, stress.",1233.454345703125,1089.5672607421875,849.481201171875,2838.06982421875,unreviewed,auto
KOG-MENEZLEH-0003,pansharpened_reflectance_401e6b905b,2026-01-22,pansharpened_reflectance+manual_review,83.25,10.295,0.3303469121456146,0.3390629291534424,0.2652806043624878,0.386375367641449,0.4954485595226288,,,,0.3303469121456146,40.1,0.724,0.483,0.0,True,"Field inspection: check irrigation, pruning, stress.",1239.4173583984375,1094.5946044921875,846.3453369140625,2441.672607421875,unreviewed,auto
KOG-MENEZLEH-0004,pansharpened_reflectance_401e6b905b,2026-01-22,pansharpened_reflectance+manual_review,94.75,10.984,0.3693583905696869,0.35385969281196594,0.2665248513221741,0.4587521553039551,0.553967297077179,,,,0.3693583905696869,47.9,0.783,0.437,0.0,False,Routine monitoring.,1314.0343017578125,1059.891845703125,832.781005859375,2822.0185546875,unreviewed,auto
KOG-MENEZLEH-0005,pansharpened_reflectance_401e6b905b,2026-01-22,pansharpened_reflectance+manual_review,107.75,11.713,0.2648018002510071,0.2661210894584656,0.18291175365447998,0.3442871868610382,0.3971513509750366,,,,0.2648018002510071,17.0,0.752,0.499,0.0,True,"Field inspection: check irrigation, pruning, stress.",1555.789306640625,1308.504150390625,1011.9255981445312,2638.61572265625,unreviewed,auto
KOG-MENEZLEH-0006,pansharpened_reflectance_401e6b905b,2026-01-22,pansharpened_reflectance+manual_review,79.75,10.077,0.36637982726097107,0.3588138520717621,0.24273623526096344,0.4216901957988739,0.5494972467422485,,,,0.36637982726097107,43.3,0.68,0.546,0.0,True,"Field inspection: check irrigation, pruning, stress.",1253.861083984375,1095.5177001953125,820.3487548828125,2678.523193359375,unreviewed,auto
KOG-MENEZLEH-0007,pansharpened_reflectance_401e6b905b,2026-01-22,pansharpened_reflectance+manual_review,57.75,8.575,0.3584979176521301,0.34861278533935547,0.27351436018943787,0.4065125584602356,0.5376682877540588,,,,0.3584979176521301,41.7,0.7,0.523,0.0,True,"Field inspection: check irrigation, pruning, stress.",1137.7791748046875,1020.5064697265625,777.80517578125,2401.497802734375,unreviewed,auto
KOG-MENEZLEH-0008,pansharpened_reflectance_401e6b905b,2026-01-22,pansharpened_reflectance+manual_review,114.25,12.061,0.3081221580505371,0.2950819730758667,0.2588878273963928,0.38181066513061523,0.46211522817611694,,,,0.3081221580505371,31.6,0.529,0.601,0.0,True,"Field inspection: check irrigation, pruning, stress.",1248.643310546875,1055.6104736328125,830.9299926757812,2337.5908203125,unreviewed,auto
KOG-MENEZLEH-0009,pansharpened_reflectance_401e6b905b,2026-01-22,pansharpened_reflectance+manual_review,107.5,11.699,0.4057442545890808,0.4045054316520691,0.2786359190940857,0.43034327030181885,0.6085230112075806,,,,0.4057442545890808,51.1,0.618,0.553,0.0,False,Routine monitoring.,1050.2022705078125,985.7069702148438,748.00927734375,2452.07666015625,unreviewed,auto
KOG-MENEZLEH-0010,pansharpened_reflectance_401e6b905b,2026-01-22,pansharpened_reflectance+manual_review,48.5,7.858,0.32699984312057495,0.31110548973083496,0.2706161141395569,0.43368861079216003,0.4904392659664154,,,,0.32699984312057495,39.4,0.729,0.44,0.0,True,"Field inspection: check irrigation, pruning, stress.",1414.73193359375,1095.9381103515625,855.0721435546875,2792.97412109375,unreviewed,auto
KOG-MENEZLEH-0011,pansharpened_reflectance_401e6b905b,2026-01-22,pansharpened_reflectance+manual_review,60.75,8.795,0.32314401865005493,0.31521740555763245,0.25747472047805786,0.3944833278656006,0.48464614152908325,,,,0.32314401865005493,38.6,0.759,0.442,0.0,True,"Field inspection: check irrigation, pruning, stress.",1257.197509765625,1075.8106689453125,825.9382934570312,2439.29638671875,unreviewed,auto
KOG-MENEZLEH-0012,pansharpened_reflectance_401e6b905b,2026-01-22,pansharpened_reflectance+manual_review,44.75,7.548,0.3293680250644684,0.32985204458236694,0.26508083939552307,0.3964225649833679,0.49398666620254517,,,,0.3293680250644684,39.9,0.852,0.375,0.0,True,"Field inspection: check irrigation, pruning, stress.",1313.0390625,1126.77099609375,853.3072509765625,2589.4580078125,unreviewed,auto
KOG-MENEZLEH-0013,pansharpened_reflectance_401e6b905b,2026-01-22,pansharpened_reflectance+manual_review,55.0,8.368,0.32673394680023193,0.31906771659851074,0.2610917389392853,0.3793509602546692,0.4900161623954773,,,,0.32673394680023193,35.3,0.616,0.521,0.0,True,"Field inspection: check irrigation, pruning, stress.",1043.4681396484375,933.7227172851562,711.8136596679688,2040.6636962890625,unreviewed,auto
KOG-MENEZLEH-0014,pansharpened_reflectance_401e6b905b,2026-01-22,pansharpened_reflectance+manual_review,50.75,8.038,0.35083454847335815,0.34117648005485535,0.2639380693435669,0.4109794497489929,0.5261780023574829,,,,0.35083454847335815,44.2,0.725,0.448,0.0,True,"Field inspection: check irrigation, pruning, stress.",1189.857177734375,1034.083740234375,796.4926147460938,2467.704345703125,unreviewed,auto
KOG-MENEZLEH-0015,pansharpened_reflectance_401e6b905b,2026-01-22,pansharpened_reflectance+manual_review,45.5,7.611,0.30699121952056885,0.29381921887397766,0.25821632146835327,0.372273713350296,0.46042290329933167,,,,0.30699121952056885,31.4,0.669,0.533,0.0,True,"Field inspection: check irrigation, pruning, stress.",1297.4725341796875,1117.2802734375,864.6923217773438,2426.769287109375,unreviewed,auto
KOG-MENEZLEH-0016,pansharpened_reflectance_401e6b905b,2026-01-22,pansharpened_reflectance+manual_review,45.5,7.611,0.3300587236881256,0.32285022735595703,0.2629157602787018,0.39781251549720764,0.49502143263816833,,,,0.3300587236881256,36.0,0.684,0.475,0.0,True,"Field inspection: check irrigation, pruning, stress.",1300.7967529296875,1116.598876953125,850.6868286132812,2564.208740234375,unreviewed,auto
KOG-MENEZLEH-0017,pansharpened_reflectance_401e6b905b,2026-01-22,pansharpened_reflectance+manual_review,42.25,7.334,0.3282541036605835,0.3168487548828125,0.2607053816318512,0.3992425501346588,0.49230924248695374,,,,0.3282541036605835,39.7,0.812,0.369,0.0,True,"Field inspection: check irrigation, pruning, stress.",1221.0947265625,1037.0118408203125,808.473388671875,2390.532470703125,unreviewed,auto
KOG-MENEZLEH-0018,pansharpened_reflectance_401e6b905b,2026-01-22,pansharpened_reflectance+manual_review,49.25,7.919,0.33334505558013916,0.3229452967643738,0.2622297406196594,0.39460909366607666,0.49994608759880066,,,,0.33334505558013916,40.7,0.773,0.396,0.0,True,"Field inspection: check irrigation, pruning, stress.",1216.4466552734375,1059.5380859375,807.3451538085938,2415.913818359375,unreviewed,auto
KOG-MENEZLEH-0019,pansharpened_reflectance_401e6b905b,2026-01-22,pansharpened_reflectance+manual_review,43.0,7.399,0.33147162199020386,0.3179704546928406,0.2604048252105713,0.39844387769699097,0.49713853001594543,,,,0.33147162199020386,36.3,0.683,0.472,0.0,True,"Field inspection: check irrigation, pruning, stress.",1269.0406494140625,1090.406982421875,841.5988159179688,2512.3896484375,unreviewed,auto
KOG-MENEZLEH-0020,pansharpened_reflectance_401e6b905b,2026-01-22,pansharpened_reflectance+manual_review,38.25,6.979,0.31437569856643677,0.3049674332141876,0.2589472532272339,0.3894578516483307,0.47149747610092163,,,,0.31437569856643677,32.9,0.654,0.531,0.0,True,"Field inspection: check irrigation, pruning, stress.",1284.5294189453125,1090.7320556640625,828.431396484375,2454.634033203125,unreviewed,auto
KOG-MENEZLEH-0021,pansharpened_reflectance_401e6b905b,2026-01-22,pansharpened_reflectance+manual_review,16.5,4.583,0.3565189838409424,0.3652018904685974,0.25887513160705566,0.40317705273628235,0.5347015261650085,,,,0.3565189838409424,45.3,0.829,0.482,0.0,False,Routine monitoring.,1183.2069091796875,1053.6322021484375,805.3677978515625,2449.793212890625,unreviewed,auto
KOG-MENEZLEH-0023,pansharpened_reflectance_401e6b905b,2026-01-22,pansharpened_reflectance+manual_review,35.0,6.676,0.3218919038772583,0.3170666992664337,0.26154589653015137,0.3870816230773926,0.48277026414871216,,,,0.3218919038772583,38.4,0.778,0.397,0.0,True,"Field inspection: check irrigation, pruning, stress.",1291.0357666015625,1113.8714599609375,853.8786010742188,2496.29296875,unreviewed,auto
KOG-MENEZLEH-0024,pansharpened_reflectance_401e6b905b,2026-01-22,pansharpened_reflectance+manual_review,37.5,6.91,0.3297131359577179,0.3204801380634308,0.2639721632003784,0.40334004163742065,0.4945019483566284,,,,0.3297131359577179,39.9,0.769,0.399,0.0,True,"Field inspection: check irrigation, pruning, stress.",1283.6866455078125,1087.3466796875,841.219970703125,2529.11328125,unreviewed,auto
KOG-MENEZLEH-0025,pansharpened_reflectance_401e6b905b,2026-01-22,pansharpened_reflectance+manual_review,32.0,6.383,0.3155497908592224,0.3078998923301697,0.26164498925209045,0.3905331492424011,0.47325974702835083,,,,0.3155497908592224,37.1,0.762,0.405,0.0,True,"Field inspection: check irrigation, pruning, stress.",1309.0703125,1106.375,806.5,2501.546875,unreviewed,auto
KOG-MENEZLEH-0026,pansharpened_reflectance_401e6b905b,2026-01-22,pansharpened_reflectance+manual_review,33.75,6.555,0.31047794222831726,0.3044096827507019,0.25922468304634094,0.3842628300189972,0.465656578540802,,,,0.31047794222831726,36.1,0.703,0.459,0.0,True,"Field inspection: check irrigation, pruning, stress.",1375.0369873046875,1167.1259765625,872.5777587890625,2604.837158203125,unreviewed,auto
KOG-MENEZLEH-0027,pansharpened_reflectance_401e6b905b,2026-01-22,pansharpened_reflectance+manual_review,33.0,6.482,0.3220479488372803,0.3165428638458252,0.25946640968322754,0.39754363894462585,0.48300281167030334,,,,0.3220479488372803,38.4,0.733,0.431,0.0,True,"Field inspection: check irrigation, pruning, stress.",1266.189453125,1066.51513671875,832.5379028320312,2438.757568359375,unreviewed,auto
KOG-MENEZLEH-0028,pansharpened_reflectance_401e6b905b,2026-01-22,pansharpened_reflectance+manual_review,31.5,6.333,0.30310022830963135,0.2971005439758301,0.25785505771636963,0.3706526756286621,0.45458483695983887,,,,0.30310022830963135,34.6,0.75,0.414,0.0,True,"Field inspection: check irrigation, pruning, stress.",1258.15869140625,1078.3651123046875,792.5,2336.364990234375,unreviewed,auto
KOG-MENEZLEH-0029,pansharpened_reflectance_401e6b905b,2026-01-22,pansharpened_reflectance+manual_review,27.25,5.89,0.30800342559814453,0.30373579263687134,0.25984394550323486,0.3811236619949341,0.46194013953208923,,,,0.30800342559814453,35.6,0.762,0.405,0.0,True,"Field inspection: check irrigation, pruning, stress.",1279.6513671875,1083.458740234375,819.9816284179688,2397.5595703125,unreviewed,auto
KOG-MENEZLEH-0030,pansharpened_reflectance_401e6b905b,2026-01-22,pansharpened_reflectance+manual_review,28.0,5.971,0.30498406291007996,0.298923134803772,0.2566348612308502,0.3832073509693146,0.45741838216781616,,,,0.30498406291007996,31.0,0.679,0.479,0.0,True,"Field inspection: check irrigation, pruning, stress.",1444.767822265625,1215.294677734375,941.0535888671875,2694.375,unreviewed,auto
KOG-MENEZLEH-0031,pansharpened_reflectance_401e6b905b,2026-01-22,pansharpened_reflectance+manual_review,23.5,5.47,0.30019018054008484,0.29894477128982544,0.2604489326477051,0.37875980138778687,0.45022085309028625,,,,0.30019018054008484,34.0,0.783,0.39,0.0,True,"Field inspection: check irrigation, pruning, stress.",1265.75537109375,1062.223388671875,801.5957641601562,2343.616943359375,unreviewed,auto
KOG-MENEZLEH-0032,pansharpened_reflectance_401e6b905b,2026-01-22,pansharpened_reflectance+manual_review,28.0,5.971,0.31196126341819763,0.3057183623313904,0.2613808810710907,0.38643011450767517,0.4678778648376465,,,,0.31196126341819763,36.4,0.747,0.437,0.0,True,"Field inspection: check irrigation, pruning, stress.",1311.2410888671875,1109.4464111328125,847.5892944335938,2488.990966796875,unreviewed,auto
KOG-MENEZLEH-0033,pansharpened_reflectance_401e6b905b,2026-01-22,pansharpened_reflectance+manual_review,27.5,5.917,0.31056931614875793,0.3058483302593231,0.25964921712875366,0.3785264194011688,0.46578747034072876,,,,0.31056931614875793,36.1,0.815,0.4,0.0,True,"Field inspection: check irrigation, pruning, stress.",1270.1363525390625,1093.4454345703125,833.2545166015625,2393.063720703125,unreviewed,auto
KOG-MENEZLEH-0034,pansharpened_reflectance_401e6b905b,2026-01-22,pansharpened_reflectance+manual_review,27.75,5.944,0.3043728768825531,0.29946398735046387,0.2560427784919739,0.37429216504096985,0.45649453997612,,,,0.3043728768825531,34.9,0.776,0.395,0.0,True,"Field inspection: check irrigation, pruning, stress.",1304.6396484375,1116.2161865234375,862.189208984375,2421.90087890625,unreviewed,auto
KOG-MENEZLEH-0035,pansharpened_reflectance_401e6b905b,2026-01-22,pansharpened_reflectance+manual_review,16.75,4.618,0.2847949266433716,0.2878418564796448,0.26199066638946533,0.3670072555541992,0.42712655663490295,,,,0.2847949266433716,31.0,0.744,0.417,0.0,True,"Field inspection: check irrigation, pruning, stress.",1206.7462158203125,1006.9850463867188,731.567138671875,2162.82080078125,unreviewed,auto
KOG-MENEZLEH-0036,pansharpened_reflectance_401e6b905b,2026-01-22,pansharpened_reflectance+manual_review,18.25,4.82,0.29910364747047424,0.295580118894577,0.2576104700565338,0.3956769108772278,0.4485798180103302,,,,0.29910364747047424,33.8,0.737,0.427,0.0,True,"Field inspection: check irrigation, pruning, stress.",1091.76708984375,883.0274047851562,624.4246826171875,2015.7122802734375,unreviewed,auto
KOG-MENEZLEH-0037,pansharpened_reflectance_401e6b905b,2026-01-22,pansharpened_reflectance+manual_review,21.0,5.171,0.29272758960723877,0.2892305254936218,0.25648680329322815,0.36983025074005127,0.4390309154987335,,,,0.29272758960723877,32.5,0.75,0.501,0.0,True,"Field inspection: check irrigation, pruning, stress.",1386.6190185546875,1173.7738037109375,876.7380981445312,2514.8095703125,unreviewed,auto
KOG-MENEZLEH-0038,pansharpened_reflectance_401e6b905b,2026-01-22,pansharpened_reflectance+manual_review,13.0,4.068,0.297906756401062,0.2962985336780548,0.2607424259185791,0.35611164569854736,0.44679906964302063,,,,0.297906756401062,33.6,0.743,0.435,0.0,True,"Field inspection: check irrigation, pruning, stress.",1334.3653564453125,1169.3653564453125,929.326904296875,2455.25,unreviewed,auto
KOG-ALMAFAREQ-0001,pansharpened_reflectance_401e6b905b,2026-01-22,pansharpened_reflectance+manual_review,249.25,17.814,0.3293490409851074,0.3244199752807617,0.2595328390598297,0.4269466996192932,0.3058871030807495,,,,0.3293490409851074,35.9,0.658,0.63,0.0,True,"Field inspection: check irrigation, pruning, stress.",774.0,615.4219970703125,465.3403625488281,1512.3431396484375,unreviewed,auto
KOG-ALMAFAREQ-0002,pansharpened_reflectance_401e6b905b,2026-01-22,pansharpened_reflectance+manual_review,162.0,14.362,0.30416083335876465,0.30589139461517334,0.2279646098613739,0.3856859803199768,0.42933961749076843,,,,0.30416083335876465,34.8,0.743,0.518,0.0,True,"Field inspection: check irrigation, pruning, stress.",1152.841796875,959.3305053710938,709.3837280273438,2145.481689453125,unreviewed,auto
KOG-ALMAFAREQ-0003,pansharpened_reflectance_401e6b905b,2026-01-22,pansharpened_reflectance+manual_review,163.5,14.428,0.2894747257232666,0.28571271896362305,0.2549193799495697,0.4125496447086334,0.3070266544818878,,,,0.2894747257232666,31.9,0.708,0.568,0.0,True,"Field inspection: check irrigation, pruning, stress.",1018.25830078125,770.6602172851562,572.9226684570312,1833.95166015625,unreviewed,auto
KOG-ALMAFAREQ-0004,pansharpened_reflectance_401e6b905b,2026-01-22,pansharpened_reflectance+manual_review,110.5,11.861,0.32153627276420593,0.3096217215061188,0.2803868055343628,0.43875741958618164,0.3165021240711212,,,,0.32153627276420593,38.3,0.784,0.466,0.0,True,"Field inspection: check irrigation, pruning, stress.",923.4347534179688,702.5072631835938,509.573486328125,1775.97314453125,unreviewed,auto
KOG-ALMAFAREQ-0005,pansharpened_reflectance_401e6b905b,2026-01-22,pansharpened_reflectance+manual_review,96.0,11.056,0.3041859567165375,0.2969735264778137,0.259247362613678,0.42836764454841614,0.45622408390045166,,,,0.3041859567165375,34.8,0.777,0.498,0.0,True,"Field inspection: check irrigation, pruning, stress.",1583.4036865234375,1192.3150634765625,875.2473754882812,2931.1875,unreviewed,auto
KOG-ALMAFAREQ-0006,pansharpened_reflectance_401e6b905b,2026-01-22,pansharpened_reflectance+manual_review,143.25,13.505,0.2966727018356323,0.2957550585269928,0.23636363446712494,0.3574194610118866,0.44492754340171814,,,,0.2966727018356323,29.3,0.668,0.599,0.0,True,"Field inspection: check irrigation, pruning, stress.",980.7191772460938,858.140380859375,654.859619140625,1806.163818359375,unreviewed,auto
KOG-ALMAFAREQ-0007,pansharpened_reflectance_401e6b905b,2026-01-22,pansharpened_reflectance+manual_review,87.0,10.525,0.31010815501213074,0.3115438222885132,0.2294352799654007,0.38794633746147156,0.4650915563106537,,,,0.31010815501213074,36.0,0.758,0.46,0.0,True,"Field inspection: check irrigation, pruning, stress.",1190.969482421875,996.9695434570312,737.2512817382812,2242.3984375,unreviewed,auto
KOG-ALMAFAREQ-0008,pansharpened_reflectance_401e6b905b,2026-01-22,pansharpened_reflectance+manual_review,124.75,12.603,0.30405864119529724,0.31017011404037476,0.2143862396478653,0.3877282738685608,0.45601409673690796,,,,0.30405864119529724,30.8,0.668,0.55,0.0,True,"Field inspection: check irrigation, pruning, stress.",1213.404296875,994.5062866210938,749.2933959960938,2214.234375,unreviewed,auto
KOG-ALMAFAREQ-0009,pansharpened_reflectance_401e6b905b,2026-01-22,pansharpened_reflectance+manual_review,69.0,9.373,0.3555992841720581,0.3420022130012512,0.2657712697982788,0.41969797015190125,0.5333120226860046,,,,0.3555992841720581,45.1,0.812,0.4,0.0,False,Routine monitoring.,1042.30078125,892.8043212890625,685.3876953125,2168.264404296875,unreviewed,auto
KOG-ALMAFAREQ-0010,pansharpened_reflectance_401e6b905b,2026-01-22,pansharpened_reflectance+manual_review,66.5,9.202,0.3333737850189209,0.3204847276210785,0.26331621408462524,0.39878255128860474,0.49998050928115845,,,,0.3333737850189209,40.7,0.739,0.421,0.0,True,"Field inspection: check irrigation, pruning, stress.",1093.98876953125,939.8646850585938,711.9172973632812,2177.071533203125,unreviewed,auto
KOG-ALMAFAREQ-0011,pansharpened_reflectance_401e6b905b,2026-01-22,pansharpened_reflectance+manual_review,70.0,9.441,0.3323947489261627,0.3193185329437256,0.26400208473205566,0.4017146825790405,0.49851128458976746,,,,0.3323947489261627,36.5,0.67,0.477,0.0,True,"Field inspection: check irrigation, pruning, stress.",1069.8321533203125,913.1392822265625,690.1178588867188,2125.81787109375,unreviewed,auto
KOG-ALMAFAREQ-0012,pansharpened_reflectance_401e6b905b,2026-01-22,pansharpened_reflectance+manual_review,60.0,8.74,0.31584295630455017,0.30795949697494507,0.262058824300766,0.36826735734939575,0.4736790359020233,,,,0.31584295630455017,37.2,0.83,0.385,0.0,True,"Field inspection: check irrigation, pruning, stress.",978.5333251953125,869.4583129882812,665.375,1873.5416259765625,unreviewed,auto
KOG-ALMAFAREQ-0013,pansharpened_reflectance_401e6b905b,2026-01-22,pansharpened_reflectance+manual_review,94.75,10.984,0.3303711414337158,0.33111581206321716,0.2655388414859772,0.3925406038761139,0.4954737722873688,,,,0.3303711414337158,36.1,0.606,0.524,0.0,True,"Field inspection: check irrigation, pruning, stress.",1038.8258056640625,899.0923461914062,673.6781005859375,2054.511962890625,unreviewed,auto
KOG-ALMAFAREQ-0014,pansharpened_reflectance_401e6b905b,2026-01-22,pansharpened_reflectance+manual_review,60.25,8.759,0.3327377140522003,0.31979435682296753,0.26191750168800354,0.39259666204452515,0.49902456998825073,,,,0.3327377140522003,40.5,0.788,0.476,0.0,True,"Field inspection: check irrigation, pruning, stress.",1033.6639404296875,903.5103759765625,704.2987670898438,2065.987548828125,unreviewed,auto
KOG-ALMAFAREQ-0015,pansharpened_reflectance_401e6b905b,2026-01-22,pansharpened_reflectance+manual_review,53.0,8.215,0.3178882300853729,0.3096001148223877,0.2588158845901489,0.3954488933086395,0.47675812244415283,,,,0.3178882300853729,33.6,0.693,0.486,0.0,True,"Field inspection: check irrigation, pruning, stress.",1139.325439453125,953.7594604492188,712.2405395507812,2190.419921875,unreviewed,auto
KOG-ALMAFAREQ-0016,pansharpened_reflectance_401e6b905b,2026-01-22,pansharpened_reflectance+manual_review,51.5,8.098,0.323153018951416,0.31742268800735474,0.2664504945278168,0.4015622138977051,0.48465240001678467,,,,0.323153018951416,34.6,0.673,0.472,0.0,True,"Field inspection: check irrigation, pruning, stress.",1136.669921875,952.4028930664062,714.1456298828125,2208.08251953125,unreviewed,auto
KOG-ALMAFAREQ-0017,pansharpened_reflectance_401e6b905b,2026-01-22,pansharpened_reflectance+manual_review,45.5,7.611,0.3272389769554138,0.32256436347961426,0.26075202226638794,0.3979479968547821,0.4907825291156769,,,,0.3272389769554138,39.4,0.798,0.405,0.0,True,"Field inspection: check irrigation, pruning, stress.",1163.43408203125,987.8681030273438,725.4285888671875,2287.335205078125,unreviewed,auto
KOG-ALMAFAREQ-0018,pansharpened_reflectance_401e6b905b,2026-01-22,pansharpened_reflectance+manual_review,55.25,8.387,0.34710797667503357,0.33792153000831604,0.26505690813064575,0.4046165943145752,0.5205757021903992,,,,0.34710797667503357,43.4,0.767,0.399,0.0,True,"Field inspection: check irrigation, pruning, stress.",1013.855224609375,888.7737426757812,678.262451171875,2092.791748046875,unreviewed,auto
KOG-ALMAFAREQ-0019,pansharpened_reflectance_401e6b905b,2026-01-22,pansharpened_reflectance+manual_review,46.75,7.715,0.3201030492782593,0.31320270895957947,0.26473164558410645,0.3875315189361572,0.4800768494606018,,,,0.3201030492782593,38.0,0.831,0.389,0.0,True,"Field inspection: check irrigation, pruning, stress.",1078.876953125,927.1336669921875,684.2994384765625,2092.02685546875,unreviewed,auto
KOG-ALMAFAREQ-0020,pansharpened_reflectance_401e6b905b,2026-01-22,pansharpened_reflectance+manual_review,59.5,8.704,0.2988433837890625,0.29179665446281433,0.25539112091064453,0.4054596722126007,0.4481998682022095,,,,0.2988433837890625,29.8,0.659,0.482,0.0,True,"Field inspection: check irrigation, pruning, stress.",1302.79833984375,1018.2479248046875,743.4580078125,2383.60498046875,unreviewed,auto
KOG-ALMAFAREQ-0021,pansharpened_reflectance_401e6b905b,2026-01-22,pansharpened_reflectance+manual_review,42.5,7.356,0.3319474756717682,0.33000147342681885,0.26255303621292114,0.40550410747528076,0.49784374237060547,,,,0.3319474756717682,40.4,0.769,0.407,0.0,True,"Field inspection: check irrigation, pruning, stress.",1115.6412353515625,940.9293823242188,713.12939453125,2227.211669921875,unreviewed,auto
KOG-ALMAFAREQ-0022,pansharpened_reflectance_401e6b905b,2026-01-22,pansharpened_reflectance+manual_review,52.75,8.195,0.3396468460559845,0.3301163911819458,0.26311928033828735,0.4064604640007019,0.5093909502029419,,,,0.3396468460559845,41.9,0.703,0.459,0.0,True,"Field inspection: check irrigation, pruning, stress.",1086.3743896484375,931.59716796875,694.9952392578125,2207.492919921875,unreviewed,auto
KOG-ALMAFAREQ-0023,pansharpened_reflectance_401e6b905b,2026-01-22,pansharpened_reflectance+manual_review,50.25,7.999,0.33201831579208374,0.3199268877506256,0.261678010225296,0.41280168294906616,0.4979473054409027,,,,0.33201831579208374,40.4,0.788,0.383,0.0,True,"Field inspection: check irrigation, pruning, stress.",1078.318359375,892.1492309570312,671.2736206054688,2138.437744140625,unreviewed,auto
KOG-ALMAFAREQ-0024,pansharpened_reflectance_401e6b905b,2026-01-22,pansharpened_reflectance+manual_review,47.25,7.756,0.33466753363609314,0.32658693194389343,0.26320120692253113,0.3887888193130493,0.501912534236908,,,,0.33466753363609314,36.9,0.695,0.455,0.0,True,"Field inspection: check irrigation, pruning, stress.",971.8201293945312,855.6243286132812,650.2169189453125,1936.0423583984375,unreviewed,auto
KOG-ALMAFAREQ-0025,pansharpened_reflectance_401e6b905b,2026-01-22,pansharpened_reflectance+manual_review,43.75,7.464,0.3032590448856354,0.29942014813423157,0.26155877113342285,0.38134050369262695,0.45481428503990173,,,,0.3032590448856354,34.7,0.735,0.428,0.0,True,"Field inspection: check irrigation, pruning, stress.",1096.662841796875,919.548583984375,684.7257080078125,2041.6571044921875,unreviewed,auto
KOG-ALMAFAREQ-0026,pansharpened_reflectance_401e6b905b,2026-01-22,pansharpened_reflectance+manual_review,51.5,8.098,0.34001585841178894,0.3287966549396515,0.2616434693336487,0.4034312069416046,0.5099452137947083,,,,0.34001585841178894,42.0,0.715,0.44,0.0,True,"Field inspection: check irrigation, pruning, stress.",1090.8641357421875,939.5631103515625,712.626220703125,2214.718505859375,unreviewed,auto
KOG-ALMAFAREQ-0027,pansharpened_reflectance_401e6b905b,2026-01-22,pansharpened_reflectance+manual_review,45.25,7.59,0.3362258970737457,0.3242280185222626,0.26252982020378113,0.41229382157325745,0.5042604207992554,,,,0.3362258970737457,41.2,0.754,0.408,0.0,True,"Field inspection: check irrigation, pruning, stress.",1097.4696044921875,919.657470703125,672.3204345703125,2212.519287109375,unreviewed,auto
KOG-ALMAFAREQ-0028,pansharpened_reflectance_401e6b905b,2026-01-22,pansharpened_reflectance+manual_review,76.0,9.837,0.31163501739501953,0.30808353424072266,0.26316341757774353,0.3754059076309204,0.46737149357795715,,,,0.31163501739501953,32.3,0.667,0.528,0.0,True,"Field inspection: check irrigation, pruning, stress.",1013.4671020507812,879.4407958984375,669.51318359375,1929.67431640625,unreviewed,auto
KOG-ALMAFAREQ-0029,pansharpened_reflectance_401e6b905b,2026-01-22,pansharpened_reflectance+manual_review,49.5,7.939,0.3213649392127991,0.31094348430633545,0.25986820459365845,0.4042668342590332,0.4819698929786682,,,,0.3213649392127991,38.3,0.728,0.429,0.0,True,"Field inspection: check irrigation, pruning, stress.",1110.3787841796875,915.7120971679688,678.0353393554688,2147.626220703125,unreviewed,auto
KOG-ALMAFAREQ-0030,pansharpened_reflectance_401e6b905b,2026-01-22,pansharpened_reflectance+manual_review,46.75,7.715,0.3079262971878052,0.30168452858924866,0.2588769495487213,0.40036267042160034,0.46181464195251465,,,,0.3079262971878052,35.6,0.779,0.426,0.0,True,"Field inspection: check irrigation, pruning, stress.",1110.9892578125,904.4705810546875,679.55078125,2085.176513671875,unreviewed,auto
KOG-ALMAFAREQ-0031,pansharpened_reflectance_401e6b905b,2026-01-22,pansharpened_reflectance+manual_review,50.0,7.979,0.317160427570343,0.30858588218688965,0.2602304518222809,0.38214433193206787,0.47565582394599915,,,,0.317160427570343,33.4,0.694,0.487,0.0,True,"Field inspection: check irrigation, pruning, stress.",974.2550048828125,840.3150024414062,634.0800170898438,1884.5150146484375,unreviewed,auto
KOG-ALMAFAREQ-0032,pansharpened_reflectance_401e6b905b,2026-01-22,pansharpened_reflectance+manual_review,39.25,7.069,0.3035944104194641,0.3021148145198822,0.26026085019111633,0.4037949740886688,0.45531970262527466,,,,0.3035944104194641,30.7,0.654,0.487,0.0,True,"Field inspection: check irrigation, pruning, stress.",1181.7197265625,942.2802734375,689.0445556640625,2190.29296875,unreviewed,auto
KOG-ALMAFAREQ-0033,pansharpened_reflectance_401e6b905b,2026-01-22,pansharpened_reflectance+manual_review,46.0,7.653,0.3132244944572449,0.3095306158065796,0.2607206106185913,0.39560866355895996,0.4697624742984772,,,,0.3132244944572449,36.6,0.73,0.435,0.0,True,"Field inspection: check irrigation, pruning, stress.",1122.625,930.9075927734375,691.9075927734375,2141.320556640625,unreviewed,auto
KOG-ALMAFAREQ-0034,pansharpened_reflectance_401e6b905b,2026-01-22,pansharpened_reflectance+manual_review,46.5,7.695,0.332194060087204,0.32650893926620483,0.263264000415802,0.3972572684288025,0.4982108175754547,,,,0.332194060087204,40.4,0.827,0.351,0.0,True,"Field inspection: check irrigation, pruning, stress.",1059.51611328125,913.1828002929688,686.1989135742188,2110.0107421875,unreviewed,auto
KOG-ALMAFAREQ-0035,pansharpened_reflectance_401e6b905b,2026-01-22,pansharpened_reflectance+manual_review,53.5,8.253,0.3414163291454315,0.3333388566970825,0.26742538809776306,0.3990609049797058,0.5120348334312439,,,,0.3414163291454315,42.3,0.805,0.383,0.0,True,"Field inspection: check irrigation, pruning, stress.",957.0888061523438,840.299072265625,638.9205322265625,1953.7803955078125,unreviewed,auto
KOG-ALMAFAREQ-0036,pansharpened_reflectance_401e6b905b,2026-01-22,pansharpened_reflectance+manual_review,38.75,7.024,0.3366853892803192,0.3400503695011139,0.2641824781894684,0.3865043520927429,0.5049351453781128,,,,0.3366853892803192,41.3,0.852,0.421,0.0,True,"Field inspection: check irrigation, pruning, stress.",922.7999877929688,825.0064697265625,635.2451782226562,1868.1871337890625,unreviewed,auto
KOG-ALMAFAREQ-0037,pansharpened_reflectance_401e6b905b,2026-01-22,pansharpened_reflectance+manual_review,46.0,7.653,0.3293852210044861,0.3192570209503174,0.2594093084335327,0.40961363911628723,0.49400055408477783,,,,0.3293852210044861,39.9,0.767,0.398,0.0,True,"Field inspection: check irrigation, pruning, stress.",1140.690185546875,952.1412963867188,700.4945678710938,2249.54345703125,unreviewed,auto
KOG-ALMAFAREQ-0038,pansharpened_reflectance_401e6b905b,2026-01-22,pansharpened_reflectance+manual_review,46.25,7.674,0.331996351480484,0.32569169998168945,0.2638988792896271,0.4094786047935486,0.49791309237480164,,,,0.331996351480484,40.4,0.771,0.395,0.0,True,"Field inspection: check irrigation, pruning, stress.",1054.6649169921875,882.3351440429688,654.8540649414062,2093.0107421875,unreviewed,auto
KOG-ALMAFAREQ-0039,pansharpened_reflectance_401e6b905b,2026-01-22,pansharpened_reflectance+manual_review,45.5,7.611,0.3228616714477539,0.3143147826194763,0.2614901065826416,0.39701637625694275,0.4842241704463959,,,,0.3228616714477539,38.6,0.812,0.365,0.0,True,"Field inspection: check irrigation, pruning, stress.",1219.75830078125,1034.32421875,752.8626098632812,2384.005615234375,unreviewed,auto
KOG-ALMAFAREQ-0040,pansharpened_reflectance_401e6b905b,2026-01-22,pansharpened_reflectance+manual_review,44.0,7.485,0.32908499240875244,0.3175049424171448,0.2595994472503662,0.41290509700775146,0.49355193972587585,,,,0.32908499240875244,35.8,0.69,0.46,0.0,True,"Field inspection: check irrigation, pruning, stress.",1160.164794921875,957.772705078125,730.227294921875,2285.29541015625,unreviewed,auto
KOG-ALMAFAREQ-0041,pansharpened_reflectance_401e6b905b,2026-01-22,pansharpened_reflectance+manual_review,45.5,7.611,0.3283676207065582,0.31907182931900024,0.26407134532928467,0.3974767029285431,0.4924720823764801,,,,0.3283676207065582,35.7,0.669,0.475,0.0,True,"Field inspection: check irrigation, pruning, stress.",1068.74169921875,915.8516235351562,674.9395751953125,2117.12646484375,unreviewed,auto
KOG-ALMAFAREQ-0042,pansharpened_reflectance_401e6b905b,2026-01-22,pansharpened_reflectance+manual_review,50.75,8.038,0.32247933745384216,0.31231924891471863,0.2614293098449707,0.39856722950935364,0.48364272713661194,,,,0.32247933745384216,34.5,0.663,0.479,0.0,True,"Field inspection: check irrigation, pruning, stress.",1108.9063720703125,935.0,698.862060546875,2169.2265625,unreviewed,auto
KOG-ALMAFAREQ-0043,pansharpened_reflectance_401e6b905b,2026-01-22,pansharpened_reflectance+manual_review,37.25,6.887,0.3113992214202881,0.30930233001708984,0.25785863399505615,0.38849031925201416,0.4670269787311554,,,,0.3113992214202881,36.3,0.819,0.403,0.0,True,"Field inspection: check irrigation, pruning, stress.",1170.73828125,983.3624267578125,716.9261474609375,2209.060302734375,unreviewed,auto
KOG-ALMAFAREQ-0044,pansharpened_reflectance_401e6b905b,2026-01-22,pansharpened_reflectance+manual_review,43.75,7.464,0.3231634497642517,0.3161062002182007,0.25937891006469727,0.3984082043170929,0.4846670925617218,,,,0.3231634497642517,34.6,0.684,0.463,0.0,True,"Field inspection: check irrigation, pruning, stress.",1089.94287109375,916.154296875,653.817138671875,2122.102783203125,unreviewed,auto
KOG-ALMAFAREQ-0045,pansharpened_reflectance_401e6b905b,2026-01-22,pansharpened_reflectance+manual_review,45.25,7.59,0.3364228308200836,0.3235294222831726,0.2660841941833496,0.41328075528144836,0.5045526623725891,,,,0.3364228308200836,41.3,0.761,0.408,0.0,True,"Field inspection: check irrigation, pruning, stress.",1044.359130859375,875.8784790039062,647.7293090820312,2107.569091796875,unreviewed,auto
KOG-ALMAFAREQ-0046,pansharpened_reflectance_401e6b905b,2026-01-22,pansharpened_reflectance+manual_review,44.0,7.485,0.337478369474411,0.3265531361103058,0.26137441396713257,0.4121752679347992,0.506133496761322,,,,0.337478369474411,41.5,0.733,0.46,0.0,True,"Field inspection: check irrigation, pruning, stress.",1039.4034423828125,878.914794921875,651.6988525390625,2104.0341796875,unreviewed,auto
KOG-ALMAFAREQ-0047,pansharpened_reflectance_401e6b905b,2026-01-22,pansharpened_reflectance+manual_review,41.75,7.291,0.31833964586257935,0.3067966401576996,0.25995001196861267,0.3817813992500305,0.4774230122566223,,,,0.31833964586257935,37.7,0.702,0.454,0.0,True,"Field inspection: check irrigation, pruning, stress.",983.0838623046875,852.0958251953125,632.88623046875,1893.490966796875,unreviewed,auto
KOG-ALMAFAREQ-0048,pansharpened_reflectance_401e6b905b,2026-01-22,pansharpened_reflectance+manual_review,41.75,7.291,0.32070305943489075,0.30895671248435974,0.2596947252750397,0.3860458433628082,0.48096734285354614,,,,0.32070305943489075,34.1,0.655,0.488,0.0,True,"Field inspection: check irrigation, pruning, stress.",980.8502807617188,847.3892211914062,653.3233642578125,1900.7784423828125,unreviewed,auto
KOG-ALMAFAREQ-0049,pansharpened_reflectance_401e6b905b,2026-01-22,pansharpened_reflectance+manual_review,43.75,7.464,0.3226521611213684,0.3190152049064636,0.26370421051979065,0.38744935393333435,0.48388803005218506,,,,0.3226521611213684,38.5,0.792,0.428,0.0,True,"Field inspection: check irrigation, pruning, stress.",928.9600219726562,803.0114135742188,614.8400268554688,1815.3828125,unreviewed,auto
KOG-ALMAFAREQ-0050,pansharpened_reflectance_401e6b905b,2026-01-22,pansharpened_reflectance+manual_review,63.75,9.009,0.281843900680542,0.28447264432907104,0.22961673140525818,0.3615480065345764,0.42269372940063477,,,,0.281843900680542,30.4,0.728,0.523,0.0,True,"Field inspection: check irrigation, pruning, stress.",1079.3770751953125,907.9730834960938,684.5892333984375,1928.3165283203125,unreviewed,auto
KOG-ALMAFAREQ-0051,pansharpened_reflectance_401e6b905b,2026-01-22,pansharpened_reflectance+manual_review,41.75,7.291,0.3104492127895355,0.30565759539604187,0.2568712830543518,0.3855994641780853,0.46559175848960876,,,,0.3104492127895355,32.1,0.696,0.454,0.0,True,"Field inspection: check irrigation, pruning, stress.",1003.2814331054688,852.101806640625,637.9640502929688,1909.1436767578125,unreviewed,auto
KOG-ALMAFAREQ-0052,pansharpened_reflectance_401e6b905b,2026-01-22,pansharpened_reflectance+manual_review,29.25,6.103,0.30609095096588135,0.30329152941703796,0.2594758868217468,0.37971967458724976,0.45906123518943787,,,,0.30609095096588135,35.2,0.709,0.456,0.0,True,"Field inspection: check irrigation, pruning, stress.",1106.6751708984375,933.08544921875,697.7521362304688,2066.8974609375,unreviewed,auto
KOG-ALMAFAREQ-0053,pansharpened_reflectance_401e6b905b,2026-01-22,pansharpened_reflectance+manual_review,42.25,7.334,0.31809958815574646,0.3084833025932312,0.2607622742652893,0.3940820097923279,0.47707444429397583,,,,0.31809958815574646,37.6,0.765,0.41,0.0,True,"Field inspection: check irrigation, pruning, stress.",1130.976318359375,949.7337036132812,707.7396240234375,2177.01171875,unreviewed,auto
KOG-ALMAFAREQ-0054,pansharpened_reflectance_401e6b905b,2026-01-22,pansharpened_reflectance+manual_review,33.75,6.555,0.30606570839881897,0.3033905625343323,0.2622022032737732,0.3862389326095581,0.4590206444263458,,,,0.30606570839881897,35.2,0.75,0.459,0.0,True,"Field inspection: check irrigation, pruning, stress.",1055.34814453125,880.1259155273438,658.8370361328125,1982.9036865234375,unreviewed,auto
KOG-ALMAFAREQ-0055,pansharpened_reflectance_401e6b905b,2026-01-22,pansharpened_reflectance+manual_review,35.0,6.676,0.3307633101940155,0.3244786262512207,0.26199984550476074,0.3835315704345703,0.4960588812828064,,,,0.3307633101940155,40.2,0.718,0.439,0.0,True,"Field inspection: check irrigation, pruning, stress.",995.1142578125,883.3428344726562,673.4357299804688,1976.5928955078125,unreviewed,auto
KOG-ALMAFAREQ-0056,pansharpened_reflectance_401e6b905b,2026-01-22,pansharpened_reflectance+manual_review,34.25,6.604,0.3194926977157593,0.31455397605895996,0.2641865015029907,0.37936151027679443,0.47915148735046387,,,,0.3194926977157593,37.9,0.753,0.41,0.0,True,"Field inspection: check irrigation, pruning, stress.",971.8467407226562,851.0949096679688,631.6715087890625,1882.8831787109375,unreviewed,auto
KOG-ALMAFAREQ-0057,pansharpened_reflectance_401e6b905b,2026-01-22,pansharpened_reflectance+manual_review,35.0,6.676,0.30440402030944824,0.3019348978996277,0.2607499957084656,0.3681613504886627,0.45652490854263306,,,,0.30440402030944824,34.9,0.769,0.397,0.0,True,"Field inspection: check irrigation, pruning, stress.",991.30712890625,858.5999755859375,649.1071166992188,1856.771484375,unreviewed,auto
KOG-ALMAFAREQ-0058,pansharpened_reflectance_401e6b905b,2026-01-22,pansharpened_reflectance+manual_review,39.25,7.069,0.3139071762561798,0.302018940448761,0.258748322725296,0.3777158558368683,0.4707781970500946,,,,0.3139071762561798,36.8,0.701,0.452,0.0,True,"Field inspection: check irrigation, pruning, stress.",999.2675170898438,868.5413818359375,659.6051025390625,1920.910888671875,unreviewed,auto
KOG-ALMAFAREQ-0059,pansharpened_reflectance_401e6b905b,2026-01-22,pansharpened_reflectance+manual_review,35.75,6.747,0.28840380907058716,0.2819993197917938,0.2563503682613373,0.3763022720813751,0.43253806233406067,,,,0.28840380907058716,27.7,0.567,0.561,0.0,True,"Field inspection: check irrigation, pruning, stress.",1226.2796630859375,1004.468505859375,739.8251953125,2203.167724609375,unreviewed,auto
KOG-ALMAFAREQ-0060,pansharpened_reflectance_401e6b905b,2026-01-22,pansharpened_reflectance+manual_review,27.25,5.89,0.28785648941993713,0.2797326445579529,0.2550937235355377,0.4180207848548889,0.4317258894443512,,,,0.28785648941993713,31.6,0.779,0.452,0.0,True,"Field inspection: check irrigation, pruning, stress.",1453.302734375,1086.0367431640625,758.6788940429688,2601.00927734375,unreviewed,auto
KOG-ALMAFAREQ-0061,pansharpened_reflectance_401e6b905b,2026-01-22,pansharpened_reflectance+manual_review,43.75,7.464,0.3259676694869995,0.3199485242366791,0.26579949259757996,0.4172913134098053,0.488879919052124,,,,0.3259676694869995,39.2,0.748,0.428,0.0,True,"Field inspection: check irrigation, pruning, stress.",1200.1199951171875,972.297119140625,708.1085815429688,2345.36572265625,unreviewed,auto
KOG-ALMAFAREQ-0062,pansharpened_reflectance_401e6b905b,2026-01-22,pansharpened_reflectance+manual_review,38.25,6.979,0.31872010231018066,0.30481284856796265,0.2607712149620056,0.40602684020996094,0.4780033230781555,,,,0.31872010231018066,37.7,0.75,0.428,0.0,True,"Field inspection: check irrigation, pruning, stress.",1116.1046142578125,913.4248657226562,667.3202514648438,2148.11767578125,unreviewed,auto
KOG-ALMAFAREQ-0063,pansharpened_reflectance_401e6b905b,2026-01-22,pansharpened_reflectance+manual_review,37.0,6.864,0.3120286464691162,0.3092859387397766,0.25864800810813904,0.3878575265407562,0.4679633378982544,,,,0.3120286464691162,36.4,0.755,0.407,0.0,True,"Field inspection: check irrigation, pruning, stress.",1046.932373046875,885.0675659179688,650.3986206054688,1993.7364501953125,unreviewed,auto
KOG-ALMAFAREQ-0064,pansharpened_reflectance_401e6b905b,2026-01-22,pansharpened_reflectance+manual_review,48.75,7.878,0.31818339228630066,0.3093799650669098,0.2630177140235901,0.3776230216026306,0.47719019651412964,,,,0.31818339228630066,33.6,0.602,0.527,0.0,True,"Field inspection: check irrigation, pruning, stress.",989.5435791015625,864.7333374023438,653.6307983398438,1902.8564453125,unreviewed,auto
KOG-ALMAFAREQ-0065,pansharpened_reflectance_401e6b905b,2026-01-22,pansharpened_reflectance+manual_review,35.75,6.747,0.3285132348537445,0.32676225900650024,0.2641109526157379,0.38525664806365967,0.49268239736557007,,,,0.3285132348537445,39.7,0.733,0.427,0.0,True,"Field inspection: check irrigation, pruning, stress.",974.8461303710938,855.56640625,637.4755249023438,1930.1817626953125,unreviewed,auto
KOG-ALMAFAREQ-0066,pansharpened_reflectance_401e6b905b,2026-01-22,pansharpened_reflectance+manual_review,36.25,6.794,0.2984280288219452,0.29003557562828064,0.25898316502571106,0.37201932072639465,0.4475581645965576,,,,0.2984280288219452,29.7,0.69,0.458,0.0,True,"Field inspection: check irrigation, pruning, stress.",957.8413696289062,815.8965454101562,619.05517578125,1776.193115234375,unreviewed,auto
KOG-ALMAFAREQ-0067,pansharpened_reflectance_401e6b905b,2026-01-22,pansharpened_reflectance+manual_review,21.75,5.262,0.3240757882595062,0.3192000091075897,0.2659471333026886,0.3757937550544739,0.48602452874183655,,,,0.3240757882595062,38.8,0.744,0.483,0.0,True,"Field inspection: check irrigation, pruning, stress.",932.0344848632812,829.9655151367188,609.436767578125,1826.7470703125,unreviewed,auto
KOG-ALMAFAREQ-0068,pansharpened_reflectance_401e6b905b,2026-01-22,pansharpened_reflectance+manual_review,35.5,6.723,0.28817543387413025,0.28315937519073486,0.2560562789440155,0.3660922646522522,0.4321926236152649,,,,0.28817543387413025,27.6,0.643,0.536,0.0,True,"Field inspection: check irrigation, pruning, stress.",1135.190185546875,957.225341796875,711.408447265625,2048.78173828125,unreviewed,auto
KOG-ALMAFAREQ-0069,pansharpened_reflectance_401e6b905b,2026-01-22,pansharpened_reflectance+manual_review,32.75,6.457,0.30568212270736694,0.3017852008342743,0.25979289412498474,0.4068571925163269,0.45846033096313477,,,,0.30568212270736694,35.1,0.775,0.391,0.0,True,"Field inspection: check irrigation, pruning, stress.",1290.175537109375,1025.366455078125,731.5191040039062,2420.923583984375,unreviewed,auto
KOG-ALMAFAREQ-0070,pansharpened_reflectance_401e6b905b,2026-01-22,pansharpened_reflectance+manual_review,35.25,6.699,0.3140223026275635,0.30641162395477295,0.2612208127975464,0.3913074731826782,0.4709571599960327,,,,0.3140223026275635,36.8,0.783,0.392,0.0,True,"Field inspection: check irrigation, pruning, stress.",1098.829833984375,921.4539184570312,682.5035400390625,2101.099365234375,unreviewed,auto
KOG-ALMAFAREQ-0071,pansharpened_reflectance_401e6b905b,2026-01-22,pansharpened_reflectance+manual_review,31.75,6.358,0.29916101694107056,0.29514098167419434,0.2575269043445587,0.3821771442890167,0.44867056608200073,,,,0.29916101694107056,29.8,0.698,0.453,0.0,True,"Field inspection: check irrigation, pruning, stress.",1140.5748291015625,946.2598266601562,693.8740234375,2109.30712890625,unreviewed,auto
KOG-ALMAFAREQ-0072,pansharpened_reflectance_401e6b905b,2026-01-22,pansharpened_reflectance+manual_review,27.75,5.944,0.2870892882347107,0.2861053943634033,0.257737934589386,0.35540905594825745,0.43055281043052673,,,,0.2870892882347107,31.4,0.74,0.442,0.0,True,"Field inspection: check irrigation, pruning, stress.",972.4324340820312,837.828857421875,612.5765991210938,1752.2161865234375,unreviewed,auto
KOG-ALMAFAREQ-0073,pansharpened_reflectance_401e6b905b,2026-01-22,pansharpened_reflectance+manual_review,30.25,6.206,0.2965719401836395,0.29342028498649597,0.26138827204704285,0.34717831015586853,0.4447742700576782,,,,0.2965719401836395,33.3,0.776,0.392,0.0,True,"Field inspection: check irrigation, pruning, stress.",956.5950317382812,857.942138671875,642.3057861328125,1766.3719482421875,unreviewed,auto
KOG-ALMAFAREQ-0074,pansharpened_reflectance_401e6b905b,2026-01-22,pansharpened_reflectance+manual_review,29.0,6.077,0.3142078220844269,0.3088659942150116,0.2626899778842926,0.4011078476905823,0.47124505043029785,,,,0.3142078220844269,36.8,0.811,0.367,0.0,True,"Field inspection: check irrigation, pruning, stress.",1247.52587890625,1021.1206665039062,759.7844848632812,2378.07763671875,unreviewed,auto
KOG-ALMAFAREQ-0075,pansharpened_reflectance_401e6b905b,2026-01-22,pansharpened_reflectance+manual_review,33.0,6.482,0.306450754404068,0.30098575353622437,0.2576856017112732,0.38368043303489685,0.45960167050361633,,,,0.306450754404068,35.3,0.733,0.431,0.0,True,"Field inspection: check irrigation, pruning, stress.",1102.5,927.6514892578125,698.0454711914062,2073.552978515625,unreviewed,auto
KOG-ALMAFAREQ-0076,pansharpened_reflectance_401e6b905b,2026-01-22,pansharpened_reflectance+manual_review,30.25,6.206,0.30753645300865173,0.30384716391563416,0.25994694232940674,0.39345115423202515,0.46123266220092773,,,,0.30753645300865173,35.5,0.807,0.438,0.0,True,"Field inspection: check irrigation, pruning, stress.",1163.3057861328125,960.165283203125,721.1570434570312,2183.942138671875,unreviewed,auto
KOG-ALMAFAREQ-0077,pansharpened_reflectance_401e6b905b,2026-01-22,pansharpened_reflectance+manual_review,30.5,6.232,0.29218703508377075,0.2863636612892151,0.2590062618255615,0.3872634768486023,0.43821263313293457,,,,0.29218703508377075,28.4,0.67,0.511,0.0,True,"Field inspection: check irrigation, pruning, stress.",1190.827880859375,965.6311645507812,744.3032836914062,2164.139404296875,unreviewed,auto
KOG-ALMAFAREQ-0078,pansharpened_reflectance_401e6b905b,2026-01-22,pansharpened_reflectance+manual_review,31.0,6.283,0.2988908290863037,0.2905830144882202,0.26072224974632263,0.3789446949958801,0.44826844334602356,,,,0.2988908290863037,33.8,0.752,0.424,0.0,True,"Field inspection: check irrigation, pruning, stress.",1197.0806884765625,1007.2096557617188,750.0484008789062,2214.661376953125,unreviewed,auto
KOG-ALMAFAREQ-0079,pansharpened_reflectance_401e6b905b,2026-01-22,pansharpened_reflectance+manual_review,38.0,6.956,0.30154746770858765,0.2959497570991516,0.25497278571128845,0.39382514357566833,0.45224761962890625,,,,0.30154746770858765,30.3,0.633,0.503,0.0,True,"Field inspection: check irrigation, pruning, stress.",1108.23681640625,902.3355102539062,696.4802856445312,2056.9736328125,unreviewed,auto
KOG-ALMAFAREQ-0080,pansharpened_reflectance_401e6b905b,2026-01-22,pansharpened_reflectance+manual_review,33.0,6.482,0.2846675515174866,0.2839861810207367,0.2569292187690735,0.37585657835006714,0.426933228969574,,,,0.2846675515174866,30.9,0.781,0.431,0.0,True,"Field inspection: check irrigation, pruning, stress.",1166.560546875,956.1287841796875,708.772705078125,2088.431884765625,unreviewed,auto
KOG-ALMAFAREQ-0081,pansharpened_reflectance_401e6b905b,2026-01-22,pansharpened_reflectance+manual_review,31.0,6.283,0.3055812120437622,0.3020770847797394,0.26037493348121643,0.38137325644493103,0.4583083987236023,,,,0.3055812120437622,31.1,0.681,0.466,0.0,True,"Field inspection: check irrigation, pruning, stress.",1272.9112548828125,1072.01611328125,807.274169921875,2392.86279296875,unreviewed,auto
KOG-ALMAFAREQ-0082,pansharpened_reflectance_401e6b905b,2026-01-22,pansharpened_reflectance+manual_review,31.25,6.308,0.30653899908065796,0.2996085584163666,0.2579481303691864,0.39487919211387634,0.459742933511734,,,,0.30653899908065796,35.3,0.74,0.419,0.0,True,"Field inspection: check irrigation, pruning, stress.",1227.5760498046875,1005.864013671875,727.4719848632812,2310.01611328125,unreviewed,auto
KOG-ALMAFAREQ-0083,pansharpened_reflectance_401e6b905b,2026-01-22,pansharpened_reflectance+manual_review,30.25,6.206,0.3031950891017914,0.29699796438217163,0.25880342721939087,0.3892591595649719,0.4547221064567566,,,,0.3031950891017914,34.6,0.776,0.392,0.0,True,"Field inspection: check irrigation, pruning, stress.",1143.22314453125,941.4876098632812,701.834716796875,2135.809814453125,unreviewed,auto
KOG-ALMAFAREQ-0084,pansharpened_reflectance_401e6b905b,2026-01-22,pansharpened_reflectance+manual_review,29.25,6.103,0.29990631341934204,0.2978723347187042,0.25718092918395996,0.392167329788208,0.44978225231170654,,,,0.29990631341934204,30.0,0.65,0.496,0.0,True,"Field inspection: check irrigation, pruning, stress.",1040.3419189453125,847.8204956054688,625.4871826171875,1933.94873046875,unreviewed,auto
KOG-ALMAFAREQ-0085,pansharpened_reflectance_401e6b905b,2026-01-22,pansharpened_reflectance+manual_review,22.25,5.323,0.2958754003047943,0.29666799306869507,0.25892770290374756,0.3592432141304016,0.4437375068664551,,,,0.2958754003047943,29.2,0.685,0.471,0.0,True,"Field inspection: check irrigation, pruning, stress.",1050.404541015625,912.5842895507812,700.8314819335938,1928.89892578125,unreviewed,auto
KOG-ALMAFAREQ-0086,pansharpened_reflectance_401e6b905b,2026-01-22,pansharpened_reflectance+manual_review,46.25,7.674,0.29161596298217773,0.2871749997138977,0.2580746114253998,0.3693375885486603,0.4373469650745392,,,,0.29161596298217773,28.3,0.578,0.575,0.0,True,"Field inspection: check irrigation, pruning, stress.",1064.6324462890625,893.1621704101562,667.8972778320312,1928.3837890625,unreviewed,auto
KOG-ALMAFAREQ-0087,pansharpened_reflectance_401e6b905b,2026-01-22,pansharpened_reflectance+manual_review,24.5,5.585,0.29123029112815857,0.2894403040409088,0.264587938785553,0.3691066801548004,0.43677419424057007,,,,0.29123029112815857,32.2,0.754,0.418,0.0,True,"Field inspection: check irrigation, pruning, stress.",1110.346923828125,930.9285888671875,711.7041015625,2020.3265380859375,unreviewed,auto
KOG-ALMAFAREQ-0088,pansharpened_reflectance_401e6b905b,2026-01-22,pansharpened_reflectance+manual_review,28.25,5.997,0.2932111918926239,0.29032257199287415,0.25813931226730347,0.38131409883499146,0.43975281715393066,,,,0.2932111918926239,32.6,0.79,0.384,0.0,True,"Field inspection: check irrigation, pruning, stress.",1247.460205078125,1028.035400390625,744.6194458007812,2280.531005859375,unreviewed,auto
KOG-ALMAFAREQ-0089,pansharpened_reflectance_401e6b905b,2026-01-22,pansharpened_reflectance+manual_review,27.25,5.89,0.2942424714565277,0.29325512051582336,0.25560593605041504,0.3762355148792267,0.4412882626056671,,,,0.2942424714565277,28.8,0.699,0.452,0.0,True,"Field inspection: check irrigation, pruning, stress.",1049.4403076171875,873.5963134765625,640.8440551757812,1922.587158203125,unreviewed,auto
KOG-ALMAFAREQ-0090,pansharpened_reflectance_401e6b905b,2026-01-22,pansharpened_reflectance+manual_review,24.25,5.557,0.34408578276634216,0.352588951587677,0.26527896523475647,0.39879751205444336,0.516041100025177,,,,0.34408578276634216,42.8,0.735,0.424,0.0,True,"Field inspection: check irrigation, pruning, stress.",980.1752319335938,861.8556518554688,647.6701049804688,2004.8763427734375,unreviewed,auto
KOG-ALMAFAREQ-0091,pansharpened_reflectance_401e6b905b,2026-01-22,pansharpened_reflectance+manual_review,24.0,5.528,0.28791555762290955,0.28924375772476196,0.2569161653518677,0.36843252182006836,0.4317964017391205,,,,0.28791555762290955,31.6,0.727,0.43,0.0,True,"Field inspection: check irrigation, pruning, stress.",1008.0,841.6458129882812,652.5104370117188,1821.7603759765625,unreviewed,auto
KOG-ALMAFAREQ-0092,pansharpened_reflectance_401e6b905b,2026-01-22,pansharpened_reflectance+manual_review,29.5,6.129,0.30341413617134094,0.2989097833633423,0.2551584839820862,0.3862391412258148,0.455047070980072,,,,0.30341413617134094,34.7,0.702,0.491,0.0,True,"Field inspection: check irrigation, pruning, stress.",1099.2119140625,909.6948852539062,691.2796630859375,2046.5509033203125,unreviewed,auto
KOG-ALMAFAREQ-0093,pansharpened_reflectance_401e6b905b,2026-01-22,pansharpened_reflectance+manual_review,27.75,5.944,0.2972933053970337,0.2952575087547302,0.25595739483833313,0.36463120579719543,0.4458598792552948,,,,0.2972933053970337,33.5,0.712,0.442,0.0,True,"Field inspection: check irrigation, pruning, stress.",1010.6126098632812,875.0180053710938,641.5946044921875,1863.828857421875,unreviewed,auto
KOG-ALMAFAREQ-0094,pansharpened_reflectance_401e6b905b,2026-01-22,pansharpened_reflectance+manual_review,24.5,5.585,0.2911885380744934,0.2909177541732788,0.2594154477119446,0.36667826771736145,0.43671825528144836,,,,0.2911885380744934,32.2,0.817,0.364,0.0,True,"Field inspection: check irrigation, pruning, stress.",1216.6837158203125,1026.3775634765625,733.5101928710938,2212.62255859375,unreviewed,auto
KOG-ALMAFAREQ-0095,pansharpened_reflectance_401e6b905b,2026-01-22,pansharpened_reflectance+manual_review,20.0,5.046,0.2947843670845032,0.28875303268432617,0.26217395067214966,0.3768230974674225,0.4421095848083496,,,,0.2947843670845032,33.0,0.808,0.372,0.0,True,"Field inspection: check irrigation, pruning, stress.",1196.4000244140625,996.1624755859375,739.0250244140625,2193.262451171875,unreviewed,auto
KOG-ALMAFAREQ-0096,pansharpened_reflectance_401e6b905b,2026-01-22,pansharpened_reflectance+manual_review,29.5,6.129,0.30809149146080017,0.2975189685821533,0.25493982434272766,0.3822190463542938,0.4620637595653534,,,,0.30809149146080017,35.6,0.819,0.452,0.0,True,"Field inspection: check irrigation, pruning, stress.",1116.3389892578125,947.7542114257812,688.3728637695312,2104.228759765625,unreviewed,auto
KOG-ALMAFAREQ-0097,pansharpened_reflectance_401e6b905b,2026-01-22,pansharpened_reflectance+manual_review,24.0,5.528,0.27770301699638367,0.27630680799484253,0.2542530298233032,0.3675900399684906,0.41648682951927185,,,,0.27770301699638367,29.5,0.738,0.476,0.0,True,"Field inspection: check irrigation, pruning, stress.",1142.0208740234375,939.21875,690.84375,2017.1771240234375,unreviewed,auto
KOG-ALMAFAREQ-0100,pansharpened_reflectance_401e6b905b,2026-01-22,pansharpened_reflectance+manual_review,23.5,5.47,0.3463573157787323,0.35241568088531494,0.2658887207508087,0.3979777991771698,0.5194473266601562,,,,0.3463573157787323,39.3,0.657,0.487,0.0,True,"Field inspection: check irrigation, pruning, stress.",993.9042358398438,877.0638427734375,648.8297729492188,2023.0106201171875,unreviewed,auto
KOG-ALMAFAREQ-0101,pansharpened_reflectance_401e6b905b,2026-01-22,pansharpened_reflectance+manual_review,24.25,5.557,0.2955757975578308,0.28922954201698303,0.25730395317077637,0.3743577003479004,0.4432847797870636,,,,0.2955757975578308,29.1,0.678,0.471,0.0,True,"Field inspection: check irrigation, pruning, stress.",1004.8453369140625,843.0,656.7216796875,1847.73193359375,unreviewed,auto
KOG-ALMAFAREQ-0102,pansharpened_reflectance_401e6b905b,2026-01-22,pansharpened_reflectance+manual_review,13.75,4.184,0.2978026866912842,0.294696569442749,0.26378849148750305,0.38554441928863525,0.44661206007003784,,,,0.2978026866912842,33.6,0.873,0.325,0.0,True,"Field inspection: check irrigation, pruning, stress.",886.5636596679688,733.3636474609375,543.9454345703125,1635.109130859375,unreviewed,auto
KOG-ALMAFAREQ-0103,pansharpened_reflectance_401e6b905b,2026-01-22,pansharpened_reflectance+manual_review,18.75,4.886,0.30258601903915405,0.29712459444999695,0.26182910799980164,0.3607039153575897,0.4538053870201111,,,,0.30258601903915405,30.5,0.694,0.466,0.0,True,"Field inspection: check irrigation, pruning, stress.",1090.1600341796875,956.9066772460938,729.933349609375,2032.586669921875,unreviewed,auto
KOG-ALMAFAREQ-0104,pansharpened_reflectance_401e6b905b,2026-01-22,pansharpened_reflectance+manual_review,24.75,5.614,0.2876133322715759,0.28307992219924927,0.25871166586875916,0.34728989005088806,0.4313386082649231,,,,0.2876133322715759,27.5,0.643,0.502,0.0,True,"Field inspection: check irrigation, pruning, stress.",950.7474975585938,834.404052734375,632.7979736328125,1718.6666259765625,unreviewed,auto
KOG-ALMAFAREQ-0105,pansharpened_reflectance_401e6b905b,2026-01-22,pansharpened_reflectance+manual_review,16.0,4.514,0.2901983857154846,0.2936166822910309,0.26174724102020264,0.34971439838409424,0.4352097511291504,,,,0.2901983857154846,32.0,0.8,0.379,0.0,True,"Field inspection: check irrigation, pruning, stress.",897.1875,786.265625,569.578125,1627.96875,unreviewed,auto
KOG-ALMAFAREQ-0106,pansharpened_reflectance_401e6b905b,2026-01-22,pansharpened_reflectance+manual_review,18.0,4.787,0.2996169626712799,0.29968371987342834,0.260623037815094,0.41321861743927,0.4493650794029236,,,,0.2996169626712799,33.9,0.8,0.373,0.0,True,"Field inspection: check irrigation, pruning, stress.",1330.7083740234375,1031.5555419921875,722.638916015625,2463.9306640625,unreviewed,auto
KOG-ALMAFAREQ-0107,pansharpened_reflectance_401e6b905b,2026-01-22,pansharpened_reflectance+manual_review,22.0,5.293,0.2883785367012024,0.28297215700149536,0.25876837968826294,0.3742920756340027,0.4324933886528015,,,,0.2883785367012024,31.7,0.733,0.429,0.0,True,"Field inspection: check irrigation, pruning, stress.",1055.20458984375,872.6818237304688,633.1591186523438,1909.25,unreviewed,auto
KOG-ALMAFAREQ-0108,pansharpened_reflectance_401e6b905b,2026-01-22,pansharpened_reflectance+manual_review,21.0,5.171,0.28407537937164307,0.2867489457130432,0.2560672461986542,0.3593994975090027,0.42603743076324463,,,,0.28407537937164307,26.8,0.694,0.455,0.0,True,"Field inspection: check irrigation, pruning, stress.",1031.0238037109375,873.4880981445312,645.2857055664062,1843.5357666015625,unreviewed,auto
KOG-ALMAFAREQ-0109,pansharpened_reflectance_401e6b905b,2026-01-22,pansharpened_reflectance+manual_review,22.25,5.323,0.29089853167533875,0.29456111788749695,0.25942566990852356,0.36037907004356384,0.43627071380615234,,,,0.29089853167533875,32.2,0.742,0.471,0.0,True,"Field inspection: check irrigation, pruning, stress.",1037.3033447265625,890.01123046875,667.05615234375,1885.494384765625,unreviewed,auto
KOG-ALMAFAREQ-0110,pansharpened_reflectance_401e6b905b,2026-01-22,pansharpened_reflectance+manual_review,19.5,4.983,0.2740373909473419,0.2749596834182739,0.2545729875564575,0.3728235363960266,0.4109860360622406,,,,0.2740373909473419,28.8,0.709,0.444,0.0,True,"Field inspection: check irrigation, pruning, stress.",1110.0640869140625,893.6538696289062,643.3589477539062,1942.5,unreviewed,auto
KOG-ALMAFAREQ-0111,pansharpened_reflectance_401e6b905b,2026-01-22,pansharpened_reflectance+manual_review,24.0,5.528,0.2820511758327484,0.27790147066116333,0.25350475311279297,0.35192927718162537,0.4230005741119385,,,,0.2820511758327484,26.4,0.667,0.476,0.0,True,"Field inspection: check irrigation, pruning, stress.",1012.5520629882812,870.125,648.4583129882812,1806.53125,unreviewed,auto
KOG-ALMAFAREQ-0112,pansharpened_reflectance_401e6b905b,2026-01-22,pansharpened_reflectance+manual_review,19.5,4.983,0.2807270884513855,0.2823350727558136,0.25526949763298035,0.35708796977996826,0.4210129678249359,,,,0.2807270884513855,30.1,0.78,0.387,0.0,True,"Field inspection: check irrigation, pruning, stress.",986.5384521484375,832.6538696289062,616.3076782226562,1752.94873046875,unreviewed,auto
KOG-ALMAFAREQ-0113,pansharpened_reflectance_401e6b905b,2026-01-22,pansharpened_reflectance+manual_review,21.0,5.171,0.287494033575058,0.2897093892097473,0.2609589695930481,0.34595516324043274,0.4311586916446686,,,,0.287494033575058,27.5,0.7,0.501,0.0,True,"Field inspection: check irrigation, pruning, stress.",955.0357055664062,839.4642944335938,603.4166870117188,1725.3809814453125,unreviewed,auto
KOG-ALMAFAREQ-0114,pansharpened_reflectance_401e6b905b,2026-01-22,pansharpened_reflectance+manual_review,17.5,4.72,0.2858896851539612,0.28674840927124023,0.25781625509262085,0.3751731216907501,0.4287600517272949,,,,0.2858896851539612,31.2,0.778,0.391,0.0,True,"Field inspection: check irrigation, pruning, stress.",1089.728515625,895.2571411132812,658.8857421875,1956.9285888671875,unreviewed,auto
KOG-ALMAFAREQ-0115,pansharpened_reflectance_401e6b905b,2026-01-22,pansharpened_reflectance+manual_review,17.0,4.652,0.2753794193267822,0.2745911478996277,0.25347277522087097,0.3781996965408325,0.4129989445209503,,,,0.2753794193267822,29.1,0.756,0.408,0.0,True,"Field inspection: check irrigation, pruning, stress.",1110.2940673828125,888.1029663085938,619.0294189453125,1946.2794189453125,unreviewed,auto
KOG-ALMAFAREQ-0116,pansharpened_reflectance_401e6b905b,2026-01-22,pansharpened_reflectance+manual_review,16.75,4.618,0.28053054213523865,0.27953633666038513,0.25454556941986084,0.38080570101737976,0.4207251965999603,,,,0.28053054213523865,26.1,0.609,0.523,0.0,True,"Field inspection: check irrigation, pruning, stress.",1125.8060302734375,900.223876953125,667.119384765625,1995.4776611328125,unreviewed,auto
KOG-ALMAFAREQ-0117,pansharpened_reflectance_401e6b905b,2026-01-22,pansharpened_reflectance+manual_review,16.25,4.549,0.28432899713516235,0.2821742594242096,0.2605135440826416,0.38040584325790405,0.42642566561698914,,,,0.28432899713516235,26.9,0.657,0.489,0.0,True,"Field inspection: check irrigation, pruning, stress.",1174.5384521484375,958.4000244140625,700.0,2109.892333984375,unreviewed,auto
KOG-ALMAFAREQ-0118,pansharpened_reflectance_401e6b905b,2026-01-22,pansharpened_reflectance+manual_review,16.75,4.618,0.28806746006011963,0.2891845107078552,0.2599087953567505,0.40017253160476685,0.4320313334465027,,,,0.28806746006011963,31.6,0.827,0.35,0.0,True,"Field inspection: check irrigation, pruning, stress.",1157.641845703125,907.7611694335938,656.671630859375,2088.626953125,unreviewed,auto
KOG-ALMAFAREQ-0119,pansharpened_reflectance_401e6b905b,2026-01-22,pansharpened_reflectance+manual_review,13.0,4.068,0.27436020970344543,0.27154022455215454,0.25556883215904236,0.3912409245967865,0.41147276759147644,,,,0.27436020970344543,28.9,0.812,0.362,0.0,True,"Field inspection: check irrigation, pruning, stress.",1146.826904296875,887.5,645.2307739257812,2006.173095703125,unreviewed,auto
KOG-ALMAFAREQ-0120,pansharpened_reflectance_401e6b905b,2026-01-22,pansharpened_reflectance+manual_review,16.75,4.618,0.27566951513290405,0.2745591998100281,0.25545305013656616,0.3447611927986145,0.41342663764953613,,,,0.27566951513290405,25.1,0.677,0.474,0.0,True,"Field inspection: check irrigation, pruning, stress.",980.0149536132812,840.880615234375,609.2388305664062,1723.13427734375,unreviewed,auto
KOG-ALMAFAREQ-0121,pansharpened_reflectance_401e6b905b,2026-01-22,pansharpened_reflectance+manual_review,16.0,4.514,0.3101354241371155,0.3133776783943176,0.2596730887889862,0.4063076972961426,0.46511033177375793,,,,0.3101354241371155,32.0,0.64,0.497,0.0,True,"Field inspection: check irrigation, pruning, stress.",915.671875,745.40625,550.671875,1742.671875,unreviewed,auto
KOG-ALMAFAREQ-0122,pansharpened_reflectance_401e6b905b,2026-01-22,pansharpened_reflectance+manual_review,14.0,4.222,0.27032366394996643,0.2706468105316162,0.25366055965423584,0.3371468484401703,0.40541574358940125,,,,0.27032366394996643,24.1,0.691,0.457,0.0,True,"Field inspection: check irrigation, pruning, stress.",1069.8035888671875,923.7142944335938,707.5178833007812,1860.625,unreviewed,auto
KOG-ALMAFAREQ-0123,pansharpened_reflectance_401e6b905b,2026-01-22,pansharpened_reflectance+manual_review,12.0,3.909,0.2731923758983612,0.2731850743293762,0.25745218992233276,0.36928677558898926,0.40971866250038147,,,,0.2731923758983612,28.6,0.762,0.411,0.0,True,"Field inspection: check irrigation, pruning, stress.",1090.6458740234375,884.6666870117188,633.6041870117188,1910.8958740234375,unreviewed,auto
KOG-ALMAFAREQ-0124,pansharpened_reflectance_401e6b905b,2026-01-22,pansharpened_reflectance+manual_review,15.5,4.442,0.31366264820098877,0.30569082498550415,0.2590501308441162,0.393257737159729,0.47043168544769287,,,,0.31366264820098877,32.7,0.681,0.513,0.0,True,"Field inspection: check irrigation, pruning, stress.",1314.306396484375,1093.8387451171875,813.2096557617188,2506.58056640625,unreviewed,auto
KOG-ALMAFAREQ-0125,pansharpened_reflectance_401e6b905b,2026-01-22,pansharpened_reflectance+manual_review,12.75,4.029,0.30073294043540955,0.29512670636177063,0.25731760263442993,0.3664821684360504,0.45101943612098694,,,,0.30073294043540955,30.1,0.63,0.505,0.0,True,"Field inspection: check irrigation, pruning, stress.",1003.8038940429688,868.4509887695312,637.686279296875,1869.058837890625,unreviewed,auto
KOG-ALMAFAREQ-0126,pansharpened_reflectance_401e6b905b,2026-01-22,pansharpened_reflectance+manual_review,8.25,3.241,0.27220970392227173,0.2733060419559479,0.2559683322906494,0.35170572996139526,0.4082416892051697,,,,0.27220970392227173,28.4,0.786,0.387,0.0,True,"Field inspection: check irrigation, pruning, stress.",1035.51513671875,870.3636474609375,638.7879028320312,1808.3939208984375,unreviewed,auto
KOG-ALMAFAREQ-0127,pansharpened_reflectance_401e6b905b,2026-01-22,pansharpened_reflectance+manual_review,7.75,3.141,0.2661858797073364,0.26479145884513855,0.25413966178894043,0.37950167059898376,0.3992222547531128,,,,0.2661858797073364,27.2,0.886,0.324,0.0,True,"Field inspection: check irrigation, pruning, stress.",1309.9031982421875,1018.258056640625,734.1935424804688,2259.193603515625,unreviewed,auto
KOG-ALMAFAREQ-0129,pansharpened_reflectance_401e6b905b,2026-01-22,pansharpened_reflectance+manual_review,11.0,3.742,0.26967716217041016,0.26713278889656067,0.25132685899734497,0.3450934588909149,0.4044375419616699,,,,0.26967716217041016,23.9,0.698,0.46,0.0,True,"Field inspection: check irrigation, pruning, stress.",954.522705078125,807.8181762695312,601.227294921875,1657.9090576171875,unreviewed,auto
KOG-ALMAFAREQ-0130,pansharpened_reflectance_401e6b905b,2026-01-22,pansharpened_reflectance+manual_review,11.5,3.827,0.26044943928718567,0.2604556977748871,0.2524774670600891,0.3566214144229889,0.39060840010643005,,,,0.26044943928718567,22.1,0.657,0.5,0.0,True,"Field inspection: check irrigation, pruning, stress.",1127.5,916.04345703125,688.6304321289062,1920.9130859375,unreviewed,auto
KOG-ALMAFAREQ-0131,pansharpened_reflectance_401e6b905b,2026-01-22,pansharpened_reflectance+manual_review,10.25,3.613,0.2760041058063507,0.26709893345832825,0.252275675535202,0.38403642177581787,0.41394317150115967,,,,0.2760041058063507,25.2,0.621,0.554,0.0,True,"Field inspection: check irrigation, pruning, stress.",1277.1219482421875,999.4634399414062,747.4634399414062,2239.0244140625,unreviewed,auto
KOG-ALMAFAREQ-0132,pansharpened_reflectance_401e6b905b,2026-01-22,pansharpened_reflectance+manual_review,5.5,2.646,0.26006895303726196,0.2586730420589447,0.25375527143478394,0.36815670132637024,0.3900480270385742,,,,0.26006895303726196,26.0,0.786,0.429,0.0,True,"Field inspection: check irrigation, pruning, stress.",1313.227294921875,1034.772705078125,766.272705078125,2236.0908203125,unreviewed,auto
KOG-ALMAFAREQ-0134,pansharpened_reflectance_401e6b905b,2026-01-22,pansharpened_reflectance+manual_review,4.5,2.394,0.2598704397678375,0.25992482900619507,0.25335580110549927,0.3348924517631531,0.3897273540496826,,,,0.2598704397678375,26.0,0.72,0.435,0.0,True,"Field inspection: check irrigation, pruning, stress.",927.388916015625,786.8333129882812,578.6666870117188,1577.8333740234375,unreviewed,auto
KOG-EIN_ATEYYE-0001,pansharpened_reflectance_401e6b905b,2026-01-22,pansharpened_reflectance+manual_review,468.5,24.424,0.3020663559436798,0.28703704476356506,0.18575400114059448,0.41712918877601624,0.4530333876609802,,,,0.3020663559436798,20.4,0.637,0.531,0.0,True,"Field inspection: check irrigation, pruning, stress.",1314.3145751953125,1000.9451293945312,731.3296508789062,2396.288330078125,unreviewed,auto
KOG-EIN_ATEYYE-0002,pansharpened_reflectance_401e6b905b,2026-01-22,pansharpened_reflectance+manual_review,361.25,21.447,0.3581130802631378,0.3440176844596863,0.2750772535800934,0.4487232565879822,0.5370854735374451,,,,0.3581130802631378,41.6,0.502,0.651,0.0,True,"Field inspection: check irrigation, pruning, stress.",1091.0013427734375,878.125244140625,654.5120849609375,2282.650634765625,unreviewed,auto
KOG-EIN_ATEYYE-0003,pansharpened_reflectance_401e6b905b,2026-01-22,pansharpened_reflectance+manual_review,328.0,20.436,0.32826048135757446,0.3257327973842621,0.2320168912410736,0.42246371507644653,0.4923133850097656,,,,0.32826048135757446,35.7,0.653,0.562,0.0,True,"Field inspection: check irrigation, pruning, stress.",1164.8978271484375,930.0354614257812,692.6539306640625,2258.278076171875,unreviewed,auto
KOG-EIN_ATEYYE-0004,pansharpened_reflectance_401e6b905b,2026-01-22,pansharpened_reflectance+manual_review,296.5,19.43,0.3193879723548889,0.317158579826355,0.2338884025812149,0.4118567109107971,0.47901177406311035,,,,0.3193879723548889,33.9,0.571,0.627,0.0,True,"Field inspection: check irrigation, pruning, stress.",1237.19189453125,996.3690795898438,736.008544921875,2366.904541015625,unreviewed,auto
KOG-EIN_ATEYYE-0005,pansharpened_reflectance_401e6b905b,2026-01-22,pansharpened_reflectance+manual_review,251.0,17.877,0.3470803201198578,0.3500285744667053,0.27227336168289185,0.4348025918006897,0.5205442905426025,,,,0.3470803201198578,39.4,0.6,0.583,0.0,True,"Field inspection: check irrigation, pruning, stress.",1181.2540283203125,957.7320556640625,718.9223022460938,2410.69921875,unreviewed,auto
KOG-EIN_ATEYYE-0007,pansharpened_reflectance_401e6b905b,2026-01-22,pansharpened_reflectance+manual_review,85.25,10.418,0.3693512976169586,0.3708968758583069,0.28892454504966736,0.4418357312679291,0.5539345145225525,,,,0.3693512976169586,43.9,0.674,0.515,0.0,True,"Field inspection: check irrigation, pruning, stress.",1018.47509765625,855.7184448242188,634.741943359375,2183.847412109375,unreviewed,auto
KOG-EIN_ATEYYE-0008,pansharpened_reflectance_401e6b905b,2026-01-22,pansharpened_reflectance+manual_review,161.5,14.34,0.3212459981441498,0.33803290128707886,0.22584189474582672,0.40195876359939575,0.48180249333381653,,,,0.3212459981441498,34.2,0.646,0.586,0.0,True,"Field inspection: check irrigation, pruning, stress.",1336.39892578125,1107.3905029296875,815.25244140625,2547.354248046875,unreviewed,auto
KOG-EIN_ATEYYE-0009,pansharpened_reflectance_401e6b905b,2026-01-22,pansharpened_reflectance+manual_review,175.75,14.959,0.3235299289226532,0.3146374821662903,0.2644197344779968,0.4058258831501007,0.4852217137813568,,,,0.3235299289226532,34.7,0.574,0.574,0.0,True,"Field inspection: check irrigation, pruning, stress.",1185.0455322265625,981.8705444335938,723.2973022460938,2299.4609375,unreviewed,auto
KOG-EIN_ATEYYE-0010,pansharpened_reflectance_401e6b905b,2026-01-22,pansharpened_reflectance+manual_review,115.5,12.127,0.41972965002059937,0.41933727264404297,0.3003726303577423,0.4876544177532196,0.6294934749603271,,,,0.41972965002059937,53.9,0.637,0.553,0.0,False,Routine monitoring.,952.3030395507812,804.3160400390625,601.292236328125,2324.79443359375,unreviewed,auto
KOG-EIN_ATEYYE-0011,pansharpened_reflectance_401e6b905b,2026-01-22,pansharpened_reflectance+manual_review,102.75,11.438,0.3767961263656616,0.3707025349140167,0.28223171830177307,0.46278443932533264,0.5651016235351562,,,,0.3767961263656616,45.4,0.699,0.504,0.0,False,Routine monitoring.,1003.1021728515625,816.6885375976562,611.8418579101562,2203.56201171875,unreviewed,auto
KOG-EIN_ATEYYE-0012,pansharpened_reflectance_401e6b905b,2026-01-22,pansharpened_reflectance+manual_review,79.25,10.045,0.35320529341697693,0.34856754541397095,0.26395294070243835,0.4416947662830353,0.5297204852104187,,,,0.35320529341697693,40.6,0.6,0.568,0.0,True,"Field inspection: check irrigation, pruning, stress.",1028.9715576171875,834.8201904296875,615.2334594726562,2136.65625,unreviewed,auto
KOG-EIN_ATEYYE-0013,pansharpened_reflectance_401e6b905b,2026-01-22,pansharpened_reflectance+manual_review,200.5,15.978,0.31490612030029297,0.30445098876953125,0.1950521469116211,0.4193357527256012,0.47229665517807007,,,,0.31490612030029297,23.0,0.558,0.616,0.0,True,"Field inspection: check irrigation, pruning, stress.",1407.6153564453125,1097.2489013671875,798.9592895507812,2646.81103515625,unreviewed,auto
KOG-EIN_ATEYYE-0015,pansharpened_reflectance_401e6b905b,2026-01-22,pansharpened_reflectance+manual_review,89.75,10.69,0.2954496741294861,0.28711920976638794,0.25990691781044006,0.4187993109226227,0.4431106448173523,,,,0.2954496741294861,29.1,0.7,0.51,0.0,True,"Field inspection: check irrigation, pruning, stress.",1279.470703125,968.3732299804688,714.551513671875,2349.077880859375,unreviewed,auto
KOG-EIN_ATEYYE-0016,pansharpened_reflectance_401e6b905b,2026-01-22,pansharpened_reflectance+manual_review,126.0,12.666,0.3719351887702942,0.36617526412010193,0.28627336025238037,0.44300177693367004,0.5578182935714722,,,,0.3719351887702942,44.4,0.668,0.529,0.0,True,"Field inspection: check irrigation, pruning, stress.",1098.9404296875,923.736083984375,672.3313598632812,2371.22607421875,unreviewed,auto
KOG-EIN_ATEYYE-0017,pansharpened_reflectance_401e6b905b,2026-01-22,pansharpened_reflectance+manual_review,88.25,10.6,0.34646522998809814,0.3433678150177002,0.27089646458625793,0.4325409233570099,0.5196110606193542,,,,0.34646522998809814,43.3,0.774,0.498,0.0,True,"Field inspection: check irrigation, pruning, stress.",1027.651611328125,839.4617309570312,623.3370971679688,2107.24072265625,unreviewed,auto
KOG-EIN_ATEYYE-0018,pansharpened_reflectance_401e6b905b,2026-01-22,pansharpened_reflectance+manual_review,99.5,11.256,0.341699481010437,0.32247310876846313,0.26498696208000183,0.4378505051136017,0.5124744772911072,,,,0.341699481010437,38.3,0.577,0.587,0.0,True,"Field inspection: check irrigation, pruning, stress.",1215.2437744140625,966.4949951171875,704.1181030273438,2441.20361328125,unreviewed,auto
KOG-EIN_ATEYYE-0019,pansharpened_reflectance_401e6b905b,2026-01-22,pansharpened_reflectance+manual_review,94.0,10.94,0.35281065106391907,0.3468809425830841,0.2636594772338867,0.4439477324485779,0.5291317701339722,,,,0.35281065106391907,44.6,0.743,0.465,0.0,True,"Field inspection: check irrigation, pruning, stress.",1082.925537109375,870.5213012695312,653.8803100585938,2243.574462890625,unreviewed,auto
KOG-EIN_ATEYYE-0021,pansharpened_reflectance_401e6b905b,2026-01-22,pansharpened_reflectance+manual_review,116.25,12.166,0.34550008177757263,0.3392951190471649,0.26915687322616577,0.43441706895828247,0.518169105052948,,,,0.34550008177757263,43.1,0.749,0.534,0.0,True,"Field inspection: check irrigation, pruning, stress.",1118.255859375,905.2107543945312,666.1053466796875,2273.72900390625,unreviewed,auto
KOG-EIN_ATEYYE-0022,pansharpened_reflectance_401e6b905b,2026-01-22,pansharpened_reflectance+manual_review,98.0,11.17,0.33345359563827515,0.3308103084564209,0.2664909362792969,0.4170333445072174,0.5000990033149719,,,,0.33345359563827515,40.7,0.71,0.487,0.0,True,"Field inspection: check irrigation, pruning, stress.",1083.1964111328125,889.4846801757812,672.1581420898438,2145.165771484375,unreviewed,auto
KOG-EIN_ATEYYE-0023,pansharpened_reflectance_401e6b905b,2026-01-22,pansharpened_reflectance+manual_review,100.0,11.284,0.3630580008029938,0.35152339935302734,0.26323944330215454,0.45596787333488464,0.5444984436035156,,,,0.3630580008029938,46.6,0.725,0.455,0.0,False,Routine monitoring.,1035.8900146484375,826.2274780273438,608.3049926757812,2204.169921875,unreviewed,auto
KOG-EIN_ATEYYE-0024,pansharpened_reflectance_401e6b905b,2026-01-22,pansharpened_reflectance+manual_review,118.75,12.296,0.32003527879714966,0.3097028136253357,0.2628805339336395,0.41816046833992004,0.47997909784317017,,,,0.32003527879714966,34.0,0.633,0.599,0.0,True,"Field inspection: check irrigation, pruning, stress.",1176.1326904296875,940.2315673828125,681.408447265625,2264.43359375,unreviewed,auto
KOG-EIN_ATEYYE-0025,pansharpened_reflectance_401e6b905b,2026-01-22,pansharpened_reflectance+manual_review,78.5,9.997,0.361201673746109,0.35690370202064514,0.26570194959640503,0.43291109800338745,0.5417288541793823,,,,0.361201673746109,42.2,0.671,0.513,0.0,True,"Field inspection: check irrigation, pruning, stress.",1244.1751708984375,1046.5,765.6082763671875,2608.34716796875,unreviewed,auto
KOG-EIN_ATEYYE-0026,pansharpened_reflectance_401e6b905b,2026-01-22,pansharpened_reflectance+manual_review,94.0,10.94,0.3357583284378052,0.3187403678894043,0.26358968019485474,0.42699724435806274,0.5035591125488281,,,,0.3357583284378052,37.2,0.681,0.487,0.0,True,"Field inspection: check irrigation, pruning, stress.",1128.521240234375,908.0319213867188,672.2154541015625,2244.258056640625,unreviewed,auto
KOG-EIN_ATEYYE-0027,pansharpened_reflectance_401e6b905b,2026-01-22,pansharpened_reflectance+manual_review,107.0,11.672,0.403813898563385,0.3989039659500122,0.27532973885536194,0.4729565680027008,0.6056392192840576,,,,0.403813898563385,50.8,0.547,0.6,0.0,False,Routine monitoring.,1149.0186767578125,961.7406616210938,698.2616577148438,2678.53271484375,unreviewed,auto
KOG-EIN_ATEYYE-0028,pansharpened_reflectance_401e6b905b,2026-01-22,pansharpened_reflectance+manual_review,86.5,10.495,0.3503463864326477,0.33831483125686646,0.2689804434776306,0.44779422879219055,0.525441586971283,,,,0.3503463864326477,44.1,0.752,0.463,0.0,True,"Field inspection: check irrigation, pruning, stress.",1134.1300048828125,901.427734375,681.7398681640625,2344.237060546875,unreviewed,auto
KOG-EIN_ATEYYE-0029,pansharpened_reflectance_401e6b905b,2026-01-22,pansharpened_reflectance+manual_review,92.5,10.852,0.3473891019821167,0.3306734561920166,0.26674020290374756,0.44246241450309753,0.5210012197494507,,,,0.3473891019821167,39.5,0.67,0.495,0.0,True,"Field inspection: check irrigation, pruning, stress.",1102.5567626953125,875.7567749023438,643.5108032226562,2254.859375,unreviewed,auto
KOG-EIN_ATEYYE-0030,pansharpened_reflectance_401e6b905b,2026-01-22,pansharpened_reflectance+manual_review,103.75,11.493,0.3391515612602234,0.32676517963409424,0.2673552632331848,0.4204981029033661,0.508647620677948,,,,0.3391515612602234,37.8,0.694,0.518,0.0,True,"Field inspection: check irrigation, pruning, stress.",1118.6361083984375,926.88671875,677.1036376953125,2246.81689453125,unreviewed,auto
KOG-EIN_ATEYYE-0031,pansharpened_reflectance_401e6b905b,2026-01-22,pansharpened_reflectance+manual_review,91.75,10.808,0.3545103967189789,0.35013261437416077,0.26893338561058044,0.4319157004356384,0.5316832065582275,,,,0.3545103967189789,44.9,0.76,0.478,0.0,True,"Field inspection: check irrigation, pruning, stress.",1081.18798828125,904.354248046875,667.3242797851562,2262.542236328125,unreviewed,auto
KOG-EIN_ATEYYE-0032,pansharpened_reflectance_401e6b905b,2026-01-22,pansharpened_reflectance+manual_review,92.0,10.823,0.3602566123008728,0.354947566986084,0.27435046434402466,0.4324295222759247,0.5402993559837341,,,,0.3602566123008728,42.1,0.696,0.538,0.0,True,"Field inspection: check irrigation, pruning, stress.",1047.834228515625,883.8804321289062,652.8016357421875,2214.877685546875,unreviewed,auto
KOG-EIN_ATEYYE-0033,pansharpened_reflectance_401e6b905b,2026-01-22,pansharpened_reflectance+manual_review,94.25,10.955,0.36104997992515564,0.35566383600234985,0.2695583999156952,0.45510777831077576,0.5414987206459045,,,,0.36104997992515564,42.2,0.607,0.545,0.0,True,"Field inspection: check irrigation, pruning, stress.",1209.310302734375,961.6445922851562,696.4615478515625,2539.31298828125,unreviewed,auto
KOG-EIN_ATEYYE-0034,pansharpened_reflectance_401e6b905b,2026-01-22,pansharpened_reflectance+manual_review,87.25,10.54,0.37091952562332153,0.3697371780872345,0.269662469625473,0.45415717363357544,0.556289553642273,,,,0.37091952562332153,44.2,0.698,0.482,0.0,True,"Field inspection: check irrigation, pruning, stress.",1025.3839111328125,842.1604614257812,612.5960083007812,2228.252197265625,unreviewed,auto
KOG-EIN_ATEYYE-0035,pansharpened_reflectance_401e6b905b,2026-01-22,pansharpened_reflectance+manual_review,83.75,10.326,0.3548429310321808,0.34391534328460693,0.27499985694885254,0.4432431757450104,0.5321783423423767,,,,0.3548429310321808,45.0,0.705,0.503,0.0,True,"Field inspection: check irrigation, pruning, stress.",1062.0477294921875,861.4567260742188,636.146240234375,2207.81201171875,unreviewed,auto
KOG-EIN_ATEYYE-0036,pansharpened_reflectance_401e6b905b,2026-01-22,pansharpened_reflectance+manual_review,77.25,9.918,0.3214338719844818,0.3146417438983917,0.26276129484176636,0.4089612364768982,0.48207512497901917,,,,0.3214338719844818,34.3,0.678,0.521,0.0,True,"Field inspection: check irrigation, pruning, stress.",1166.873779296875,956.8317260742188,702.6990356445312,2245.62451171875,unreviewed,auto
KOG-EIN_ATEYYE-0037,pansharpened_reflectance_401e6b905b,2026-01-22,pansharpened_reflectance+manual_review,22.75,5.382,0.43913745880126953,0.457594633102417,0.30868083238601685,0.5015297532081604,0.6586033701896667,,,,0.43913745880126953,57.8,0.591,0.66,0.0,False,Routine monitoring.,921.098876953125,782.3956298828125,569.901123046875,2348.3076171875,unreviewed,auto
KOG-EIN_ATEYYE-0038,pansharpened_reflectance_401e6b905b,2026-01-22,pansharpened_reflectance+manual_review,10.5,3.656,0.47880277037620544,0.49314790964126587,0.4397059977054596,0.5141040682792664,0.707055389881134,,,,0.47880277037620544,65.8,0.602,0.727,0.0,False,Routine monitoring.,912.90771484375,832.3076782226562,608.6461791992188,2596.123046875,unreviewed,auto
KOG-EIN_ATEYYE-0039,pansharpened_reflectance_401e6b905b,2026-01-22,pansharpened_reflectance+manual_review,78.75,10.013,0.3755609393119812,0.3738129436969757,0.26996076107025146,0.4623950719833374,0.5632541179656982,,,,0.3755609393119812,49.1,0.75,0.439,0.0,False,Routine monitoring.,1058.882568359375,857.066650390625,631.3873291015625,2317.67626953125,unreviewed,auto
KOG-EIN_ATEYYE-0040,pansharpened_reflectance_401e6b905b,2026-01-22,pansharpened_reflectance+manual_review,73.25,9.657,0.35207444429397583,0.3462377190589905,0.2745321989059448,0.4234962463378906,0.5280297994613647,,,,0.35207444429397583,40.4,0.651,0.545,0.0,True,"Field inspection: check irrigation, pruning, stress.",1083.5767822265625,917.2559814453125,676.3106079101562,2250.26953125,unreviewed,auto
KOG-EIN_ATEYYE-0041,pansharpened_reflectance_401e6b905b,2026-01-22,pansharpened_reflectance+manual_review,64.75,9.08,0.31224584579467773,0.3171987533569336,0.25948429107666016,0.4149864614009857,0.4682946503162384,,,,0.31224584579467773,36.4,0.725,0.465,0.0,True,"Field inspection: check irrigation, pruning, stress.",1125.1929931640625,888.0038452148438,663.5328369140625,2137.185302734375,unreviewed,auto
KOG-EIN_ATEYYE-0042,pansharpened_reflectance_401e6b905b,2026-01-22,pansharpened_reflectance+manual_review,80.5,10.124,0.315209299325943,0.31152576208114624,0.26319408416748047,0.40831902623176575,0.4727413058280945,,,,0.315209299325943,37.0,0.732,0.542,0.0,True,"Field inspection: check irrigation, pruning, stress.",1170.85400390625,944.45654296875,705.7266845703125,2228.838623046875,unreviewed,auto
KOG-EIN_ATEYYE-0043,pansharpened_reflectance_401e6b905b,2026-01-22,pansharpened_reflectance+manual_review,73.25,9.657,0.342571884393692,0.33071210980415344,0.265595018863678,0.44467684626579285,0.5137797594070435,,,,0.342571884393692,42.5,0.771,0.395,0.0,True,"Field inspection: check irrigation, pruning, stress.",1135.208251953125,889.0272827148438,655.7474365234375,2297.9658203125,unreviewed,auto
KOG-EIN_ATEYYE-0044,pansharpened_reflectance_401e6b905b,2026-01-22,pansharpened_reflectance+manual_review,81.75,10.202,0.3547082841396332,0.3403773605823517,0.2645883560180664,0.44233569502830505,0.5319817662239075,,,,0.3547082841396332,44.9,0.717,0.469,0.0,True,"Field inspection: check irrigation, pruning, stress.",1136.1375732421875,919.5963134765625,670.0550537109375,2357.5810546875,unreviewed,auto
KOG-EIN_ATEYYE-0045,pansharpened_reflectance_401e6b905b,2026-01-22,pansharpened_reflectance+manual_review,77.0,9.901,0.32797643542289734,0.3244553208351135,0.26621097326278687,0.41373151540756226,0.4918871819972992,,,,0.32797643542289734,39.6,0.705,0.522,0.0,True,"Field inspection: check irrigation, pruning, stress.",1126.1915283203125,925.2142944335938,669.3019409179688,2210.7890625,unreviewed,auto
KOG-EIN_ATEYYE-0046,pansharpened_reflectance_401e6b905b,2026-01-22,pansharpened_reflectance+manual_review,76.0,9.837,0.3328351080417633,0.323727548122406,0.2640720307826996,0.4225919246673584,0.4991774260997772,,,,0.3328351080417633,36.6,0.696,0.507,0.0,True,"Field inspection: check irrigation, pruning, stress.",1193.3421630859375,965.01318359375,697.2763061523438,2359.891357421875,unreviewed,auto
KOG-EIN_ATEYYE-0047,pansharpened_reflectance_401e6b905b,2026-01-22,pansharpened_reflectance+manual_review,64.25,9.045,0.3269602954387665,0.3194670081138611,0.2619608938694,0.43120020627975464,0.4903671145439148,,,,0.3269602954387665,39.4,0.72,0.441,0.0,True,"Field inspection: check irrigation, pruning, stress.",1183.202392578125,929.4474487304688,692.4552612304688,2311.64599609375,unreviewed,auto
KOG-EIN_ATEYYE-0048,pansharpened_reflectance_401e6b905b,2026-01-22,pansharpened_reflectance+manual_review,71.25,9.525,0.34779882431030273,0.3414742350578308,0.26178890466690063,0.4459250569343567,0.5216158032417297,,,,0.34779882431030273,39.6,0.646,0.538,0.0,True,"Field inspection: check irrigation, pruning, stress.",1113.79296875,883.0350952148438,656.5087890625,2270.389404296875,unreviewed,auto
KOG-EIN_ATEYYE-0049,pansharpened_reflectance_401e6b905b,2026-01-22,pansharpened_reflectance+manual_review,73.5,9.674,0.34415891766548157,0.33627837896347046,0.2688775360584259,0.42988139390945435,0.5161597728729248,,,,0.34415891766548157,42.8,0.752,0.451,0.0,True,"Field inspection: check irrigation, pruning, stress.",1134.5816650390625,926.0136108398438,682.8741455078125,2301.125732421875,unreviewed,auto
KOG-EIN_ATEYYE-0050,pansharpened_reflectance_401e6b905b,2026-01-22,pansharpened_reflectance+manual_review,70.75,9.491,0.33200591802597046,0.3237965404987335,0.2602369785308838,0.44222182035446167,0.4979451298713684,,,,0.33200591802597046,40.4,0.708,0.444,0.0,True,"Field inspection: check irrigation, pruning, stress.",1402.530029296875,1079.6536865234375,774.0847778320312,2753.462890625,unreviewed,auto
KOG-EIN_ATEYYE-0051,pansharpened_reflectance_401e6b905b,2026-01-22,pansharpened_reflectance+manual_review,81.0,10.155,0.330919086933136,0.317268967628479,0.26172277331352234,0.42694902420043945,0.49629923701286316,,,,0.330919086933136,36.2,0.682,0.539,0.0,True,"Field inspection: check irrigation, pruning, stress.",1104.111083984375,880.2345581054688,655.1049194335938,2170.771484375,unreviewed,auto
KOG-EIN_ATEYYE-0052,pansharpened_reflectance_401e6b905b,2026-01-22,pansharpened_reflectance+manual_review,65.75,9.15,0.3358137011528015,0.3318938910961151,0.26521795988082886,0.4211859107017517,0.5036405324935913,,,,0.3358137011528015,41.2,0.731,0.428,0.0,True,"Field inspection: check irrigation, pruning, stress.",1108.6578369140625,906.3460083007812,662.2661743164062,2207.8212890625,unreviewed,auto
KOG-EIN_ATEYYE-0053,pansharpened_reflectance_401e6b905b,2026-01-22,pansharpened_reflectance+manual_review,74.75,9.756,0.34712672233581543,0.3333333432674408,0.2643108069896698,0.415185809135437,0.5206120014190674,,,,0.34712672233581543,43.4,0.787,0.467,0.0,True,"Field inspection: check irrigation, pruning, stress.",1148.1170654296875,978.6923217773438,714.7424926757812,2352.608642578125,unreviewed,auto
KOG-EIN_ATEYYE-0054,pansharpened_reflectance_401e6b905b,2026-01-22,pansharpened_reflectance+manual_review,74.5,9.739,0.30776694416999817,0.29184699058532715,0.26054003834724426,0.4105287790298462,0.46158042550086975,,,,0.30776694416999817,31.6,0.596,0.576,0.0,True,"Field inspection: check irrigation, pruning, stress.",1176.2952880859375,928.6342163085938,685.9899291992188,2211.8388671875,unreviewed,auto
KOG-EIN_ATEYYE-0055,pansharpened_reflectance_401e6b905b,2026-01-22,pansharpened_reflectance+manual_review,65.25,9.115,0.34679335355758667,0.3350912034511566,0.2622085213661194,0.4509199559688568,0.5201152563095093,,,,0.34679335355758667,43.4,0.725,0.432,0.0,True,"Field inspection: check irrigation, pruning, stress.",1217.7662353515625,949.613037109375,691.2030639648438,2486.482666015625,unreviewed,auto
KOG-EIN_ATEYYE-0056,pansharpened_reflectance_401e6b905b,2026-01-22,pansharpened_reflectance+manual_review,64.75,9.08,0.32494649291038513,0.31488654017448425,0.26091641187667847,0.41833043098449707,0.4873397648334503,,,,0.32494649291038513,35.0,0.647,0.516,0.0,True,"Field inspection: check irrigation, pruning, stress.",1073.3359375,864.5096435546875,645.976806640625,2100.04248046875,unreviewed,auto
KOG-EIN_ATEYYE-0057,pansharpened_reflectance_401e6b905b,2026-01-22,pansharpened_reflectance+manual_review,61.75,8.867,0.3285389542579651,0.32230523228645325,0.2692718505859375,0.41954874992370605,0.4927317500114441,,,,0.3285389542579651,35.7,0.684,0.463,0.0,True,"Field inspection: check irrigation, pruning, stress.",1144.0120849609375,929.1943359375,674.90283203125,2248.477783203125,unreviewed,auto
KOG-EIN_ATEYYE-0058,pansharpened_reflectance_401e6b905b,2026-01-22,pansharpened_reflectance+manual_review,75.75,9.821,0.33837467432022095,0.34358614683151245,0.26868265867233276,0.4134626090526581,0.5074872970581055,,,,0.33837467432022095,37.7,0.631,0.508,0.0,True,"Field inspection: check irrigation, pruning, stress.",1162.9273681640625,974.53466796875,712.5940551757812,2332.58740234375,unreviewed,auto
KOG-EIN_ATEYYE-0059,pansharpened_reflectance_401e6b905b,2026-01-22,pansharpened_reflectance+manual_review,65.25,9.115,0.32747238874435425,0.31700289249420166,0.2637312710285187,0.4261924624443054,0.4911264479160309,,,,0.32747238874435425,39.5,0.808,0.401,0.0,True,"Field inspection: check irrigation, pruning, stress.",1074.486572265625,855.5977172851562,628.2911987304688,2108.984619140625,unreviewed,auto
KOG-EIN_ATEYYE-0060,pansharpened_reflectance_401e6b905b,2026-01-22,pansharpened_reflectance+manual_review,55.0,8.368,0.3293675482273102,0.3277682662010193,0.2642095386981964,0.4170536398887634,0.4939770996570587,,,,0.3293675482273102,35.9,0.681,0.521,0.0,True,"Field inspection: check irrigation, pruning, stress.",1158.699951171875,946.227294921875,685.1363525390625,2292.041015625,unreviewed,auto
KOG-EIN_ATEYYE-0061,pansharpened_reflectance_401e6b905b,2026-01-22,pansharpened_reflectance+manual_review,75.0,9.772,0.3462100625038147,0.3485749363899231,0.2724895179271698,0.4223255217075348,0.5192334055900574,,,,0.3462100625038147,39.2,0.649,0.535,0.0,True,"Field inspection: check irrigation, pruning, stress.",1079.300048828125,904.8900146484375,665.6333618164062,2213.24658203125,unreviewed,auto
KOG-EIN_ATEYYE-0062,pansharpened_reflectance_401e6b905b,2026-01-22,pansharpened_reflectance+manual_review,65.5,9.132,0.3511888384819031,0.3304781913757324,0.26194438338279724,0.45684462785720825,0.5267082452774048,,,,0.3511888384819031,44.2,0.809,0.459,0.0,True,"Field inspection: check irrigation, pruning, stress.",1203.366455078125,934.5992431640625,671.7786254882812,2473.847412109375,unreviewed,auto
KOG-EIN_ATEYYE-0063,pansharpened_reflectance_401e6b905b,2026-01-22,pansharpened_reflectance+manual_review,63.5,8.992,0.3264714181423187,0.309420108795166,0.2614361345767975,0.4422208070755005,0.48962780833244324,,,,0.3264714181423187,35.3,0.668,0.475,0.0,True,"Field inspection: check irrigation, pruning, stress.",1105.346435546875,846.527587890625,625.1653442382812,2171.775634765625,unreviewed,auto
KOG-EIN_ATEYYE-0064,pansharpened_reflectance_401e6b905b,2026-01-22,pansharpened_reflectance+manual_review,76.75,9.885,0.3489113748073578,0.33199310302734375,0.26460736989974976,0.4419436454772949,0.523284912109375,,,,0.3489113748073578,43.8,0.703,0.502,0.0,True,"Field inspection: check irrigation, pruning, stress.",1094.9283447265625,878.6058349609375,644.1986694335938,2251.63525390625,unreviewed,auto
KOG-EIN_ATEYYE-0065,pansharpened_reflectance_401e6b905b,2026-01-22,pansharpened_reflectance+manual_review,63.75,9.009,0.36014607548713684,0.35185185074806213,0.26721349358558655,0.44945499300956726,0.5401397347450256,,,,0.36014607548713684,42.0,0.675,0.499,0.0,True,"Field inspection: check irrigation, pruning, stress.",1152.8941650390625,929.7960815429688,683.8431396484375,2421.199951171875,unreviewed,auto
KOG-EIN_ATEYYE-0066,pansharpened_reflectance_401e6b905b,2026-01-22,pansharpened_reflectance+manual_review,72.5,9.608,0.3188239634037018,0.30938708782196045,0.25768086314201355,0.3998391032218933,0.47816452383995056,,,,0.3188239634037018,37.8,0.732,0.484,0.0,True,"Field inspection: check irrigation, pruning, stress.",1217.644775390625,1007.8724365234375,724.1827392578125,2332.686279296875,unreviewed,auto
KOG-EIN_ATEYYE-0067,pansharpened_reflectance_401e6b905b,2026-01-22,pansharpened_reflectance+manual_review,74.0,9.707,0.3297632038593292,0.3209324777126312,0.2609798312187195,0.41020992398262024,0.49456724524497986,,,,0.3297632038593292,36.0,0.685,0.497,0.0,True,"Field inspection: check irrigation, pruning, stress.",1133.2364501953125,938.560791015625,696.5134887695312,2223.2060546875,unreviewed,auto
KOG-EIN_ATEYYE-0068,pansharpened_reflectance_401e6b905b,2026-01-22,pansharpened_reflectance+manual_review,70.0,9.441,0.31547167897224426,0.3036622405052185,0.26080888509750366,0.3987131416797638,0.4731370210647583,,,,0.31547167897224426,33.1,0.7,0.501,0.0,True,"Field inspection: check irrigation, pruning, stress.",1200.039306640625,992.2178344726562,719.0178833007812,2293.47509765625,unreviewed,auto
KOG-EIN_ATEYYE-0069,pansharpened_reflectance_401e6b905b,2026-01-22,pansharpened_reflectance+manual_review,57.25,8.538,0.3092798590660095,0.3065285086631775,0.26215019822120667,0.4038335680961609,0.4638506770133972,,,,0.3092798590660095,31.9,0.651,0.55,0.0,True,"Field inspection: check irrigation, pruning, stress.",1241.117919921875,1008.4104614257812,736.8733520507812,2332.257568359375,unreviewed,auto
KOG-EIN_ATEYYE-0070,pansharpened_reflectance_401e6b905b,2026-01-22,pansharpened_reflectance+manual_review,59.5,8.704,0.3413291871547699,0.32906681299209595,0.2628704309463501,0.43278008699417114,0.5119124054908752,,,,0.3413291871547699,38.3,0.696,0.482,0.0,True,"Field inspection: check irrigation, pruning, stress.",1090.34033203125,877.1092529296875,646.0084228515625,2196.193359375,unreviewed,auto
KOG-EIN_ATEYYE-0071,pansharpened_reflectance_401e6b905b,2026-01-22,pansharpened_reflectance+manual_review,57.25,8.538,0.3356495201587677,0.3283510208129883,0.2643483281135559,0.4325234293937683,0.5033963918685913,,,,0.3356495201587677,41.1,0.709,0.502,0.0,True,"Field inspection: check irrigation, pruning, stress.",1140.882080078125,903.3318481445312,651.1746826171875,2270.69873046875,unreviewed,auto
KOG-EIN_ATEYYE-0072,pansharpened_reflectance_401e6b905b,2026-01-22,pansharpened_reflectance+manual_review,59.5,8.704,0.3354173004627228,0.32718873023986816,0.2648128569126129,0.431656152009964,0.5030482411384583,,,,0.3354173004627228,41.1,0.735,0.454,0.0,True,"Field inspection: check irrigation, pruning, stress.",1145.9874267578125,915.0294189453125,673.6260375976562,2281.794189453125,unreviewed,auto
KOG-EIN_ATEYYE-0073,pansharpened_reflectance_401e6b905b,2026-01-22,pansharpened_reflectance+manual_review,60.5,8.777,0.3192535936832428,0.31252843141555786,0.26328155398368835,0.40974751114845276,0.47880440950393677,,,,0.3192535936832428,37.9,0.708,0.474,0.0,True,"Field inspection: check irrigation, pruning, stress.",1127.5743408203125,916.5826416015625,677.1942138671875,2173.83056640625,unreviewed,auto
KOG-EIN_ATEYYE-0074,pansharpened_reflectance_401e6b905b,2026-01-22,pansharpened_reflectance+manual_review,63.0,8.956,0.3345949649810791,0.32491058111190796,0.2654607892036438,0.4148465692996979,0.501810610294342,,,,0.3345949649810791,40.9,0.706,0.505,0.0,True,"Field inspection: check irrigation, pruning, stress.",1058.3175048828125,881.28173828125,645.84521484375,2121.6826171875,unreviewed,auto
KOG-EIN_ATEYYE-0075,pansharpened_reflectance_401e6b905b,2026-01-22,pansharpened_reflectance+manual_review,53.75,8.273,0.30509722232818604,0.3029881715774536,0.2659534811973572,0.4159238338470459,0.45757201313972473,,,,0.30509722232818604,31.0,0.666,0.479,0.0,True,"Field inspection: check irrigation, pruning, stress.",1105.2744140625,860.8837280273438,637.3070068359375,2073.711669921875,unreviewed,auto
KOG-EIN_ATEYYE-0076,pansharpened_reflectance_401e6b905b,2026-01-22,pansharpened_reflectance+manual_review,64.0,9.027,0.3248410224914551,0.3131457567214966,0.26193439960479736,0.4169505536556244,0.48718589544296265,,,,0.3248410224914551,39.0,0.709,0.497,0.0,True,"Field inspection: check irrigation, pruning, stress.",1144.265625,928.35546875,685.26171875,2236.75390625,unreviewed,auto
KOG-EIN_ATEYYE-0077,pansharpened_reflectance_401e6b905b,2026-01-22,pansharpened_reflectance+manual_review,59.75,8.722,0.31834349036216736,0.3049137592315674,0.25671902298927307,0.41204655170440674,0.4774477779865265,,,,0.31834349036216736,33.7,0.669,0.506,0.0,True,"Field inspection: check irrigation, pruning, stress.",1278.205078125,1032.062744140625,740.7824096679688,2451.188232421875,unreviewed,auto
KOG-EIN_ATEYYE-0078,pansharpened_reflectance_401e6b905b,2026-01-22,pansharpened_reflectance+manual_review,75.75,9.821,0.3285817503929138,0.31901249289512634,0.2645859718322754,0.41733306646347046,0.4927942156791687,,,,0.3285817503929138,35.7,0.626,0.569,0.0,True,"Field inspection: check irrigation, pruning, stress.",1120.719482421875,912.1320190429688,669.4059448242188,2200.38623046875,unreviewed,auto
KOG-EIN_ATEYYE-0079,pansharpened_reflectance_401e6b905b,2026-01-22,pansharpened_reflectance+manual_review,58.75,8.649,0.32875970005989075,0.31789299845695496,0.25808557868003845,0.4470149874687195,0.4930720031261444,,,,0.32875970005989075,35.8,0.687,0.461,0.0,True,"Field inspection: check irrigation, pruning, stress.",1341.9404296875,1025.4681396484375,713.9659423828125,2635.604248046875,unreviewed,auto
KOG-EIN_ATEYYE-0080,pansharpened_reflectance_401e6b905b,2026-01-22,pansharpened_reflectance+manual_review,74.5,9.739,0.3426866829395294,0.3347681760787964,0.26575690507888794,0.43754586577415466,0.5139500498771667,,,,0.3426866829395294,38.5,0.676,0.494,0.0,True,"Field inspection: check irrigation, pruning, stress.",1103.328857421875,881.932861328125,639.8221435546875,2237.2685546875,unreviewed,auto
KOG-EIN_ATEYYE-0081,pansharpened_reflectance_401e6b905b,2026-01-22,pansharpened_reflectance+manual_review,62.0,8.885,0.3327147662639618,0.32351964712142944,0.267312616109848,0.41185614466667175,0.4989944100379944,,,,0.3327147662639618,40.5,0.765,0.431,0.0,True,"Field inspection: check irrigation, pruning, stress.",1112.6531982421875,924.7459716796875,685.0846557617188,2209.35888671875,unreviewed,auto
KOG-EIN_ATEYYE-0082,pansharpened_reflectance_401e6b905b,2026-01-22,pansharpened_reflectance+manual_review,17.0,4.652,0.40009021759033203,0.3938327431678772,0.3652438223361969,0.47119414806365967,0.6000352501869202,,,,0.40009021759033203,50.0,0.59,0.596,0.0,False,Routine monitoring.,919.7825927734375,778.8695678710938,571.6630249023438,2153.0,unreviewed,auto
KOG-EIN_ATEYYE-0083,pansharpened_reflectance_401e6b905b,2026-01-22,pansharpened_reflectance+manual_review,56.75,8.5,0.3374026119709015,0.3217473030090332,0.26324281096458435,0.44334104657173157,0.5060223937034607,,,,0.3374026119709015,37.5,0.668,0.479,0.0,True,"Field inspection: check irrigation, pruning, stress.",1084.98681640625,845.7797241210938,627.295166015625,2174.171875,unreviewed,auto
KOG-EIN_ATEYYE-0084,pansharpened_reflectance_401e6b905b,2026-01-22,pansharpened_reflectance+manual_review,63.75,9.009,0.36467283964157104,0.34688058495521545,0.2665421962738037,0.457660049200058,0.5469232797622681,,,,0.36467283964157104,46.9,0.759,0.473,0.0,False,Routine monitoring.,1058.7960205078125,849.9607543945312,622.7372436523438,2266.7373046875,unreviewed,auto
KOG-EIN_ATEYYE-0085,pansharpened_reflectance_401e6b905b,2026-01-22,pansharpened_reflectance+manual_review,49.5,7.939,0.3378289043903351,0.3372919261455536,0.2673458456993103,0.43839702010154724,0.5066623687744141,,,,0.3378289043903351,41.6,0.825,0.353,0.0,True,"Field inspection: check irrigation, pruning, stress.",1093.7625732421875,862.611083984375,628.4545288085938,2198.767578125,unreviewed,auto
KOG-EIN_ATEYYE-0086,pansharpened_reflectance_401e6b905b,2026-01-22,pansharpened_reflectance+manual_review,57.0,8.519,0.3328465223312378,0.3178331255912781,0.26101115345954895,0.4317408800125122,0.49919021129608154,,,,0.3328465223312378,40.6,0.789,0.415,0.0,True,"Field inspection: check irrigation, pruning, stress.",1086.3333740234375,861.5614013671875,631.7587890625,2163.592041015625,unreviewed,auto
KOG-EIN_ATEYYE-0087,pansharpened_reflectance_401e6b905b,2026-01-22,pansharpened_reflectance+manual_review,68.5,9.339,0.3315485119819641,0.3263274133205414,0.26373815536499023,0.42984554171562195,0.4972454011440277,,,,0.3315485119819641,36.3,0.687,0.512,0.0,True,"Field inspection: check irrigation, pruning, stress.",1127.135009765625,895.8868408203125,656.9124145507812,2229.558349609375,unreviewed,auto
KOG-EIN_ATEYYE-0088,pansharpened_reflectance_401e6b905b,2026-01-22,pansharpened_reflectance+manual_review,69.75,9.424,0.3219466805458069,0.3046266734600067,0.25674253702163696,0.4291388988494873,0.4828489124774933,,,,0.3219466805458069,34.4,0.667,0.526,0.0,True,"Field inspection: check irrigation, pruning, stress.",1231.394287109375,959.5197143554688,696.6774291992188,2376.835205078125,unreviewed,auto
KOG-EIN_ATEYYE-0089,pansharpened_reflectance_401e6b905b,2026-01-22,pansharpened_reflectance+manual_review,62.0,8.885,0.3336063027381897,0.3171738088130951,0.2595808804035187,0.43708088994026184,0.5003349781036377,,,,0.3336063027381897,36.7,0.687,0.46,0.0,True,"Field inspection: check irrigation, pruning, stress.",1200.7298583984375,938.9475708007812,688.5725708007812,2371.322509765625,unreviewed,auto
KOG-EIN_ATEYYE-0090,pansharpened_reflectance_401e6b905b,2026-01-22,pansharpened_reflectance+manual_review,53.5,8.253,0.3204859793186188,0.30765795707702637,0.2586556077003479,0.43112874031066895,0.480658620595932,,,,0.3204859793186188,38.1,0.743,0.451,0.0,True,"Field inspection: check irrigation, pruning, stress.",1227.495361328125,950.8270874023438,700.1962890625,2364.845703125,unreviewed,auto
KOG-EIN_ATEYYE-0091,pansharpened_reflectance_401e6b905b,2026-01-22,pansharpened_reflectance+manual_review,58.75,8.649,0.3236037790775299,0.31288981437683105,0.26010099053382874,0.427100270986557,0.48533228039741516,,,,0.3236037790775299,34.7,0.653,0.489,0.0,True,"Field inspection: check irrigation, pruning, stress.",1202.26806640625,944.9872436523438,687.20849609375,2328.110595703125,unreviewed,auto
KOG-EIN_ATEYYE-0092,pansharpened_reflectance_401e6b905b,2026-01-22,pansharpened_reflectance+manual_review,74.5,9.739,0.3317570388317108,0.322906494140625,0.2698729634284973,0.41572633385658264,0.4975561499595642,,,,0.3317570388317108,36.4,0.662,0.516,0.0,True,"Field inspection: check irrigation, pruning, stress.",1093.2550048828125,901.1006469726562,663.959716796875,2168.76513671875,unreviewed,auto
KOG-EIN_ATEYYE-0093,pansharpened_reflectance_401e6b905b,2026-01-22,pansharpened_reflectance+manual_review,58.5,8.63,0.3373516798019409,0.32223114371299744,0.26020675897598267,0.42730551958084106,0.505951464176178,,,,0.3373516798019409,41.5,0.765,0.4,0.0,True,"Field inspection: check irrigation, pruning, stress.",1150.042724609375,929.08544921875,679.6068115234375,2310.0,unreviewed,auto
KOG-EIN_ATEYYE-0094,pansharpened_reflectance_401e6b905b,2026-01-22,pansharpened_reflectance+manual_review,60.25,8.759,0.30791082978248596,0.30649107694625854,0.2582268714904785,0.3938242197036743,0.4617975950241089,,,,0.30791082978248596,31.6,0.669,0.55,0.0,True,"Field inspection: check irrigation, pruning, stress.",1219.166015625,1004.3568725585938,727.8423461914062,2293.54345703125,unreviewed,auto
KOG-EIN_ATEYYE-0095,pansharpened_reflectance_401e6b905b,2026-01-22,pansharpened_reflectance+manual_review,59.0,8.667,0.3072948157787323,0.29567795991897583,0.2567157745361328,0.3913738429546356,0.46086883544921875,,,,0.3072948157787323,31.5,0.694,0.458,0.0,True,"Field inspection: check irrigation, pruning, stress.",1137.85595703125,939.572021484375,681.6991577148438,2138.279541015625,unreviewed,auto
KOG-EIN_ATEYYE-0096,pansharpened_reflectance_401e6b905b,2026-01-22,pansharpened_reflectance+manual_review,56.5,8.482,0.33217236399650574,0.3238534927368164,0.26499491930007935,0.40997397899627686,0.49818286299705505,,,,0.33217236399650574,40.4,0.739,0.42,0.0,True,"Field inspection: check irrigation, pruning, stress.",1145.1239013671875,957.1858520507812,711.4822998046875,2275.376220703125,unreviewed,auto
KOG-EIN_ATEYYE-0097,pansharpened_reflectance_401e6b905b,2026-01-22,pansharpened_reflectance+manual_review,53.0,8.215,0.3269650340080261,0.3156638741493225,0.25901326537132263,0.4159019887447357,0.4903741478919983,,,,0.3269650340080261,35.4,0.693,0.486,0.0,True,"Field inspection: check irrigation, pruning, stress.",1167.9056396484375,951.5565795898438,682.4197998046875,2300.09912109375,unreviewed,auto
KOG-EIN_ATEYYE-0098,pansharpened_reflectance_401e6b905b,2026-01-22,pansharpened_reflectance+manual_review,49.0,7.899,0.33426931500434875,0.33313196897506714,0.26515305042266846,0.431278258562088,0.5013300776481628,,,,0.33426931500434875,36.9,0.641,0.525,0.0,True,"Field inspection: check irrigation, pruning, stress.",1201.3214111328125,953.30615234375,696.9541015625,2378.198974609375,unreviewed,auto
KOG-EIN_ATEYYE-0099,pansharpened_reflectance_401e6b905b,2026-01-22,pansharpened_reflectance+manual_review,51.25,8.078,0.3046538531780243,0.3008969724178314,0.2588060796260834,0.39799928665161133,0.4569105803966522,,,,0.3046538531780243,34.9,0.754,0.443,0.0,True,"Field inspection: check irrigation, pruning, stress.",1174.229248046875,951.51708984375,696.1219482421875,2192.687744140625,unreviewed,auto
KOG-EIN_ATEYYE-0100,pansharpened_reflectance_401e6b905b,2026-01-22,pansharpened_reflectance+manual_review,59.75,8.722,0.3168034851551056,0.31002330780029297,0.26211729645729065,0.3971812427043915,0.47513023018836975,,,,0.3168034851551056,33.4,0.699,0.48,0.0,True,"Field inspection: check irrigation, pruning, stress.",1132.1129150390625,942.5732421875,678.4727783203125,2170.614990234375,unreviewed,auto
KOG-EIN_ATEYYE-0101,pansharpened_reflectance_401e6b905b,2026-01-22,pansharpened_reflectance+manual_review,56.0,8.444,0.3346300721168518,0.3231833577156067,0.261292040348053,0.4317423403263092,0.5018721222877502,,,,0.3346300721168518,40.9,0.732,0.486,0.0,True,"Field inspection: check irrigation, pruning, stress.",1211.6964111328125,961.3258666992188,700.7053833007812,2400.28564453125,unreviewed,auto
KOG-EIN_ATEYYE-0102,pansharpened_reflectance_401e6b905b,2026-01-22,pansharpened_reflectance+manual_review,60.0,8.74,0.34624210000038147,0.343580424785614,0.2674318552017212,0.4230918288230896,0.5192853808403015,,,,0.34624210000038147,43.2,0.702,0.529,0.0,True,"Field inspection: check irrigation, pruning, stress.",1172.4166259765625,977.745849609375,724.25,2372.033447265625,unreviewed,auto
KOG-EIN_ATEYYE-0103,pansharpened_reflectance_401e6b905b,2026-01-22,pansharpened_reflectance+manual_review,57.0,8.519,0.32228899002075195,0.30914488434791565,0.2626192271709442,0.4326637089252472,0.48335808515548706,,,,0.32228899002075195,38.5,0.75,0.504,0.0,True,"Field inspection: check irrigation, pruning, stress.",1138.131591796875,882.359619140625,653.890380859375,2218.99560546875,unreviewed,auto
KOG-EIN_ATEYYE-0104,pansharpened_reflectance_401e6b905b,2026-01-22,pansharpened_reflectance+manual_review,43.5,7.442,0.3282068073749542,0.33099129796028137,0.26354408264160156,0.404575914144516,0.49223068356513977,,,,0.3282068073749542,35.6,0.669,0.498,0.0,True,"Field inspection: check irrigation, pruning, stress.",1065.936767578125,894.1838989257812,636.0344848632812,2102.856201171875,unreviewed,auto
KOG-EIN_ATEYYE-0105,pansharpened_reflectance_401e6b905b,2026-01-22,pansharpened_reflectance+manual_review,56.0,8.444,0.3310904800891876,0.32146331667900085,0.25958746671676636,0.43695035576820374,0.4965631663799286,,,,0.3310904800891876,36.2,0.62,0.513,0.0,True,"Field inspection: check irrigation, pruning, stress.",1212.3795166015625,944.7589111328125,691.7991333007812,2388.450927734375,unreviewed,auto
KOG-EIN_ATEYYE-0106,pansharpened_reflectance_401e6b905b,2026-01-22,pansharpened_reflectance+manual_review,54.25,8.311,0.32059353590011597,0.3107890486717224,0.25775182247161865,0.4070056974887848,0.48081836104393005,,,,0.32059353590011597,34.1,0.67,0.552,0.0,True,"Field inspection: check irrigation, pruning, stress.",1204.525390625,991.4331665039062,714.5621948242188,2331.33642578125,unreviewed,auto
KOG-EIN_ATEYYE-0107,pansharpened_reflectance_401e6b905b,2026-01-22,pansharpened_reflectance+manual_review,39.0,7.047,0.3256344795227051,0.32213860750198364,0.263158917427063,0.41035956144332886,0.4883788526058197,,,,0.3256344795227051,39.1,0.812,0.375,0.0,True,"Field inspection: check irrigation, pruning, stress.",1181.8077392578125,968.05126953125,689.6666870117188,2306.19873046875,unreviewed,auto
KOG-EIN_ATEYYE-0108,pansharpened_reflectance_401e6b905b,2026-01-22,pansharpened_reflectance+manual_review,43.5,7.442,0.33532974123954773,0.32436323165893555,0.2669330835342407,0.4415392279624939,0.5029205083847046,,,,0.33532974123954773,41.1,0.731,0.431,0.0,True,"Field inspection: check irrigation, pruning, stress.",1170.07470703125,909.1896362304688,656.5402221679688,2340.8505859375,unreviewed,auto
KOG-EIN_ATEYYE-0109,pansharpened_reflectance_401e6b905b,2026-01-22,pansharpened_reflectance+manual_review,48.5,7.858,0.32548052072525024,0.3165056109428406,0.26071345806121826,0.4421203136444092,0.4881472885608673,,,,0.32548052072525024,35.1,0.674,0.473,0.0,True,"Field inspection: check irrigation, pruning, stress.",1178.7886962890625,898.7422485351562,659.726806640625,2300.123779296875,unreviewed,auto
KOG-EIN_ATEYYE-0110,pansharpened_reflectance_401e6b905b,2026-01-22,pansharpened_reflectance+manual_review,45.75,7.632,0.30527642369270325,0.29556116461753845,0.2556312680244446,0.40674087405204773,0.4578488767147064,,,,0.30527642369270325,35.1,0.726,0.439,0.0,True,"Field inspection: check irrigation, pruning, stress.",1281.9344482421875,1015.7486572265625,736.1475219726562,2390.956298828125,unreviewed,auto
KOG-EIN_ATEYYE-0111,pansharpened_reflectance_401e6b905b,2026-01-22,pansharpened_reflectance+manual_review,49.0,7.899,0.303432434797287,0.2953859567642212,0.2566356658935547,0.4052900969982147,0.45508068799972534,,,,0.303432434797287,34.7,0.721,0.435,0.0,True,"Field inspection: check irrigation, pruning, stress.",1248.846923828125,988.0153198242188,726.8775634765625,2316.05615234375,unreviewed,auto
KOG-EIN_ATEYYE-0112,pansharpened_reflectance_401e6b905b,2026-01-22,pansharpened_reflectance+manual_review,46.5,7.695,0.29683488607406616,0.29431870579719543,0.25747495889663696,0.4085121154785156,0.44519010186195374,,,,0.29683488607406616,33.4,0.775,0.429,0.0,True,"Field inspection: check irrigation, pruning, stress.",1337.1075439453125,1042.1773681640625,760.9569702148438,2450.95703125,unreviewed,auto
KOG-EIN_ATEYYE-0113,pansharpened_reflectance_401e6b905b,2026-01-22,pansharpened_reflectance+manual_review,45.0,7.569,0.3201042711734772,0.3086337447166443,0.2605118751525879,0.43547627329826355,0.48007911443710327,,,,0.3201042711734772,38.0,0.706,0.448,0.0,True,"Field inspection: check irrigation, pruning, stress.",1106.183349609375,846.2000122070312,621.1166381835938,2135.416748046875,unreviewed,auto
KOG-EIN_ATEYYE-0114,pansharpened_reflectance_401e6b905b,2026-01-22,pansharpened_reflectance+manual_review,44.0,7.485,0.33240002393722534,0.32540884613990784,0.26355481147766113,0.43991219997406006,0.49851903319358826,,,,0.33240002393722534,40.5,0.786,0.386,0.0,True,"Field inspection: check irrigation, pruning, stress.",1093.4659423828125,852.4033813476562,611.2158813476562,2169.23291015625,unreviewed,auto
KOG-EIN_ATEYYE-0115,pansharpened_reflectance_401e6b905b,2026-01-22,pansharpened_reflectance+manual_review,46.5,7.695,0.3231754004955292,0.31221508979797363,0.25814327597618103,0.43646785616874695,0.48468321561813354,,,,0.3231754004955292,38.6,0.782,0.429,0.0,True,"Field inspection: check irrigation, pruning, stress.",1074.04296875,826.268798828125,616.3870849609375,2086.5107421875,unreviewed,auto
KOG-EIN_ATEYYE-0116,pansharpened_reflectance_401e6b905b,2026-01-22,pansharpened_reflectance+manual_review,49.0,7.899,0.3241010308265686,0.3163090944290161,0.2615303099155426,0.415070503950119,0.48607727885246277,,,,0.3241010308265686,34.8,0.681,0.497,0.0,True,"Field inspection: check irrigation, pruning, stress.",1144.494873046875,927.7908325195312,680.505126953125,2227.5205078125,unreviewed,auto
KOG-EIN_ATEYYE-0117,pansharpened_reflectance_401e6b905b,2026-01-22,pansharpened_reflectance+manual_review,48.5,7.858,0.3117879629135132,0.3063008785247803,0.2575766146183014,0.402431458234787,0.4676107168197632,,,,0.3117879629135132,36.4,0.719,0.473,0.0,True,"Field inspection: check irrigation, pruning, stress.",1197.726806640625,968.4484252929688,699.1288452148438,2260.93310546875,unreviewed,auto
KOG-EIN_ATEYYE-0118,pansharpened_reflectance_401e6b905b,2026-01-22,pansharpened_reflectance+manual_review,39.5,7.092,0.3193817734718323,0.3174741566181183,0.26569226384162903,0.4169326424598694,0.47900065779685974,,,,0.3193817734718323,37.9,0.705,0.448,0.0,True,"Field inspection: check irrigation, pruning, stress.",1170.069580078125,933.4683837890625,680.2152099609375,2260.3291015625,unreviewed,auto
KOG-EIN_ATEYYE-0119,pansharpened_reflectance_401e6b905b,2026-01-22,pansharpened_reflectance+manual_review,53.25,8.234,0.33449921011924744,0.3136560320854187,0.26052191853523254,0.43620264530181885,0.5016675591468811,,,,0.33449921011924744,40.9,0.71,0.484,0.0,True,"Field inspection: check irrigation, pruning, stress.",1079.267578125,851.164306640625,615.1455688476562,2165.516357421875,unreviewed,auto
KOG-EIN_ATEYYE-0120,pansharpened_reflectance_401e6b905b,2026-01-22,pansharpened_reflectance+manual_review,36.25,6.794,0.29749640822410583,0.2937992215156555,0.26031693816185,0.4025671184062958,0.4461821913719177,,,,0.29749640822410583,29.5,0.69,0.494,0.0,True,"Field inspection: check irrigation, pruning, stress.",1341.7724609375,1056.1309814453125,757.9379272460938,2455.806884765625,unreviewed,auto
KOG-EIN_ATEYYE-0121,pansharpened_reflectance_401e6b905b,2026-01-22,pansharpened_reflectance+manual_review,44.5,7.527,0.3041081726551056,0.29822874069213867,0.25296756625175476,0.3964463174343109,0.45609256625175476,,,,0.3041081726551056,30.8,0.659,0.516,0.0,True,"Field inspection: check irrigation, pruning, stress.",1171.927001953125,951.3033447265625,703.7247314453125,2195.061767578125,unreviewed,auto
KOG-EIN_ATEYYE-0122,pansharpened_reflectance_401e6b905b,2026-01-22,pansharpened_reflectance+manual_review,46.75,7.715,0.3111288845539093,0.3032223880290985,0.2632594704627991,0.3985196650028229,0.466615229845047,,,,0.3111288845539093,32.2,0.688,0.492,0.0,True,"Field inspection: check irrigation, pruning, stress.",1067.8074951171875,873.5079956054688,641.7486572265625,2032.4813232421875,unreviewed,auto
KOG-EIN_ATEYYE-0123,pansharpened_reflectance_401e6b905b,2026-01-22,pansharpened_reflectance+manual_review,58.5,8.63,0.29647403955459595,0.28489357233047485,0.2586961090564728,0.41118133068084717,0.44464972615242004,,,,0.29647403955459595,29.3,0.56,0.62,0.0,True,"Field inspection: check irrigation, pruning, stress.",1345.0726318359375,1030.7735595703125,749.440185546875,2461.354736328125,unreviewed,auto
KOG-EIN_ATEYYE-0124,pansharpened_reflectance_401e6b905b,2026-01-22,pansharpened_reflectance+manual_review,35.75,6.747,0.331509530544281,0.3248704671859741,0.2619197368621826,0.4467189908027649,0.49718767404556274,,,,0.331509530544281,40.3,0.786,0.384,0.0,True,"Field inspection: check irrigation, pruning, stress.",1144.58740234375,874.9370727539062,636.8251953125,2268.1328125,unreviewed,auto
KOG-EIN_ATEYYE-0125,pansharpened_reflectance_401e6b905b,2026-01-22,pansharpened_reflectance+manual_review,44.5,7.527,0.3228105306625366,0.3163110613822937,0.26502203941345215,0.4361693263053894,0.4841373860836029,,,,0.3228105306625366,34.6,0.659,0.486,0.0,True,"Field inspection: check irrigation, pruning, stress.",1089.955078125,844.3539428710938,623.7640380859375,2128.76416015625,unreviewed,auto
KOG-EIN_ATEYYE-0126,pansharpened_reflectance_401e6b905b,2026-01-22,pansharpened_reflectance+manual_review,37.75,6.933,0.3223364055156708,0.3149828016757965,0.25798526406288147,0.43879127502441406,0.4834370017051697,,,,0.3223364055156708,38.5,0.77,0.395,0.0,True,"Field inspection: check irrigation, pruning, stress.",1273.2979736328125,972.4834594726562,697.7152099609375,2472.026611328125,unreviewed,auto
KOG-EIN_ATEYYE-0127,pansharpened_reflectance_401e6b905b,2026-01-22,pansharpened_reflectance+manual_review,41.75,7.291,0.30205273628234863,0.2954990267753601,0.2541109025478363,0.4012090265750885,0.4530079662799835,,,,0.30205273628234863,30.4,0.619,0.546,0.0,True,"Field inspection: check irrigation, pruning, stress.",1194.34130859375,959.6766357421875,682.2454833984375,2218.419189453125,unreviewed,auto
KOG-EIN_ATEYYE-0128,pansharpened_reflectance_401e6b905b,2026-01-22,pansharpened_reflectance+manual_review,40.25,7.159,0.30445241928100586,0.2998477816581726,0.26257723569869995,0.40025168657302856,0.4566098749637604,,,,0.30445241928100586,30.9,0.671,0.474,0.0,True,"Field inspection: check irrigation, pruning, stress.",1193.73291015625,960.1863403320312,678.0496826171875,2232.192626953125,unreviewed,auto
KOG-EIN_ATEYYE-0129,pansharpened_reflectance_401e6b905b,2026-01-22,pansharpened_reflectance+manual_review,40.5,7.181,0.29192131757736206,0.2860899567604065,0.2551172077655792,0.39480727910995483,0.43781542778015137,,,,0.29192131757736206,32.4,0.771,0.435,0.0,True,"Field inspection: check irrigation, pruning, stress.",1190.475341796875,945.0925903320312,687.7345581054688,2170.956787109375,unreviewed,auto
KOG-EIN_ATEYYE-0130,pansharpened_reflectance_401e6b905b,2026-01-22,pansharpened_reflectance+manual_review,48.75,7.878,0.3137657344341278,0.30369678139686584,0.25468993186950684,0.4082571864128113,0.47057607769966125,,,,0.3137657344341278,32.8,0.677,0.527,0.0,True,"Field inspection: check irrigation, pruning, stress.",1179.6051025390625,952.046142578125,695.3384399414062,2235.512939453125,unreviewed,auto
KOG-EIN_ATEYYE-0131,pansharpened_reflectance_401e6b905b,2026-01-22,pansharpened_reflectance+manual_review,40.0,7.136,0.31256699562072754,0.3075530230998993,0.2615314722061157,0.3897990584373474,0.4687822461128235,,,,0.31256699562072754,36.5,0.711,0.441,0.0,True,"Field inspection: check irrigation, pruning, stress.",1228.6500244140625,1028.206298828125,744.28125,2333.65625,unreviewed,auto
KOG-EIN_ATEYYE-0132,pansharpened_reflectance_401e6b905b,2026-01-22,pansharpened_reflectance+manual_review,49.75,7.959,0.2993101477622986,0.293149471282959,0.2561309337615967,0.39917460083961487,0.4488975405693054,,,,0.2993101477622986,29.9,0.565,0.609,0.0,True,"Field inspection: check irrigation, pruning, stress.",1229.91455078125,987.2412109375,703.6431884765625,2270.115478515625,unreviewed,auto
KOG-EIN_ATEYYE-0133,pansharpened_reflectance_401e6b905b,2026-01-22,pansharpened_reflectance+manual_review,37.25,6.887,0.31363752484321594,0.30885380506515503,0.25923123955726624,0.4328099191188812,0.4703810513019562,,,,0.31363752484321594,36.7,0.716,0.443,0.0,True,"Field inspection: check irrigation, pruning, stress.",1133.4564208984375,862.8993530273438,635.6241455078125,2162.912841796875,unreviewed,auto
KOG-EIN_ATEYYE-0134,pansharpened_reflectance_401e6b905b,2026-01-22,pansharpened_reflectance+manual_review,37.0,6.864,0.31644976139068604,0.30913686752319336,0.2617737948894501,0.40874576568603516,0.4746032953262329,,,,0.31644976139068604,37.3,0.712,0.483,0.0,True,"Field inspection: check irrigation, pruning, stress.",1229.898681640625,995.1013793945312,701.4865112304688,2348.358154296875,unreviewed,auto
KOG-EIN_ATEYYE-0135,pansharpened_reflectance_401e6b905b,2026-01-22,pansharpened_reflectance+manual_review,37.25,6.887,0.3136043846607208,0.31106656789779663,0.2579438090324402,0.425531804561615,0.4703366160392761,,,,0.3136043846607208,36.7,0.764,0.403,0.0,True,"Field inspection: check irrigation, pruning, stress.",1207.093994140625,934.5234985351562,672.5503540039062,2300.44970703125,unreviewed,auto
KOG-EIN_ATEYYE-0136,pansharpened_reflectance_401e6b905b,2026-01-22,pansharpened_reflectance+manual_review,45.5,7.611,0.3183608055114746,0.3123735785484314,0.262826532125473,0.4336422085762024,0.47746503353118896,,,,0.3183608055114746,37.7,0.722,0.475,0.0,True,"Field inspection: check irrigation, pruning, stress.",1131.9285888671875,865.4066162109375,619.52197265625,2174.879150390625,unreviewed,auto
KOG-EIN_ATEYYE-0137,pansharpened_reflectance_401e6b905b,2026-01-22,pansharpened_reflectance+manual_review,22.5,5.352,0.33145973086357117,0.31694871187210083,0.2652708888053894,0.4367230236530304,0.49710965156555176,,,,0.33145973086357117,40.3,0.75,0.416,0.0,True,"Field inspection: check irrigation, pruning, stress.",1088.0111083984375,855.1333618164062,609.2333374023438,2163.566650390625,unreviewed,auto
KOG-EIN_ATEYYE-0138,pansharpened_reflectance_401e6b905b,2026-01-22,pansharpened_reflectance+manual_review,24.5,5.585,0.32310405373573303,0.30843380093574524,0.25971823930740356,0.4217647314071655,0.4845889210700989,,,,0.32310405373573303,34.6,0.636,0.507,0.0,True,"Field inspection: check irrigation, pruning, stress.",1328.255126953125,1053.653076171875,770.7346801757812,2548.275390625,unreviewed,auto
KOG-EIN_ATEYYE-0139,pansharpened_reflectance_401e6b905b,2026-01-22,pansharpened_reflectance+manual_review,38.0,6.956,0.3169329762458801,0.30633002519607544,0.26216834783554077,0.4233216643333435,0.47533395886421204,,,,0.3169329762458801,37.4,0.779,0.432,0.0,True,"Field inspection: check irrigation, pruning, stress.",1342.381591796875,1043.98681640625,760.9078979492188,2559.559326171875,unreviewed,auto
KOG-EIN_ATEYYE-0140,pansharpened_reflectance_401e6b905b,2026-01-22,pansharpened_reflectance+manual_review,29.5,6.129,0.28633567690849304,0.2848694324493408,0.25858959555625916,0.4143015742301941,0.42943981289863586,,,,0.28633567690849304,31.3,0.825,0.356,0.0,True,"Field inspection: check irrigation, pruning, stress.",1249.271240234375,937.3983154296875,665.8983154296875,2246.745849609375,unreviewed,auto
KOG-EIN_ATEYYE-0141,pansharpened_reflectance_401e6b905b,2026-01-22,pansharpened_reflectance+manual_review,34.5,6.628,0.2992140054702759,0.2970959544181824,0.2580854296684265,0.4087769389152527,0.4487563967704773,,,,0.2992140054702759,33.8,0.758,0.405,0.0,True,"Field inspection: check irrigation, pruning, stress.",1257.384033203125,977.384033203125,707.8043212890625,2317.85498046875,unreviewed,auto
KOG-EIN_ATEYYE-0142,pansharpened_reflectance_401e6b905b,2026-01-22,pansharpened_reflectance+manual_review,39.25,7.069,0.3099763095378876,0.3044067919254303,0.2603411376476288,0.4272344410419464,0.46489477157592773,,,,0.3099763095378876,36.0,0.701,0.452,0.0,True,"Field inspection: check irrigation, pruning, stress.",1193.9873046875,912.4649658203125,649.9745483398438,2258.675048828125,unreviewed,auto
KOG-EIN_ATEYYE-0143,pansharpened_reflectance_401e6b905b,2026-01-22,pansharpened_reflectance+manual_review,37.75,6.933,0.31063616275787354,0.30293941497802734,0.25836944580078125,0.39719367027282715,0.46588897705078125,,,,0.31063616275787354,36.1,0.719,0.436,0.0,True,"Field inspection: check irrigation, pruning, stress.",1322.83447265625,1084.0595703125,779.7681884765625,2486.251708984375,unreviewed,auto
KOG-EIN_ATEYYE-0144,pansharpened_reflectance_401e6b905b,2026-01-22,pansharpened_reflectance+manual_review,38.0,6.956,0.3121652901172638,0.30280572175979614,0.26050347089767456,0.41519418358802795,0.4681742787361145,,,,0.3121652901172638,32.4,0.688,0.469,0.0,True,"Field inspection: check irrigation, pruning, stress.",1157.3026123046875,915.875,655.76318359375,2197.967041015625,unreviewed,auto
KOG-EIN_ATEYYE-0145,pansharpened_reflectance_401e6b905b,2026-01-22,pansharpened_reflectance+manual_review,25.5,5.698,0.29693591594696045,0.2961636781692505,0.2555243670940399,0.4191296398639679,0.445333868265152,,,,0.29693591594696045,33.4,0.773,0.394,0.0,True,"Field inspection: check irrigation, pruning, stress.",1175.8922119140625,893.7843017578125,637.7156982421875,2165.843017578125,unreviewed,auto
KOG-EIN_ATEYYE-0146,pansharpened_reflectance_401e6b905b,2026-01-22,pansharpened_reflectance+manual_review,38.75,7.024,0.3008940517902374,0.300108939409256,0.25946614146232605,0.4021383225917816,0.45127031207084656,,,,0.3008940517902374,34.2,0.701,0.493,0.0,True,"Field inspection: check irrigation, pruning, stress.",1145.51611328125,908.42578125,656.348388671875,2123.774169921875,unreviewed,auto
KOG-EIN_ATEYYE-0147,pansharpened_reflectance_401e6b905b,2026-01-22,pansharpened_reflectance+manual_review,32.0,6.383,0.2942790985107422,0.2873222231864929,0.2547132968902588,0.3990035057067871,0.4413509666919708,,,,0.2942790985107422,28.9,0.615,0.553,0.0,True,"Field inspection: check irrigation, pruning, stress.",1205.2109375,951.734375,682.4921875,2202.0546875,unreviewed,auto
KOG-EIN_ATEYYE-0148,pansharpened_reflectance_401e6b905b,2026-01-22,pansharpened_reflectance+manual_review,31.75,6.358,0.32069215178489685,0.3215206265449524,0.2596137821674347,0.40868833661079407,0.48097193241119385,,,,0.32069215178489685,38.1,0.825,0.41,0.0,True,"Field inspection: check irrigation, pruning, stress.",1346.1259765625,1098.661376953125,809.9606323242188,2593.44873046875,unreviewed,auto
KOG-EIN_ATEYYE-0149,pansharpened_reflectance_401e6b905b,2026-01-22,pansharpened_reflectance+manual_review,29.5,6.129,0.2951422333717346,0.2905668616294861,0.25941547751426697,0.41843512654304504,0.44264739751815796,,,,0.2951422333717346,29.0,0.602,0.527,0.0,True,"Field inspection: check irrigation, pruning, stress.",1241.347412109375,942.2118530273438,684.9321899414062,2278.533935546875,unreviewed,auto
KOG-EIN_ATEYYE-0150,pansharpened_reflectance_401e6b905b,2026-01-22,pansharpened_reflectance+manual_review,10.0,3.568,0.3087040185928345,0.3143942356109619,0.27030786871910095,0.42197513580322266,0.46297159790992737,,,,0.3087040185928345,31.7,0.667,0.612,0.0,True,"Field inspection: check irrigation, pruning, stress.",972.4000244140625,753.5499877929688,515.0499877929688,1839.0999755859375,unreviewed,auto
KOG-EIN_ATEYYE-0151,pansharpened_reflectance_401e6b905b,2026-01-22,pansharpened_reflectance+manual_review,17.5,4.72,0.3066898286342621,0.3056790232658386,0.2593774199485779,0.40004658699035645,0.4599650800228119,,,,0.3066898286342621,31.3,0.673,0.501,0.0,True,"Field inspection: check irrigation, pruning, stress.",1196.44287109375,964.1286010742188,675.6428833007812,2235.085693359375,unreviewed,auto
KOG-EIN_ATEYYE-0152,pansharpened_reflectance_401e6b905b,2026-01-22,pansharpened_reflectance+manual_review,26.25,5.781,0.2972368896007538,0.2995169162750244,0.2600964307785034,0.4038143754005432,0.44578662514686584,,,,0.2972368896007538,29.4,0.682,0.472,0.0,True,"Field inspection: check irrigation, pruning, stress.",1244.8095703125,984.9619140625,689.3713989257812,2282.838134765625,unreviewed,auto
KOG-EIN_ATEYYE-0153,pansharpened_reflectance_401e6b905b,2026-01-22,pansharpened_reflectance+manual_review,30.5,6.232,0.27599936723709106,0.27267152070999146,0.25480470061302185,0.4061434268951416,0.4139327108860016,,,,0.27599936723709106,25.2,0.626,0.544,0.0,True,"Field inspection: check irrigation, pruning, stress.",1153.8360595703125,863.0491943359375,640.2048950195312,2032.868896484375,unreviewed,auto
KOG-EIN_ATEYYE-0154,pansharpened_reflectance_401e6b905b,2026-01-22,pansharpened_reflectance+manual_review,23.25,5.441,0.29619330167770386,0.29001882672309875,0.25676995515823364,0.42331400513648987,0.44422921538352966,,,,0.29619330167770386,33.2,0.715,0.493,0.0,True,"Field inspection: check irrigation, pruning, stress.",1367.8172607421875,1025.774169921875,723.9892578125,2508.9033203125,unreviewed,auto
KOG-EIN_ATEYYE-0155,pansharpened_reflectance_401e6b905b,2026-01-22,pansharpened_reflectance+manual_review,21.0,5.171,0.2778213918209076,0.2754269242286682,0.25347864627838135,0.39778628945350647,0.41667771339416504,,,,0.2778213918209076,29.6,0.764,0.402,0.0,True,"Field inspection: check irrigation, pruning, stress.",1500.607177734375,1160.90478515625,829.702392578125,2639.09521484375,unreviewed,auto
KOG-EIN_ATEYYE-0156,pansharpened_reflectance_401e6b905b,2026-01-22,pansharpened_reflectance+manual_review,27.0,5.863,0.29161688685417175,0.28665661811828613,0.256265252828598,0.3951928913593292,0.43735823035240173,,,,0.29161688685417175,28.3,0.692,0.498,0.0,True,"Field inspection: check irrigation, pruning, stress.",1195.2314453125,948.629638671875,696.7777709960938,2170.129638671875,unreviewed,auto
KOG-EIN_ATEYYE-0157,pansharpened_reflectance_401e6b905b,2026-01-22,pansharpened_reflectance+manual_review,18.5,4.853,0.30245092511177063,0.3013530969619751,0.26241952180862427,0.3971657454967499,0.45360827445983887,,,,0.30245092511177063,34.5,0.822,0.356,0.0,True,"Field inspection: check irrigation, pruning, stress.",1278.54052734375,1035.04052734375,744.1216430664062,2366.5810546875,unreviewed,auto
KOG-EIN_ATEYYE-0158,pansharpened_reflectance_401e6b905b,2026-01-22,pansharpened_reflectance+manual_review,17.5,4.72,0.2839173376560211,0.28011569380760193,0.2585579454898834,0.42165789008140564,0.42581990361213684,,,,0.2839173376560211,26.8,0.7,0.45,0.0,True,"Field inspection: check irrigation, pruning, stress.",1414.2427978515625,1038.5999755859375,733.4571533203125,2527.300048828125,unreviewed,auto
KOG-EIN_ATEYYE-0159,pansharpened_reflectance_401e6b905b,2026-01-22,pansharpened_reflectance+manual_review,20.0,5.046,0.27576708793640137,0.2748127281665802,0.2553373873233795,0.4020928740501404,0.41358405351638794,,,,0.27576708793640137,25.2,0.661,0.481,0.0,True,"Field inspection: check irrigation, pruning, stress.",1144.5374755859375,860.9000244140625,625.7374877929688,2015.2874755859375,unreviewed,auto
KOG-EIN_ATEYYE-0160,pansharpened_reflectance_401e6b905b,2026-01-22,pansharpened_reflectance+manual_review,15.25,4.406,0.27541396021842957,0.27604007720947266,0.25599801540374756,0.4098374843597412,0.4130571484565735,,,,0.27541396021842957,29.1,0.847,0.337,0.0,True,"Field inspection: check irrigation, pruning, stress.",1193.2294921875,880.0164184570312,642.6229248046875,2098.08203125,unreviewed,auto
KOG-EIN_ATEYYE-0161,pansharpened_reflectance_401e6b905b,2026-01-22,pansharpened_reflectance+manual_review,14.0,4.222,0.2729143798351288,0.27264195680618286,0.2577788829803467,0.3984312117099762,0.4093063473701477,,,,0.2729143798351288,24.6,0.7,0.457,0.0,True,"Field inspection: check irrigation, pruning, stress.",1174.767822265625,886.4285888671875,622.5892944335938,2053.357177734375,unreviewed,auto
KOG-EIN_ATEYYE-0162,pansharpened_reflectance_401e6b905b,2026-01-22,pansharpened_reflectance+manual_review,13.0,4.068,0.28515228629112244,0.2852780222892761,0.25612643361091614,0.40085652470588684,0.4276633858680725,,,,0.28515228629112244,31.0,0.722,0.435,0.0,True,"Field inspection: check irrigation, pruning, stress.",1231.5577392578125,951.7884521484375,664.75,2204.615478515625,unreviewed,auto
KOG-EIN_ATEYYE-0163,pansharpened_reflectance_401e6b905b,2026-01-22,pansharpened_reflectance+manual_review,15.0,4.37,0.2764447331428528,0.2728293538093567,0.25306111574172974,0.39715197682380676,0.41460397839546204,,,,0.2764447331428528,29.3,0.75,0.418,0.0,True,"Field inspection: check irrigation, pruning, stress.",1263.86669921875,970.7000122070312,675.4166870117188,2216.75,unreviewed,auto
KOG-EIN_ATEYYE-0164,pansharpened_reflectance_401e6b905b,2026-01-22,pansharpened_reflectance+manual_review,16.25,4.549,0.30151331424713135,0.2950924038887024,0.25856831669807434,0.41234177350997925,0.4522099196910858,,,,0.30151331424713135,30.3,0.591,0.537,0.0,True,"Field inspection: check irrigation, pruning, stress.",1379.800048828125,1080.769287109375,765.7846069335938,2572.39990234375,unreviewed,auto
KOG-EIN_ATEYYE-0165,pansharpened_reflectance_401e6b905b,2026-01-22,pansharpened_reflectance+manual_review,7.0,2.985,0.2856925129890442,0.28401556611061096,0.2611270248889923,0.42097899317741394,0.42847326397895813,,,,0.2856925129890442,27.1,0.667,0.479,0.0,True,"Field inspection: check irrigation, pruning, stress.",1191.5357666015625,880.8214111328125,586.5714111328125,2147.96435546875,unreviewed,auto
KOG-EIN_ATEYYE-0167,pansharpened_reflectance_401e6b905b,2026-01-22,pansharpened_reflectance+manual_review,7.75,3.141,0.263674795627594,0.26300492882728577,0.2518481910228729,0.4031726121902466,0.39545154571533203,,,,0.263674795627594,26.7,0.738,0.424,0.0,True,"Field inspection: check irrigation, pruning, stress.",1250.51611328125,920.0645141601562,620.8709716796875,2138.258056640625,unreviewed,auto
KOG-EIN_ATEYYE-0168,pansharpened_reflectance_401e6b905b,2026-01-22,pansharpened_reflectance+manual_review,10.5,3.656,0.29095056653022766,0.2852279841899872,0.2552470862865448,0.4290147125720978,0.4363650679588318,,,,0.29095056653022766,28.2,0.467,0.634,0.0,True,"Field inspection: check irrigation, pruning, stress.",1351.1904296875,990.047607421875,732.3571166992188,2445.880859375,unreviewed,auto
KOG-EIN_ATEYYE-0169,pansharpened_reflectance_401e6b905b,2026-01-22,pansharpened_reflectance+manual_review,8.5,3.29,0.26606857776641846,0.2638397812843323,0.25321897864341736,0.4010121524333954,0.39904364943504333,,,,0.26606857776641846,23.2,0.694,0.455,0.0,True,"Field inspection: check irrigation, pruning, stress.",1249.88232421875,922.7352905273438,640.7352905273438,2154.441162109375,unreviewed,auto
KOG-EIN_ATEYYE-0170,pansharpened_reflectance_401e6b905b,2026-01-22,pansharpened_reflectance+manual_review,7.25,3.038,0.2669709622859955,0.2662304937839508,0.2552263140678406,0.4254979193210602,0.40038731694221497,,,,0.2669709622859955,23.4,0.69,0.461,0.0,True,"Field inspection: check irrigation, pruning, stress.",1103.27587890625,773.7586059570312,471.3793029785156,1904.0,unreviewed,auto
KOG-EIN_ATEYYE-0171,pansharpened_reflectance_401e6b905b,2026-01-22,pansharpened_reflectance+manual_review,7.0,2.985,0.26615938544273376,0.26655709743499756,0.2546769380569458,0.40263301134109497,0.39917945861816406,,,,0.26615938544273376,23.2,0.7,0.479,0.0,True,"Field inspection: check irrigation, pruning, stress.",1281.6785888671875,954.3928833007812,623.3928833007812,2209.071533203125,unreviewed,auto
KOG-EIN_ATEYYE-0172,pansharpened_reflectance_401e6b905b,2026-01-22,pansharpened_reflectance+manual_review,5.75,2.706,0.2646386921405792,0.26364627480506897,0.25499221682548523,0.3918876647949219,0.3968956172466278,,,,0.2646386921405792,26.9,0.767,0.403,0.0,True,"Field inspection: check irrigation, pruning, stress.",1214.8260498046875,920.8261108398438,602.521728515625,2085.347900390625,unreviewed,auto
KOG-EIN_ATEYYE-0173,pansharpened_reflectance_401e6b905b,2026-01-22,pansharpened_reflectance+manual_review,5.75,2.706,0.2654282748699188,0.2650119960308075,0.25206679105758667,0.38146668672561646,0.3980749845504761,,,,0.2654282748699188,27.1,0.767,0.403,0.0,True,"Field inspection: check irrigation, pruning, stress.",1126.521728515625,872.4347534179688,537.3912963867188,1934.608642578125,unreviewed,auto
KOG-EIN_ATEYYE-0174,pansharpened_reflectance_401e6b905b,2026-01-22,pansharpened_reflectance+manual_review,5.0,2.523,0.2573501169681549,0.25762104988098145,0.25107571482658386,0.39458248019218445,0.3859594464302063,,,,0.2573501169681549,21.5,0.667,0.481,0.0,True,"Field inspection: check irrigation, pruning, stress.",1109.699951171875,817.4500122070312,554.4000244140625,1877.550048828125,unreviewed,auto
KOG-EIN_ATEYYE-0175,pansharpened_reflectance_401e6b905b,2026-01-22,pansharpened_reflectance+manual_review,3.5,2.111,0.2778598368167877,0.2729019820690155,0.25283071398735046,0.37516263127326965,0.41669604182243347,,,,0.2778598368167877,29.6,0.778,0.457,0.0,True,"Field inspection: check irrigation, pruning, stress.",852.7142944335938,696.0,432.78570556640625,1507.642822265625,unreviewed,auto
KOG-EIN_ATEYYE-0176,pansharpened_reflectance_401e6b905b,2026-01-22,pansharpened_reflectance+manual_review,3.0,1.954,0.2840461730957031,0.2852933406829834,0.25682809948921204,0.4019395709037781,0.3905111849308014,,,,0.2840461730957031,26.8,0.6,0.535,0.0,True,"Field inspection: check irrigation, pruning, stress.",1250.4166259765625,955.3333129882812,694.1666870117188,2232.083251953125,unreviewed,auto
KOG-EIN_ATEYYE-0178,pansharpened_reflectance_401e6b905b,2026-01-22,pansharpened_reflectance+manual_review,2.75,1.871,0.2632424533367157,0.26186075806617737,0.25122910737991333,0.41223156452178955,0.3948071300983429,,,,0.2632424533367157,22.6,0.44,0.654,0.0,True,"Field inspection: check irrigation, pruning, stress.",1310.0909423828125,938.6363525390625,622.6363525390625,2243.54541015625,unreviewed,auto
KOG-THOELIEB-0003,pansharpened_reflectance_401e6b905b,2026-01-22,pansharpened_reflectance+manual_review,196.25,15.807,0.4548180103302002,0.43707093596458435,0.28105628490448,0.5100091099739075,0.6816045641899109,,,,0.4548180103302002,61.0,0.606,0.584,0.0,False,Routine monitoring.,934.9273681640625,804.2076416015625,605.6458740234375,2458.43701171875,unreviewed,auto
KOG-THOELIEB-0004,pansharpened_reflectance_401e6b905b,2026-01-22,pansharpened_reflectance+manual_review,157.25,14.15,0.44837161898612976,0.4305588901042938,0.283260703086853,0.5061678290367126,0.6705749034881592,,,,0.44837161898612976,59.7,0.529,0.608,0.0,False,Routine monitoring.,1017.6947631835938,877.6104736328125,638.400634765625,2688.327392578125,unreviewed,auto
KOG-THOELIEB-0005,pansharpened_reflectance_401e6b905b,2026-01-22,pansharpened_reflectance+manual_review,227.0,17.001,0.3277880847454071,0.3160300552845001,0.268244206905365,0.4159810543060303,0.4915943145751953,,,,0.3277880847454071,35.6,0.585,0.623,0.0,True,"Field inspection: check irrigation, pruning, stress.",993.5858764648438,809.9746704101562,615.3292846679688,1952.9967041015625,unreviewed,auto
KOG-THOELIEB-0006,pansharpened_reflectance_401e6b905b,2026-01-22,pansharpened_reflectance+manual_review,119.25,12.322,0.3184175193309784,0.310149610042572,0.2627413868904114,0.4240688383579254,0.4775507152080536,,,,0.3184175193309784,37.7,0.71,0.539,0.0,True,"Field inspection: check irrigation, pruning, stress.",1142.2515869140625,890.9371337890625,662.1697998046875,2191.817626953125,unreviewed,auto
KOG-THOELIEB-0007,pansharpened_reflectance_401e6b905b,2026-01-22,pansharpened_reflectance+manual_review,85.25,10.418,0.4857380986213684,0.4927953779697418,0.29034942388534546,0.5403606295585632,0.7255160808563232,,,,0.4857380986213684,67.1,0.487,0.633,0.0,False,Routine monitoring.,847.1495361328125,728.774169921875,529.5366821289062,2417.45458984375,unreviewed,auto
KOG-THOELIEB-0008,pansharpened_reflectance_401e6b905b,2026-01-22,pansharpened_reflectance+manual_review,64.5,9.062,0.42572110891342163,0.39752197265625,0.2704503834247589,0.5106886029243469,0.6374790668487549,,,,0.42572110891342163,55.1,0.662,0.541,0.0,False,Routine monitoring.,1284.472900390625,1025.9921875,739.782958984375,3141.670654296875,unreviewed,auto
KOG-THOELIEB-0009,pansharpened_reflectance_401e6b905b,2026-01-22,pansharpened_reflectance+manual_review,114.0,12.048,0.3209596574306488,0.31181591749191284,0.25921106338500977,0.4136410057544708,0.4813480079174042,,,,0.3209596574306488,34.2,0.626,0.559,0.0,True,"Field inspection: check irrigation, pruning, stress.",913.9364013671875,738.868408203125,572.9342041015625,1777.0986328125,unreviewed,auto
KOG-THOELIEB-0010,pansharpened_reflectance_401e6b905b,2026-01-22,pansharpened_reflectance+manual_review,77.5,9.934,0.34200340509414673,0.3328958749771118,0.26849883794784546,0.4305468201637268,0.5129085183143616,,,,0.34200340509414673,42.4,0.793,0.473,0.0,True,"Field inspection: check irrigation, pruning, stress.",909.7000122070312,740.1096801757812,578.5322875976562,1848.5838623046875,unreviewed,auto
KOG-THOELIEB-0011,pansharpened_reflectance_401e6b905b,2026-01-22,pansharpened_reflectance+manual_review,82.5,10.249,0.35086295008659363,0.3456827402114868,0.2674483060836792,0.42494744062423706,0.5261997580528259,,,,0.35086295008659363,44.2,0.786,0.465,0.0,True,"Field inspection: check irrigation, pruning, stress.",939.0757446289062,790.9818115234375,600.32421875,1951.7818603515625,unreviewed,auto
KOG-THOELIEB-0012,pansharpened_reflectance_401e6b905b,2026-01-22,pansharpened_reflectance+manual_review,88.75,10.63,0.34606775641441345,0.33192211389541626,0.2607908546924591,0.41931766271591187,0.519006073474884,,,,0.34606775641441345,39.2,0.643,0.516,0.0,True,"Field inspection: check irrigation, pruning, stress.",913.5887451171875,766.371826171875,588.6112670898438,1881.1492919921875,unreviewed,auto
KOG-THOELIEB-0013,pansharpened_reflectance_401e6b905b,2026-01-22,pansharpened_reflectance+manual_review,70.25,9.458,0.33124881982803345,0.32608696818351746,0.25817814469337463,0.42526260018348694,0.4967864155769348,,,,0.33124881982803345,40.2,0.704,0.5,0.0,True,"Field inspection: check irrigation, pruning, stress.",1001.86474609375,805.1209716796875,625.76513671875,1986.327392578125,unreviewed,auto
KOG-THOELIEB-0014,pansharpened_reflectance_401e6b905b,2026-01-22,pansharpened_reflectance+manual_review,59.0,8.667,0.4144154191017151,0.4141942262649536,0.2815834879875183,0.4797530174255371,0.6215047240257263,,,,0.4144154191017151,52.9,0.615,0.537,0.0,False,Routine monitoring.,917.7118530273438,767.5508422851562,565.9025268554688,2136.30078125,unreviewed,auto
KOG-THOELIEB-0015,pansharpened_reflectance_401e6b905b,2026-01-22,pansharpened_reflectance+manual_review,78.75,10.013,0.3317229151725769,0.3137466311454773,0.26576003432273865,0.426556259393692,0.49750036001205444,,,,0.3317229151725769,40.3,0.729,0.511,0.0,True,"Field inspection: check irrigation, pruning, stress.",1040.2794189453125,836.7841186523438,631.9111328125,2072.18408203125,unreviewed,auto
KOG-THOELIEB-0016,pansharpened_reflectance_401e6b905b,2026-01-22,pansharpened_reflectance+manual_review,76.75,9.885,0.34237655997276306,0.3335403800010681,0.26612573862075806,0.41989025473594666,0.5134716629981995,,,,0.34237655997276306,38.5,0.698,0.524,0.0,True,"Field inspection: check irrigation, pruning, stress.",935.1367797851562,781.8436279296875,588.5341796875,1911.687255859375,unreviewed,auto
KOG-THOELIEB-0017,pansharpened_reflectance_401e6b905b,2026-01-22,pansharpened_reflectance+manual_review,66.75,9.219,0.3285336196422577,0.32845112681388855,0.2634466886520386,0.4087586998939514,0.4927157759666443,,,,0.3285336196422577,39.7,0.714,0.476,0.0,True,"Field inspection: check irrigation, pruning, stress.",1022.2471923828125,850.1797485351562,633.7715454101562,2012.69287109375,unreviewed,auto
KOG-THOELIEB-0018,pansharpened_reflectance_401e6b905b,2026-01-22,pansharpened_reflectance+manual_review,51.25,8.078,0.5184322595596313,0.5570906400680542,0.31058526039123535,0.5414712429046631,0.7769056558609009,,,,0.5184322595596313,73.7,0.621,0.554,0.0,False,Routine monitoring.,722.0927124023438,676.234130859375,497.2780456542969,2288.0146484375,unreviewed,auto
KOG-THOELIEB-0021,pansharpened_reflectance_401e6b905b,2026-01-22,pansharpened_reflectance+manual_review,78.0,9.966,0.35082510113716125,0.3387221097946167,0.2598046064376831,0.4286934435367584,0.5261464715003967,,,,0.35082510113716125,44.2,0.734,0.444,0.0,True,"Field inspection: check irrigation, pruning, stress.",971.1121826171875,806.4326782226562,605.7916870117188,2027.8109130859375,unreviewed,auto
KOG-THOELIEB-0022,pansharpened_reflectance_401e6b905b,2026-01-22,pansharpened_reflectance+manual_review,63.75,9.009,0.3102344572544098,0.29974424839019775,0.25909367203712463,0.41165634989738464,0.46527668833732605,,,,0.3102344572544098,36.0,0.789,0.382,0.0,True,"Field inspection: check irrigation, pruning, stress.",1116.63916015625,884.7568359375,657.0156860351562,2118.564697265625,unreviewed,auto
KOG-THOELIEB-0023,pansharpened_reflectance_401e6b905b,2026-01-22,pansharpened_reflectance+manual_review,62.5,8.921,0.3243028521537781,0.3234803080558777,0.2651342749595642,0.42563143372535706,0.48638206720352173,,,,0.3243028521537781,34.9,0.541,0.629,0.0,True,"Field inspection: check irrigation, pruning, stress.",1192.0439453125,938.2160034179688,691.947998046875,2316.360107421875,unreviewed,auto
KOG-THOELIEB-0024,pansharpened_reflectance_401e6b905b,2026-01-22,pansharpened_reflectance+manual_review,60.75,8.795,0.33377978205680847,0.3287414014339447,0.26645538210868835,0.4193667769432068,0.5005770921707153,,,,0.33377978205680847,40.8,0.794,0.377,0.0,True,"Field inspection: check irrigation, pruning, stress.",924.345703125,757.74072265625,595.1563720703125,1858.4774169921875,unreviewed,auto
KOG-THOELIEB-0025,pansharpened_reflectance_401e6b905b,2026-01-22,pansharpened_reflectance+manual_review,54.5,8.33,0.2947925329208374,0.29466021060943604,0.2574298679828644,0.4072417616844177,0.4421134293079376,,,,0.2947925329208374,33.0,0.754,0.472,0.0,True,"Field inspection: check irrigation, pruning, stress.",1074.9266357421875,838.3991088867188,633.7660522460938,1971.802734375,unreviewed,auto
KOG-THOELIEB-0026,pansharpened_reflectance_401e6b905b,2026-01-22,pansharpened_reflectance+manual_review,58.5,8.63,0.3194909393787384,0.31043514609336853,0.25801897048950195,0.429438054561615,0.4791630804538727,,,,0.3194909393787384,37.9,0.722,0.433,0.0,True,"Field inspection: check irrigation, pruning, stress.",1173.888916015625,908.8674926757812,660.8974609375,2252.064208984375,unreviewed,auto
KOG-THOELIEB-0027,pansharpened_reflectance_401e6b905b,2026-01-22,pansharpened_reflectance+manual_review,67.0,9.236,0.33629104495048523,0.32495588064193726,0.26507338881492615,0.42846572399139404,0.5043427348136902,,,,0.33629104495048523,41.3,0.744,0.417,0.0,True,"Field inspection: check irrigation, pruning, stress.",916.1604614257812,738.6380615234375,564.2686767578125,1850.41796875,unreviewed,auto
KOG-THOELIEB-0028,pansharpened_reflectance_401e6b905b,2026-01-22,pansharpened_reflectance+manual_review,54.0,8.292,0.3425354063510895,0.340408056974411,0.2654595971107483,0.4085935950279236,0.5137053728103638,,,,0.3425354063510895,42.5,0.758,0.446,0.0,True,"Field inspection: check irrigation, pruning, stress.",880.0416870117188,755.5555419921875,573.8286743164062,1804.9398193359375,unreviewed,auto
KOG-THOELIEB-0029,pansharpened_reflectance_401e6b905b,2026-01-22,pansharpened_reflectance+manual_review,67.0,9.236,0.3309362530708313,0.31866127252578735,0.25882241129875183,0.4141879379749298,0.4963141977787018,,,,0.3309362530708313,36.2,0.672,0.474,0.0,True,"Field inspection: check irrigation, pruning, stress.",938.0709228515625,774.3209228515625,576.0895385742188,1874.7462158203125,unreviewed,auto
KOG-THOELIEB-0030,pansharpened_reflectance_401e6b905b,2026-01-22,pansharpened_reflectance+manual_review,49.5,7.939,0.3448025584220886,0.35128548741340637,0.27065059542655945,0.43278464674949646,0.5171141028404236,,,,0.3448025584220886,43.0,0.884,0.309,0.0,True,"Field inspection: check irrigation, pruning, stress.",996.8333129882812,812.5100708007812,597.1818237304688,2032.5706787109375,unreviewed,auto
KOG-THOELIEB-0031,pansharpened_reflectance_401e6b905b,2026-01-22,pansharpened_reflectance+manual_review,98.5,11.199,0.3342834711074829,0.3194509744644165,0.2618057429790497,0.41810810565948486,0.5013380646705627,,,,0.3342834711074829,36.9,0.566,0.559,0.0,True,"Field inspection: check irrigation, pruning, stress.",1000.2385864257812,823.0812377929688,617.9213256835938,1996.403564453125,unreviewed,auto
KOG-THOELIEB-0032,pansharpened_reflectance_401e6b905b,2026-01-22,pansharpened_reflectance+manual_review,69.0,9.373,0.32616832852363586,0.3119204640388489,0.2627832889556885,0.4345054626464844,0.4891699552536011,,,,0.32616832852363586,35.2,0.66,0.572,0.0,True,"Field inspection: check irrigation, pruning, stress.",1049.525390625,818.090576171875,620.271728515625,2057.79345703125,unreviewed,auto
KOG-THOELIEB-0033,pansharpened_reflectance_401e6b905b,2026-01-22,pansharpened_reflectance+manual_review,55.0,8.368,0.3404827415943146,0.33708667755126953,0.2657354474067688,0.42515817284584045,0.5106405019760132,,,,0.3404827415943146,38.1,0.688,0.467,0.0,True,"Field inspection: check irrigation, pruning, stress.",1058.213623046875,861.6818237304688,650.9954833984375,2126.800048828125,unreviewed,auto
KOG-THOELIEB-0034,pansharpened_reflectance_401e6b905b,2026-01-22,pansharpened_reflectance+manual_review,55.25,8.387,0.3355313241481781,0.32886436581611633,0.2659446597099304,0.4096831679344177,0.5032011866569519,,,,0.3355313241481781,41.1,0.765,0.399,0.0,True,"Field inspection: check irrigation, pruning, stress.",885.8280639648438,744.4389038085938,569.79638671875,1782.941162109375,unreviewed,auto
KOG-THOELIEB-0035,pansharpened_reflectance_401e6b905b,2026-01-22,pansharpened_reflectance+manual_review,70.0,9.441,0.32641273736953735,0.3124408721923828,0.260357528924942,0.42303183674812317,0.4895383417606354,,,,0.32641273736953735,35.3,0.659,0.546,0.0,True,"Field inspection: check irrigation, pruning, stress.",1089.146484375,867.3857421875,648.1607055664062,2124.310791015625,unreviewed,auto
KOG-THOELIEB-0036,pansharpened_reflectance_401e6b905b,2026-01-22,pansharpened_reflectance+manual_review,77.0,9.901,0.3516659438610077,0.3449019193649292,0.2671751379966736,0.43628019094467163,0.527411937713623,,,,0.3516659438610077,44.3,0.755,0.424,0.0,True,"Field inspection: check irrigation, pruning, stress.",1020.087646484375,836.7760009765625,614.4642944335938,2132.243408203125,unreviewed,auto
KOG-THOELIEB-0037,pansharpened_reflectance_401e6b905b,2026-01-22,pansharpened_reflectance+manual_review,53.25,8.234,0.33887872099876404,0.33303001523017883,0.2659803032875061,0.43321728706359863,0.5082254409790039,,,,0.33887872099876404,41.8,0.783,0.386,0.0,True,"Field inspection: check irrigation, pruning, stress.",945.3803100585938,763.018798828125,583.4319458007812,1921.591552734375,unreviewed,auto
KOG-THOELIEB-0038,pansharpened_reflectance_401e6b905b,2026-01-22,pansharpened_reflectance+manual_review,74.5,9.739,0.3456324636936188,0.3299068212509155,0.27229586243629456,0.4298304617404938,0.5183507800102234,,,,0.3456324636936188,39.1,0.682,0.469,0.0,True,"Field inspection: check irrigation, pruning, stress.",888.9966430664062,733.9362182617188,552.0872192382812,1832.6107177734375,unreviewed,auto
KOG-THOELIEB-0039,pansharpened_reflectance_401e6b905b,2026-01-22,pansharpened_reflectance+manual_review,70.0,9.441,0.29916128516197205,0.2899199426174164,0.25514963269233704,0.40573930740356445,0.4486676752567291,,,,0.29916128516197205,29.8,0.641,0.584,0.0,True,"Field inspection: check irrigation, pruning, stress.",1103.3714599609375,865.7000122070312,647.4500122070312,2037.2607421875,unreviewed,auto
KOG-THOELIEB-0040,pansharpened_reflectance_401e6b905b,2026-01-22,pansharpened_reflectance+manual_review,63.25,8.974,0.3239257335662842,0.3147132098674774,0.2613116204738617,0.4201984703540802,0.48580288887023926,,,,0.3239257335662842,34.8,0.669,0.549,0.0,True,"Field inspection: check irrigation, pruning, stress.",1024.3477783203125,821.0988159179688,620.4071044921875,1991.5810546875,unreviewed,auto
KOG-THOELIEB-0041,pansharpened_reflectance_401e6b905b,2026-01-22,pansharpened_reflectance+manual_review,60.0,8.74,0.2953453063964844,0.2900606691837311,0.25603535771369934,0.4086157977581024,0.4429541826248169,,,,0.2953453063964844,33.1,0.702,0.449,0.0,True,"Field inspection: check irrigation, pruning, stress.",1289.699951171875,994.9749755859375,732.0833129882812,2355.0458984375,unreviewed,auto
KOG-THOELIEB-0042,pansharpened_reflectance_401e6b905b,2026-01-22,pansharpened_reflectance+manual_review,76.75,9.885,0.30857574939727783,0.30318471789360046,0.2615385949611664,0.4182867109775543,0.46278804540634155,,,,0.30857574939727783,31.7,0.556,0.581,0.0,True,"Field inspection: check irrigation, pruning, stress.",1107.3973388671875,862.9478759765625,633.5635375976562,2086.687255859375,unreviewed,auto
KOG-THOELIEB-0043,pansharpened_reflectance_401e6b905b,2026-01-22,pansharpened_reflectance+manual_review,65.0,9.097,0.312284916639328,0.3016495704650879,0.25922515988349915,0.3987385034561157,0.4683438241481781,,,,0.312284916639328,32.5,0.637,0.514,0.0,True,"Field inspection: check irrigation, pruning, stress.",986.5615234375,809.076904296875,614.0692138671875,1881.6346435546875,unreviewed,auto
KOG-THOELIEB-0044,pansharpened_reflectance_401e6b905b,2026-01-22,pansharpened_reflectance+manual_review,37.5,6.91,0.31037965416908264,0.31043583154678345,0.26732805371284485,0.3981916308403015,0.46548014879226685,,,,0.31037965416908264,36.1,0.802,0.44,0.0,True,"Field inspection: check irrigation, pruning, stress.",924.9066772460938,761.086669921875,567.5599975585938,1751.3599853515625,unreviewed,auto
KOG-THOELIEB-0045,pansharpened_reflectance_401e6b905b,2026-01-22,pansharpened_reflectance+manual_review,48.0,7.818,0.31604984402656555,0.3070734739303589,0.26127010583877563,0.40939846634864807,0.4739856719970703,,,,0.31604984402656555,37.2,0.753,0.411,0.0,True,"Field inspection: check irrigation, pruning, stress.",940.8489379882812,759.328125,579.671875,1808.7083740234375,unreviewed,auto
KOG-THOELIEB-0046,pansharpened_reflectance_401e6b905b,2026-01-22,pansharpened_reflectance+manual_review,61.25,8.831,0.3218905031681061,0.3093133866786957,0.2655767798423767,0.41172945499420166,0.4827426075935364,,,,0.3218905031681061,34.4,0.696,0.467,0.0,True,"Field inspection: check irrigation, pruning, stress.",908.2000122070312,743.3959350585938,560.3020629882812,1778.4530029296875,unreviewed,auto
KOG-THOELIEB-0047,pansharpened_reflectance_401e6b905b,2026-01-22,pansharpened_reflectance+manual_review,61.0,8.813,0.3329676389694214,0.32554978132247925,0.26361316442489624,0.43093958497047424,0.4993623197078705,,,,0.3329676389694214,40.6,0.755,0.409,0.0,True,"Field inspection: check irrigation, pruning, stress.",955.442626953125,760.86474609375,575.8606567382812,1913.8975830078125,unreviewed,auto
KOG-THOELIEB-0048,pansharpened_reflectance_401e6b905b,2026-01-22,pansharpened_reflectance+manual_review,55.0,8.368,0.3280578851699829,0.32156938314437866,0.2587887644767761,0.4243007004261017,0.4919969141483307,,,,0.3280578851699829,35.6,0.643,0.495,0.0,True,"Field inspection: check irrigation, pruning, stress.",948.1318359375,761.5499877929688,581.7318115234375,1878.2181396484375,unreviewed,auto
KOG-THOELIEB-0049,pansharpened_reflectance_401e6b905b,2026-01-22,pansharpened_reflectance+manual_review,60.25,8.759,0.3196447193622589,0.30716463923454285,0.260010689496994,0.40916427969932556,0.47938525676727295,,,,0.3196447193622589,33.9,0.675,0.502,0.0,True,"Field inspection: check irrigation, pruning, stress.",1057.5311279296875,861.4605712890625,656.3941650390625,2039.5560302734375,unreviewed,auto
KOG-THOELIEB-0050,pansharpened_reflectance_401e6b905b,2026-01-22,pansharpened_reflectance+manual_review,50.25,7.999,0.3317874073982239,0.3296089470386505,0.2610595226287842,0.41719070076942444,0.49758997559547424,,,,0.3317874073982239,36.4,0.628,0.513,0.0,True,"Field inspection: check irrigation, pruning, stress.",936.55224609375,770.0149536132812,572.407958984375,1867.989990234375,unreviewed,auto
KOG-THOELIEB-0051,pansharpened_reflectance_401e6b905b,2026-01-22,pansharpened_reflectance+manual_review,59.75,8.722,0.3135652542114258,0.3080684542655945,0.2601623237133026,0.4220171272754669,0.47027528285980225,,,,0.3135652542114258,32.7,0.662,0.48,0.0,True,"Field inspection: check irrigation, pruning, stress.",1177.5439453125,914.912109375,678.4769897460938,2231.40576171875,unreviewed,auto
KOG-THOELIEB-0052,pansharpened_reflectance_401e6b905b,2026-01-22,pansharpened_reflectance+manual_review,53.75,8.273,0.3267660140991211,0.312466561794281,0.25697779655456543,0.4267509877681732,0.49006909132003784,,,,0.3267660140991211,39.4,0.703,0.479,0.0,True,"Field inspection: check irrigation, pruning, stress.",1087.6744384765625,866.0744018554688,644.6046752929688,2135.3349609375,unreviewed,auto
KOG-THOELIEB-0053,pansharpened_reflectance_401e6b905b,2026-01-22,pansharpened_reflectance+manual_review,56.0,8.444,0.3185696601867676,0.3129787743091583,0.26092517375946045,0.40575021505355835,0.47776132822036743,,,,0.3185696601867676,33.7,0.691,0.457,0.0,True,"Field inspection: check irrigation, pruning, stress.",895.1830444335938,735.8705444335938,558.0580444335938,1731.34375,unreviewed,auto
KOG-THOELIEB-0054,pansharpened_reflectance_401e6b905b,2026-01-22,pansharpened_reflectance+manual_review,60.5,8.777,0.32905325293540955,0.32630622386932373,0.2668515741825104,0.4282189905643463,0.4934934377670288,,,,0.32905325293540955,39.8,0.747,0.445,0.0,True,"Field inspection: check irrigation, pruning, stress.",995.8471069335938,791.4091186523438,599.5826416015625,1966.4586181640625,unreviewed,auto
KOG-THOELIEB-0055,pansharpened_reflectance_401e6b905b,2026-01-22,pansharpened_reflectance+manual_review,41.0,7.225,0.2902345359325409,0.286765456199646,0.24898956716060638,0.3892403542995453,0.43527254462242126,,,,0.2902345359325409,32.0,0.742,0.464,0.0,True,"Field inspection: check irrigation, pruning, stress.",1008.76220703125,811.6341552734375,630.1280517578125,1826.1524658203125,unreviewed,auto
KOG-THOELIEB-0056,pansharpened_reflectance_401e6b905b,2026-01-22,pansharpened_reflectance+manual_review,57.0,8.519,0.30768322944641113,0.3088509440422058,0.2575301229953766,0.3986527919769287,0.4614437222480774,,,,0.30768322944641113,35.5,0.706,0.504,0.0,True,"Field inspection: check irrigation, pruning, stress.",1022.4780883789062,828.390380859375,632.9429931640625,1922.6929931640625,unreviewed,auto
KOG-THOELIEB-0057,pansharpened_reflectance_401e6b905b,2026-01-22,pansharpened_reflectance+manual_review,51.25,8.078,0.3059068024158478,0.29950669407844543,0.25809425115585327,0.41533851623535156,0.45878586173057556,,,,0.3059068024158478,35.2,0.709,0.443,0.0,True,"Field inspection: check irrigation, pruning, stress.",1114.219482421875,863.8829345703125,648.1024169921875,2084.668212890625,unreviewed,auto
KOG-THOELIEB-0058,pansharpened_reflectance_401e6b905b,2026-01-22,pansharpened_reflectance+manual_review,58.75,8.649,0.3128087818622589,0.3052302896976471,0.2595021426677704,0.40723174810409546,0.46913325786590576,,,,0.3128087818622589,32.6,0.687,0.461,0.0,True,"Field inspection: check irrigation, pruning, stress.",1035.9276123046875,834.9744873046875,631.0723266601562,1973.2723388671875,unreviewed,auto
KOG-THOELIEB-0059,pansharpened_reflectance_401e6b905b,2026-01-22,pansharpened_reflectance+manual_review,47.75,7.797,0.31031763553619385,0.30483973026275635,0.25895875692367554,0.4030441343784332,0.4653881788253784,,,,0.31031763553619385,32.1,0.624,0.51,0.0,True,"Field inspection: check irrigation, pruning, stress.",938.481689453125,761.2041625976562,572.0680541992188,1784.6544189453125,unreviewed,auto
KOG-THOELIEB-0060,pansharpened_reflectance_401e6b905b,2026-01-22,pansharpened_reflectance+manual_review,48.0,7.818,0.3221761882305145,0.3151935338973999,0.26366567611694336,0.410072922706604,0.4831758737564087,,,,0.3221761882305145,38.4,0.8,0.411,0.0,True,"Field inspection: check irrigation, pruning, stress.",958.6666870117188,785.1666870117188,592.0520629882812,1869.4114990234375,unreviewed,auto
KOG-THOELIEB-0061,pansharpened_reflectance_401e6b905b,2026-01-22,pansharpened_reflectance+manual_review,38.75,7.024,0.33007779717445374,0.32468584179878235,0.2638205587863922,0.42678120732307434,0.4950332045555115,,,,0.33007779717445374,40.0,0.745,0.493,0.0,True,"Field inspection: check irrigation, pruning, stress.",1025.1741943359375,819.9354858398438,618.5548095703125,2032.9613037109375,unreviewed,auto
KOG-THOELIEB-0062,pansharpened_reflectance_401e6b905b,2026-01-22,pansharpened_reflectance+manual_review,64.0,9.027,0.30429041385650635,0.30023741722106934,0.2599366307258606,0.4103470742702484,0.45636510848999023,,,,0.30429041385650635,30.9,0.618,0.522,0.0,True,"Field inspection: check irrigation, pruning, stress.",1176.00390625,921.85546875,695.6875,2190.9140625,unreviewed,auto
KOG-THOELIEB-0063,pansharpened_reflectance_401e6b905b,2026-01-22,pansharpened_reflectance+manual_review,60.0,8.74,0.40371939539909363,0.40654632449150085,0.27619147300720215,0.46983152627944946,0.6054821610450745,,,,0.40371939539909363,50.7,0.625,0.529,0.0,False,Routine monitoring.,963.816650390625,812.9833374023438,603.2374877929688,2246.887451171875,unreviewed,auto
KOG-THOELIEB-0064,pansharpened_reflectance_401e6b905b,2026-01-22,pansharpened_reflectance+manual_review,69.75,9.424,0.300720751285553,0.2931596040725708,0.2563205063343048,0.40713346004486084,0.4509972333908081,,,,0.300720751285553,30.1,0.634,0.567,0.0,True,"Field inspection: check irrigation, pruning, stress.",962.0716552734375,757.741943359375,576.7132568359375,1791.2974853515625,unreviewed,auto
KOG-THOELIEB-0065,pansharpened_reflectance_401e6b905b,2026-01-22,pansharpened_reflectance+manual_review,48.0,7.818,0.31687942147254944,0.3067188262939453,0.2600247263908386,0.4151679575443268,0.47523173689842224,,,,0.31687942147254944,37.4,0.706,0.446,0.0,True,"Field inspection: check irrigation, pruning, stress.",960.640625,767.15625,587.3229370117188,1858.6614990234375,unreviewed,auto
KOG-THOELIEB-0066,pansharpened_reflectance_401e6b905b,2026-01-22,pansharpened_reflectance+manual_review,47.75,7.797,0.32293200492858887,0.3173076808452606,0.267223984003067,0.4197336435317993,0.4843142032623291,,,,0.32293200492858887,34.6,0.628,0.537,0.0,True,"Field inspection: check irrigation, pruning, stress.",1021.4083862304688,815.4450073242188,603.3088989257812,1982.9110107421875,unreviewed,auto
KOG-THOELIEB-0067,pansharpened_reflectance_401e6b905b,2026-01-22,pansharpened_reflectance+manual_review,38.5,7.001,0.3217156231403351,0.32023894786834717,0.2620318531990051,0.41751283407211304,0.48248419165611267,,,,0.3217156231403351,38.3,0.74,0.425,0.0,True,"Field inspection: check irrigation, pruning, stress.",944.9091186523438,759.0844116210938,578.3441772460938,1843.4935302734375,unreviewed,auto
KOG-THOELIEB-0068,pansharpened_reflectance_401e6b905b,2026-01-22,pansharpened_reflectance+manual_review,51.75,8.117,0.3014639914035797,0.2949260175228119,0.25458505749702454,0.4089592397212982,0.45212218165397644,,,,0.3014639914035797,30.3,0.676,0.469,0.0,True,"Field inspection: check irrigation, pruning, stress.",1127.4879150390625,879.50244140625,661.8067626953125,2088.03857421875,unreviewed,auto
KOG-THOELIEB-0069,pansharpened_reflectance_401e6b905b,2026-01-22,pansharpened_reflectance+manual_review,44.25,7.506,0.3034241199493408,0.30431729555130005,0.2563621997833252,0.41210898756980896,0.45506614446640015,,,,0.3034241199493408,34.7,0.702,0.457,0.0,True,"Field inspection: check irrigation, pruning, stress.",1191.0281982421875,929.322021484375,674.3389892578125,2208.6611328125,unreviewed,auto
KOG-THOELIEB-0070,pansharpened_reflectance_401e6b905b,2026-01-22,pansharpened_reflectance+manual_review,49.25,7.919,0.30594688653945923,0.29849973320961,0.26161500811576843,0.40968120098114014,0.4588473439216614,,,,0.30594688653945923,35.2,0.73,0.495,0.0,True,"Field inspection: check irrigation, pruning, stress.",1146.2283935546875,904.2893676757812,694.29443359375,2148.136962890625,unreviewed,auto
KOG-THOELIEB-0071,pansharpened_reflectance_401e6b905b,2026-01-22,pansharpened_reflectance+manual_review,61.0,8.813,0.3312452435493469,0.3227074444293976,0.26707708835601807,0.42700251936912537,0.4967854619026184,,,,0.3312452435493469,40.2,0.713,0.469,0.0,True,"Field inspection: check irrigation, pruning, stress.",1067.2008056640625,851.1475219726562,641.0286865234375,2104.483642578125,unreviewed,auto
KOG-THOELIEB-0072,pansharpened_reflectance_401e6b905b,2026-01-22,pansharpened_reflectance+manual_review,45.25,7.59,0.3192104995250702,0.31475526094436646,0.25861063599586487,0.426034539937973,0.4787377715110779,,,,0.3192104995250702,37.8,0.754,0.408,0.0,True,"Field inspection: check irrigation, pruning, stress.",1092.745849609375,853.7348022460938,614.640869140625,2100.198974609375,unreviewed,auto
KOG-THOELIEB-0073,pansharpened_reflectance_401e6b905b,2026-01-22,pansharpened_reflectance+manual_review,42.0,7.313,0.33260366320610046,0.32464340329170227,0.2641819715499878,0.4146769344806671,0.49881890416145325,,,,0.33260366320610046,40.5,0.75,0.414,0.0,True,"Field inspection: check irrigation, pruning, stress.",979.8095092773438,808.3690185546875,601.7738037109375,1953.982177734375,unreviewed,auto
KOG-THOELIEB-0074,pansharpened_reflectance_401e6b905b,2026-01-22,pansharpened_reflectance+manual_review,34.0,6.58,0.29438480734825134,0.28934502601623535,0.2540903091430664,0.3899814486503601,0.4414924383163452,,,,0.29438480734825134,32.9,0.773,0.414,0.0,True,"Field inspection: check irrigation, pruning, stress.",937.5294189453125,756.6544189453125,564.4485473632812,1718.8896484375,unreviewed,auto
KOG-THOELIEB-0075,pansharpened_reflectance_401e6b905b,2026-01-22,pansharpened_reflectance+manual_review,48.75,7.878,0.3108825981616974,0.30300000309944153,0.2586076855659485,0.39601048827171326,0.4662376642227173,,,,0.3108825981616974,32.2,0.677,0.527,0.0,True,"Field inspection: check irrigation, pruning, stress.",957.3795166015625,787.097412109375,602.3128051757812,1815.5025634765625,unreviewed,auto
KOG-THOELIEB-0076,pansharpened_reflectance_401e6b905b,2026-01-22,pansharpened_reflectance+manual_review,33.75,6.555,0.3180646002292633,0.3141123056411743,0.2605154514312744,0.40519198775291443,0.4770156443119049,,,,0.3180646002292633,37.6,0.818,0.373,0.0,True,"Field inspection: check irrigation, pruning, stress.",1037.82958984375,846.1333618164062,627.0888671875,1993.8370361328125,unreviewed,auto
KOG-THOELIEB-0077,pansharpened_reflectance_401e6b905b,2026-01-22,pansharpened_reflectance+manual_review,41.5,7.269,0.30536115169525146,0.3074485957622528,0.260270893573761,0.39558860659599304,0.45795515179634094,,,,0.30536115169525146,31.1,0.692,0.491,0.0,True,"Field inspection: check irrigation, pruning, stress.",959.3734741210938,780.90966796875,569.8192749023438,1797.367431640625,unreviewed,auto
KOG-THOELIEB-0078,pansharpened_reflectance_401e6b905b,2026-01-22,pansharpened_reflectance+manual_review,50.0,7.979,0.31750059127807617,0.3066328763961792,0.2631073296070099,0.41409552097320557,0.4761626422405243,,,,0.31750059127807617,37.5,0.784,0.386,0.0,True,"Field inspection: check irrigation, pruning, stress.",954.1849975585938,766.72998046875,574.885009765625,1839.5799560546875,unreviewed,auto
KOG-THOELIEB-0079,pansharpened_reflectance_401e6b905b,2026-01-22,pansharpened_reflectance+manual_review,40.75,7.203,0.31730756163597107,0.3184410631656647,0.2684861123561859,0.42661088705062866,0.4758826792240143,,,,0.31730756163597107,37.5,0.728,0.467,0.0,True,"Field inspection: check irrigation, pruning, stress.",1082.7484130859375,846.7055053710938,624.4356079101562,2091.975341796875,unreviewed,auto
KOG-THOELIEB-0080,pansharpened_reflectance_401e6b905b,2026-01-22,pansharpened_reflectance+manual_review,18.25,4.82,0.3432978093624115,0.3500208556652069,0.2672339379787445,0.45193585753440857,0.514833390712738,,,,0.3432978093624115,42.7,0.869,0.427,0.0,True,"Field inspection: check irrigation, pruning, stress.",804.3287963867188,622.8493041992188,456.0548095703125,1623.4794921875,unreviewed,auto
KOG-THOELIEB-0081,pansharpened_reflectance_401e6b905b,2026-01-22,pansharpened_reflectance+manual_review,44.0,7.485,0.311097115278244,0.302620530128479,0.255696564912796,0.4128612279891968,0.46656477451324463,,,,0.311097115278244,32.2,0.69,0.46,0.0,True,"Field inspection: check irrigation, pruning, stress.",1021.6193237304688,811.039794921875,629.1079711914062,1943.8692626953125,unreviewed,auto
KOG-THOELIEB-0082,pansharpened_reflectance_401e6b905b,2026-01-22,pansharpened_reflectance+manual_review,48.0,7.818,0.2981237769126892,0.29019680619239807,0.25503695011138916,0.40350690484046936,0.44711318612098694,,,,0.2981237769126892,33.6,0.753,0.478,0.0,True,"Field inspection: check irrigation, pruning, stress.",1142.7291259765625,897.9479370117188,675.953125,2102.458251953125,unreviewed,auto
KOG-THOELIEB-0083,pansharpened_reflectance_401e6b905b,2026-01-22,pansharpened_reflectance+manual_review,44.25,7.506,0.3174569308757782,0.31105202436447144,0.2617138624191284,0.39744943380355835,0.4760987460613251,,,,0.3174569308757782,33.5,0.651,0.489,0.0,True,"Field inspection: check irrigation, pruning, stress.",958.2146606445312,797.440673828125,602.0565185546875,1845.4632568359375,unreviewed,auto
KOG-THOELIEB-0084,pansharpened_reflectance_401e6b905b,2026-01-22,pansharpened_reflectance+manual_review,52.75,8.195,0.3051120936870575,0.2953091561794281,0.25432899594306946,0.4064781665802002,0.4575866758823395,,,,0.3051120936870575,31.0,0.621,0.541,0.0,True,"Field inspection: check irrigation, pruning, stress.",1013.6682739257812,805.04736328125,611.6966552734375,1899.701416015625,unreviewed,auto
KOG-THOELIEB-0085,pansharpened_reflectance_401e6b905b,2026-01-22,pansharpened_reflectance+manual_review,51.25,8.078,0.33023518323898315,0.31482023000717163,0.26418188214302063,0.42107799649238586,0.49526888132095337,,,,0.33023518323898315,36.0,0.67,0.474,0.0,True,"Field inspection: check irrigation, pruning, stress.",1010.3560791015625,819.8244018554688,626.731689453125,2007.6829833984375,unreviewed,auto
KOG-THOELIEB-0086,pansharpened_reflectance_401e6b905b,2026-01-22,pansharpened_reflectance+manual_review,43.25,7.421,0.31998389959335327,0.313043475151062,0.2613244354724884,0.4187799394130707,0.47989341616630554,,,,0.31998389959335327,34.0,0.687,0.469,0.0,True,"Field inspection: check irrigation, pruning, stress.",1025.2196044921875,818.3294677734375,601.017333984375,1983.74560546875,unreviewed,auto
KOG-THOELIEB-0087,pansharpened_reflectance_401e6b905b,2026-01-22,pansharpened_reflectance+manual_review,16.25,4.549,0.3696984648704529,0.37113839387893677,0.273380845785141,0.4560508131980896,0.5544514656066895,,,,0.3696984648704529,47.9,0.833,0.434,0.0,False,Routine monitoring.,941.6153564453125,759.3384399414062,602.107666015625,2029.6461181640625,unreviewed,auto
KOG-THOELIEB-0088,pansharpened_reflectance_401e6b905b,2026-01-22,pansharpened_reflectance+manual_review,44.25,7.506,0.32415685057640076,0.3243328034877777,0.26140913367271423,0.4221556782722473,0.4861495792865753,,,,0.32415685057640076,34.8,0.694,0.457,0.0,True,"Field inspection: check irrigation, pruning, stress.",983.3841552734375,784.2711791992188,603.1016845703125,1926.3333740234375,unreviewed,auto
KOG-THOELIEB-0089,pansharpened_reflectance_401e6b905b,2026-01-22,pansharpened_reflectance+manual_review,55.0,8.368,0.32820019125938416,0.3147430121898651,0.268332839012146,0.4202602803707123,0.4922087490558624,,,,0.32820019125938416,35.6,0.698,0.495,0.0,True,"Field inspection: check irrigation, pruning, stress.",938.25,760.8909301757812,561.9863891601562,1852.4454345703125,unreviewed,auto
KOG-THOELIEB-0090,pansharpened_reflectance_401e6b905b,2026-01-22,pansharpened_reflectance+manual_review,43.5,7.442,0.32823342084884644,0.31931236386299133,0.26448550820350647,0.42268285155296326,0.4922681748867035,,,,0.32823342084884644,35.6,0.69,0.466,0.0,True,"Field inspection: check irrigation, pruning, stress.",1056.862060546875,846.62646484375,637.6206665039062,2078.465576171875,unreviewed,auto
KOG-THOELIEB-0091,pansharpened_reflectance_401e6b905b,2026-01-22,pansharpened_reflectance+manual_review,62.75,8.938,0.3521674871444702,0.3418874144554138,0.2606635093688965,0.4325375556945801,0.5281607508659363,,,,0.3521674871444702,44.4,0.761,0.454,0.0,True,"Field inspection: check irrigation, pruning, stress.",995.5418090820312,818.788818359375,595.8446044921875,2064.52587890625,unreviewed,auto
KOG-THOELIEB-0092,pansharpened_reflectance_401e6b905b,2026-01-22,pansharpened_reflectance+manual_review,42.5,7.356,0.3197554051876068,0.3156120777130127,0.2629542350769043,0.4147754907608032,0.4795507490634918,,,,0.3197554051876068,38.0,0.708,0.444,0.0,True,"Field inspection: check irrigation, pruning, stress.",1019.064697265625,817.6353149414062,595.6058959960938,1970.2646484375,unreviewed,auto
KOG-THOELIEB-0093,pansharpened_reflectance_401e6b905b,2026-01-22,pansharpened_reflectance+manual_review,48.0,7.818,0.30455249547958374,0.29945695400238037,0.263397216796875,0.3936801254749298,0.4567471742630005,,,,0.30455249547958374,30.9,0.664,0.478,0.0,True,"Field inspection: check irrigation, pruning, stress.",1005.8176879882812,825.2083129882812,606.3698120117188,1884.5416259765625,unreviewed,auto
KOG-THOELIEB-0094,pansharpened_reflectance_401e6b905b,2026-01-22,pansharpened_reflectance+manual_review,45.5,7.611,0.3089851140975952,0.3033563494682312,0.26119282841682434,0.40710118412971497,0.46338963508605957,,,,0.3089851140975952,35.8,0.778,0.475,0.0,True,"Field inspection: check irrigation, pruning, stress.",937.93408203125,751.8735961914062,578.8461303710938,1775.3187255859375,unreviewed,auto
KOG-THOELIEB-0095,pansharpened_reflectance_401e6b905b,2026-01-22,pansharpened_reflectance+manual_review,35.5,6.723,0.3099043071269989,0.3132099509239197,0.2635246813297272,0.4125143885612488,0.46477192640304565,,,,0.3099043071269989,36.0,0.724,0.431,0.0,True,"Field inspection: check irrigation, pruning, stress.",989.0633544921875,787.725341796875,588.54931640625,1872.4859619140625,unreviewed,auto
KOG-THOELIEB-0096,pansharpened_reflectance_401e6b905b,2026-01-22,pansharpened_reflectance+manual_review,42.0,7.313,0.3279462158679962,0.31739097833633423,0.26378652453422546,0.4296475946903229,0.49182552099227905,,,,0.3279462158679962,39.6,0.747,0.414,0.0,True,"Field inspection: check irrigation, pruning, stress.",940.2857055664062,748.8988037109375,569.25,1857.2916259765625,unreviewed,auto
KOG-THOELIEB-0097,pansharpened_reflectance_401e6b905b,2026-01-22,pansharpened_reflectance+manual_review,31.0,6.283,0.32208889722824097,0.31821924448013306,0.2672015428543091,0.42978304624557495,0.4830487370491028,,,,0.32208889722824097,38.4,0.775,0.424,0.0,True,"Field inspection: check irrigation, pruning, stress.",991.8790283203125,782.4596557617188,588.7015991210938,1941.991943359375,unreviewed,auto
KOG-THOELIEB-0098,pansharpened_reflectance_401e6b905b,2026-01-22,pansharpened_reflectance+manual_review,44.25,7.506,0.3044254183769226,0.29813218116760254,0.25971123576164246,0.41360723972320557,0.45656701922416687,,,,0.3044254183769226,34.9,0.744,0.421,0.0,True,"Field inspection: check irrigation, pruning, stress.",1177.7401123046875,916.084716796875,680.5140991210938,2199.627197265625,unreviewed,auto
KOG-THOELIEB-0099,pansharpened_reflectance_401e6b905b,2026-01-22,pansharpened_reflectance+manual_review,37.75,6.933,0.30812907218933105,0.30265679955482483,0.25923046469688416,0.4184688329696655,0.46211788058280945,,,,0.30812907218933105,31.6,0.671,0.473,0.0,True,"Field inspection: check irrigation, pruning, stress.",1121.4569091796875,872.6622314453125,632.4039916992188,2106.688720703125,unreviewed,auto
KOG-THOELIEB-0100,pansharpened_reflectance_401e6b905b,2026-01-22,pansharpened_reflectance+manual_review,55.5,8.406,0.3143341541290283,0.30777430534362793,0.2598415017127991,0.4119074046611786,0.4714253842830658,,,,0.3143341541290283,36.9,0.712,0.541,0.0,True,"Field inspection: check irrigation, pruning, stress.",1107.4144287109375,883.1666870117188,656.490966796875,2108.851318359375,unreviewed,auto
KOG-THOELIEB-0101,pansharpened_reflectance_401e6b905b,2026-01-22,pansharpened_reflectance+manual_review,47.75,7.797,0.30300629138946533,0.29282161593437195,0.2580288052558899,0.40676867961883545,0.45443275570869446,,,,0.30300629138946533,30.6,0.65,0.562,0.0,True,"Field inspection: check irrigation, pruning, stress.",1064.3245849609375,842.2303466796875,623.6021118164062,1984.5235595703125,unreviewed,auto
KOG-THOELIEB-0102,pansharpened_reflectance_401e6b905b,2026-01-22,pansharpened_reflectance+manual_review,35.75,6.747,0.3053038418292999,0.30115675926208496,0.2586494982242584,0.39636528491973877,0.45787495374679565,,,,0.3053038418292999,35.1,0.786,0.384,0.0,True,"Field inspection: check irrigation, pruning, stress.",1014.664306640625,825.37060546875,631.706298828125,1902.335693359375,unreviewed,auto
KOG-THOELIEB-0103,pansharpened_reflectance_401e6b905b,2026-01-22,pansharpened_reflectance+manual_review,46.5,7.695,0.32257580757141113,0.3097730278968811,0.2626175284385681,0.4292837977409363,0.4837877154350281,,,,0.32257580757141113,38.5,0.729,0.495,0.0,True,"Field inspection: check irrigation, pruning, stress.",1127.9193115234375,883.8978271484375,653.4462280273438,2202.801025390625,unreviewed,auto
KOG-THOELIEB-0104,pansharpened_reflectance_401e6b905b,2026-01-22,pansharpened_reflectance+manual_review,35.5,6.723,0.30115053057670593,0.30155497789382935,0.25815391540527344,0.4024350345134735,0.45163941383361816,,,,0.30115053057670593,34.2,0.84,0.34,0.0,True,"Field inspection: check irrigation, pruning, stress.",954.9014282226562,757.908447265625,578.3873291015625,1768.3944091796875,unreviewed,auto
KOG-THOELIEB-0105,pansharpened_reflectance_401e6b905b,2026-01-22,pansharpened_reflectance+manual_review,29.0,6.077,0.31051602959632874,0.30854642391204834,0.2602218687534332,0.39720019698143005,0.46568843722343445,,,,0.31051602959632874,36.1,0.753,0.417,0.0,True,"Field inspection: check irrigation, pruning, stress.",965.0,796.8448486328125,602.4827880859375,1830.22412109375,unreviewed,auto
KOG-THOELIEB-0106,pansharpened_reflectance_401e6b905b,2026-01-22,pansharpened_reflectance+manual_review,38.0,6.956,0.3225492835044861,0.31545236706733704,0.26308855414390564,0.43419763445854187,0.4837409555912018,,,,0.3225492835044861,38.5,0.724,0.432,0.0,True,"Field inspection: check irrigation, pruning, stress.",1013.2960815429688,783.1513061523438,597.5855102539062,1978.875,unreviewed,auto
KOG-THOELIEB-0107,pansharpened_reflectance_401e6b905b,2026-01-22,pansharpened_reflectance+manual_review,13.25,4.107,0.34451818466186523,0.3442399501800537,0.27667975425720215,0.4465971291065216,0.5166865587234497,,,,0.34451818466186523,42.9,0.757,0.539,0.0,True,"Field inspection: check irrigation, pruning, stress.",954.9622802734375,755.2830200195312,573.1697998046875,1965.79248046875,unreviewed,auto
KOG-THOELIEB-0108,pansharpened_reflectance_401e6b905b,2026-01-22,pansharpened_reflectance+manual_review,38.0,6.956,0.29332345724105835,0.299028605222702,0.2570209205150604,0.3965376317501068,0.43991002440452576,,,,0.29332345724105835,28.7,0.633,0.562,0.0,True,"Field inspection: check irrigation, pruning, stress.",1063.2763671875,841.5723876953125,616.0328979492188,1941.75,unreviewed,auto
KOG-THOELIEB-0109,pansharpened_reflectance_401e6b905b,2026-01-22,pansharpened_reflectance+manual_review,31.75,6.358,0.31107011437416077,0.3052459955215454,0.2601878046989441,0.41808032989501953,0.4665285646915436,,,,0.31107011437416077,36.2,0.751,0.41,0.0,True,"Field inspection: check irrigation, pruning, stress.",1096.3621826171875,854.7244262695312,628.0078735351562,2075.81884765625,unreviewed,auto
KOG-THOELIEB-0110,pansharpened_reflectance_401e6b905b,2026-01-22,pansharpened_reflectance+manual_review,39.25,7.069,0.3167778551578522,0.3118782937526703,0.2630329430103302,0.40604227781295776,0.47507762908935547,,,,0.3167778551578522,37.4,0.748,0.414,0.0,True,"Field inspection: check irrigation, pruning, stress.",951.923583984375,781.783447265625,593.070068359375,1837.29296875,unreviewed,auto
KOG-THOELIEB-0111,pansharpened_reflectance_401e6b905b,2026-01-22,pansharpened_reflectance+manual_review,21.0,5.171,0.3080560863018036,0.3096311092376709,0.2628379464149475,0.4076307415962219,0.46199989318847656,,,,0.3080560863018036,31.6,0.667,0.501,0.0,True,"Field inspection: check irrigation, pruning, stress.",988.4761962890625,785.3690185546875,589.4285888671875,1860.261962890625,unreviewed,auto
KOG-THOELIEB-0112,pansharpened_reflectance_401e6b905b,2026-01-22,pansharpened_reflectance+manual_review,17.75,4.754,0.3196026384830475,0.32698094844818115,0.2646111249923706,0.44076797366142273,0.47929805517196655,,,,0.3196026384830475,37.9,0.78,0.442,0.0,True,"Field inspection: check irrigation, pruning, stress.",796.4929809570312,603.3943481445312,428.46478271484375,1538.6197509765625,unreviewed,auto
KOG-THOELIEB-0113,pansharpened_reflectance_401e6b905b,2026-01-22,pansharpened_reflectance+manual_review,28.0,5.971,0.3124242424964905,0.29999473690986633,0.26538604497909546,0.4286732077598572,0.468546599149704,,,,0.3124242424964905,36.5,0.783,0.437,0.0,True,"Field inspection: check irrigation, pruning, stress.",916.7053833007812,702.1071166992188,544.9821166992188,1748.7232666015625,unreviewed,auto
KOG-THOELIEB-0114,pansharpened_reflectance_401e6b905b,2026-01-22,pansharpened_reflectance+manual_review,26.0,5.754,0.3139296770095825,0.31996533274650574,0.2690070569515228,0.41449210047721863,0.47080597281455994,,,,0.3139296770095825,36.8,0.788,0.433,0.0,True,"Field inspection: check irrigation, pruning, stress.",951.1538696289062,756.625,566.4134521484375,1816.5865478515625,unreviewed,auto
KOG-THOELIEB-0115,pansharpened_reflectance_401e6b905b,2026-01-22,pansharpened_reflectance+manual_review,35.5,6.723,0.2927074730396271,0.2865011692047119,0.25217753648757935,0.40661191940307617,0.43899810314178467,,,,0.2927074730396271,28.5,0.634,0.504,0.0,True,"Field inspection: check irrigation, pruning, stress.",1286.492919921875,990.8803100585938,728.6619873046875,2333.007080078125,unreviewed,auto
KOG-THOELIEB-0116,pansharpened_reflectance_401e6b905b,2026-01-22,pansharpened_reflectance+manual_review,37.0,6.864,0.3250798285007477,0.3168133497238159,0.26172441244125366,0.4098584055900574,0.48753902316093445,,,,0.3250798285007477,35.0,0.658,0.483,0.0,True,"Field inspection: check irrigation, pruning, stress.",1058.12158203125,866.0540771484375,642.8986206054688,2059.86474609375,unreviewed,auto
KOG-THOELIEB-0117,pansharpened_reflectance_401e6b905b,2026-01-22,pansharpened_reflectance+manual_review,35.0,6.676,0.3076114058494568,0.3011224865913391,0.25541460514068604,0.4182390570640564,0.4613393545150757,,,,0.3076114058494568,35.5,0.833,0.349,0.0,True,"Field inspection: check irrigation, pruning, stress.",1054.57861328125,816.1714477539062,605.5071411132812,1986.6142578125,unreviewed,auto
KOG-THOELIEB-0118,pansharpened_reflectance_401e6b905b,2026-01-22,pansharpened_reflectance+manual_review,48.0,7.818,0.31096360087394714,0.2998371422290802,0.2605205774307251,0.4303554594516754,0.46636998653411865,,,,0.31096360087394714,32.2,0.533,0.641,0.0,True,"Field inspection: check irrigation, pruning, stress.",1161.6978759765625,883.890625,663.2604370117188,2187.192626953125,unreviewed,auto
KOG-THOELIEB-0119,pansharpened_reflectance_401e6b905b,2026-01-22,pansharpened_reflectance+manual_review,35.25,6.699,0.315760999917984,0.31150931119918823,0.2616747319698334,0.4236772358417511,0.4735605716705322,,,,0.315760999917984,37.2,0.775,0.392,0.0,True,"Field inspection: check irrigation, pruning, stress.",1042.9290771484375,808.6312255859375,611.0922241210938,1991.7943115234375,unreviewed,auto
KOG-THOELIEB-0120,pansharpened_reflectance_401e6b905b,2026-01-22,pansharpened_reflectance+manual_review,39.25,7.069,0.3097394108772278,0.301870733499527,0.25663310289382935,0.40266886353492737,0.46452271938323975,,,,0.3097394108772278,35.9,0.71,0.487,0.0,True,"Field inspection: check irrigation, pruning, stress.",952.0955200195312,773.5095825195312,579.3821411132812,1806.4267578125,unreviewed,auto
KOG-THOELIEB-0121,pansharpened_reflectance_401e6b905b,2026-01-22,pansharpened_reflectance+manual_review,41.25,7.247,0.3197404742240906,0.31519538164138794,0.2622750401496887,0.4346044361591339,0.47952112555503845,,,,0.3197404742240906,37.9,0.747,0.424,0.0,True,"Field inspection: check irrigation, pruning, stress.",949.5757446289062,730.0969848632812,544.2120971679688,1836.2060546875,unreviewed,auto
KOG-THOELIEB-0122,pansharpened_reflectance_401e6b905b,2026-01-22,pansharpened_reflectance+manual_review,37.5,6.91,0.2870839536190033,0.2848767042160034,0.2535271644592285,0.3967530131340027,0.43054696917533875,,,,0.2870839536190033,27.4,0.625,0.567,0.0,True,"Field inspection: check irrigation, pruning, stress.",1001.0933227539062,782.0333251953125,585.7933349609375,1806.693359375,unreviewed,auto
KOG-THOELIEB-0123,pansharpened_reflectance_401e6b905b,2026-01-22,pansharpened_reflectance+manual_review,38.0,6.956,0.312981516122818,0.3032906651496887,0.2562370300292969,0.40971630811691284,0.4693929851055145,,,,0.312981516122818,32.6,0.679,0.469,0.0,True,"Field inspection: check irrigation, pruning, stress.",1061.7236328125,849.38818359375,611.8223876953125,2022.0526123046875,unreviewed,auto
KOG-THOELIEB-0124,pansharpened_reflectance_401e6b905b,2026-01-22,pansharpened_reflectance+manual_review,26.5,5.809,0.3032812774181366,0.3078596591949463,0.26202279329299927,0.40183380246162415,0.45484036207199097,,,,0.3032812774181366,34.7,0.757,0.467,0.0,True,"Field inspection: check irrigation, pruning, stress.",993.4716796875,796.1886596679688,600.4811401367188,1855.8302001953125,unreviewed,auto
KOG-THOELIEB-0125,pansharpened_reflectance_401e6b905b,2026-01-22,pansharpened_reflectance+manual_review,32.75,6.457,0.3017118573188782,0.30011653900146484,0.25925925374031067,0.4246981739997864,0.4524911344051361,,,,0.3017118573188782,34.3,0.72,0.511,0.0,True,"Field inspection: check irrigation, pruning, stress.",1078.969482421875,822.5648803710938,603.572509765625,2007.1527099609375,unreviewed,auto
KOG-THOELIEB-0126,pansharpened_reflectance_401e6b905b,2026-01-22,pansharpened_reflectance+manual_review,35.25,6.699,0.3260743021965027,0.318572074174881,0.2644098699092865,0.43200990557670593,0.48902395367622375,,,,0.3260743021965027,35.2,0.678,0.473,0.0,True,"Field inspection: check irrigation, pruning, stress.",976.3191528320312,765.2978515625,569.7446899414062,1917.74462890625,unreviewed,auto
KOG-THOELIEB-0127,pansharpened_reflectance_401e6b905b,2026-01-22,pansharpened_reflectance+manual_review,25.75,5.726,0.29272180795669556,0.2909270226955414,0.25669121742248535,0.39391735196113586,0.43900632858276367,,,,0.29272180795669556,32.5,0.736,0.482,0.0,True,"Field inspection: check irrigation, pruning, stress.",1069.3494873046875,851.203857421875,621.3106689453125,1949.4466552734375,unreviewed,auto
KOG-THOELIEB-0128,pansharpened_reflectance_401e6b905b,2026-01-22,pansharpened_reflectance+manual_review,33.5,6.531,0.31096529960632324,0.30188411474227905,0.2623133063316345,0.4119848310947418,0.4663698077201843,,,,0.31096529960632324,32.2,0.684,0.463,0.0,True,"Field inspection: check irrigation, pruning, stress.",1056.6939697265625,839.7164306640625,649.7164306640625,2010.91796875,unreviewed,auto
KOG-THOELIEB-0129,pansharpened_reflectance_401e6b905b,2026-01-22,pansharpened_reflectance+manual_review,41.25,7.247,0.28963497281074524,0.2872910797595978,0.257180392742157,0.39041370153427124,0.4343761205673218,,,,0.28963497281074524,31.9,0.705,0.461,0.0,True,"Field inspection: check irrigation, pruning, stress.",1027.272705078125,817.2060546875,616.6848754882812,1860.0,unreviewed,auto
KOG-THOELIEB-0130,pansharpened_reflectance_401e6b905b,2026-01-22,pansharpened_reflectance+manual_review,35.75,6.747,0.31278735399246216,0.3058755695819855,0.26411861181259155,0.4326452612876892,0.4691038429737091,,,,0.31278735399246216,32.6,0.681,0.466,0.0,True,"Field inspection: check irrigation, pruning, stress.",1106.6573486328125,848.4755249023438,641.6713256835938,2111.580322265625,unreviewed,auto
KOG-THOELIEB-0132,pansharpened_reflectance_401e6b905b,2026-01-22,pansharpened_reflectance+manual_review,20.5,5.109,0.3332413136959076,0.32385316491127014,0.2663317322731018,0.4794485569000244,0.4997798204421997,,,,0.3332413136959076,40.6,0.759,0.416,0.0,True,"Field inspection: check irrigation, pruning, stress.",1108.256103515625,797.01220703125,566.756103515625,2208.719482421875,unreviewed,auto
KOG-THOELIEB-0133,pansharpened_reflectance_401e6b905b,2026-01-22,pansharpened_reflectance+manual_review,26.25,5.781,0.3151277005672455,0.30150309205055237,0.2610100507736206,0.43462154269218445,0.4726318418979645,,,,0.3151277005672455,37.0,0.734,0.427,0.0,True,"Field inspection: check irrigation, pruning, stress.",1396.800048828125,1058.86669921875,784.8095092773438,2665.32373046875,unreviewed,auto
KOG-THOELIEB-0134,pansharpened_reflectance_401e6b905b,2026-01-22,pansharpened_reflectance+manual_review,21.5,5.232,0.30271390080451965,0.29934999346733093,0.26036012172698975,0.41810405254364014,0.45399272441864014,,,,0.30271390080451965,34.5,0.762,0.442,0.0,True,"Field inspection: check irrigation, pruning, stress.",1042.908203125,798.9908447265625,590.2109985351562,1938.5963134765625,unreviewed,auto
KOG-THOELIEB-0136,pansharpened_reflectance_401e6b905b,2026-01-22,pansharpened_reflectance+manual_review,34.5,6.628,0.3113301694393158,0.30339929461479187,0.25857219099998474,0.41132429242134094,0.46691441535949707,,,,0.3113301694393158,36.3,0.758,0.447,0.0,True,"Field inspection: check irrigation, pruning, stress.",1020.0579833984375,809.8478393554688,605.702880859375,1935.2174072265625,unreviewed,auto
KOG-THOELIEB-0137,pansharpened_reflectance_401e6b905b,2026-01-22,pansharpened_reflectance+manual_review,31.25,6.308,0.3057573437690735,0.3024282455444336,0.25869694352149963,0.4050408899784088,0.45855602622032166,,,,0.3057573437690735,35.2,0.801,0.372,0.0,True,"Field inspection: check irrigation, pruning, stress.",1022.6959838867188,815.2319946289062,599.6640014648438,1914.9439697265625,unreviewed,auto
KOG-THOELIEB-0138,pansharpened_reflectance_401e6b905b,2026-01-22,pansharpened_reflectance+manual_review,35.25,6.699,0.2889460623264313,0.28153476119041443,0.2597295045852661,0.4123021066188812,0.43335404992103577,,,,0.2889460623264313,27.8,0.629,0.508,0.0,True,"Field inspection: check irrigation, pruning, stress.",1237.9149169921875,936.6453857421875,690.290771484375,2233.865234375,unreviewed,auto
KOG-THOELIEB-0139,pansharpened_reflectance_401e6b905b,2026-01-22,pansharpened_reflectance+manual_review,33.25,6.507,0.2993147671222687,0.29366737604141235,0.25847986340522766,0.4075780510902405,0.4488988220691681,,,,0.2993147671222687,33.9,0.792,0.427,0.0,True,"Field inspection: check irrigation, pruning, stress.",1099.105224609375,860.3383178710938,652.150390625,2037.593994140625,unreviewed,auto
KOG-THOELIEB-0140,pansharpened_reflectance_401e6b905b,2026-01-22,pansharpened_reflectance+manual_review,27.75,5.944,0.2911283075809479,0.29318180680274963,0.25755396485328674,0.3934229016304016,0.43661248683929443,,,,0.2911283075809479,32.2,0.776,0.395,0.0,True,"Field inspection: check irrigation, pruning, stress.",978.7927856445312,776.450439453125,599.6216430664062,1780.2972412109375,unreviewed,auto
KOG-THOELIEB-0141,pansharpened_reflectance_401e6b905b,2026-01-22,pansharpened_reflectance+manual_review,37.25,6.887,0.2991132140159607,0.29639720916748047,0.26078733801841736,0.3918573260307312,0.4485861659049988,,,,0.2991132140159607,29.8,0.665,0.48,0.0,True,"Field inspection: check irrigation, pruning, stress.",956.73828125,777.2080688476562,595.8120727539062,1771.248291015625,unreviewed,auto
KOG-THOELIEB-0142,pansharpened_reflectance_401e6b905b,2026-01-22,pansharpened_reflectance+manual_review,25.75,5.726,0.2978578805923462,0.3024618923664093,0.26255109906196594,0.4144068956375122,0.446699321269989,,,,0.2978578805923462,33.6,0.78,0.388,0.0,True,"Field inspection: check irrigation, pruning, stress.",926.378662109375,718.5728149414062,557.4757080078125,1715.8057861328125,unreviewed,auto
KOG-THOELIEB-0143,pansharpened_reflectance_401e6b905b,2026-01-22,pansharpened_reflectance+manual_review,38.25,6.979,0.32095107436180115,0.3209342658519745,0.2648089826107025,0.41016045212745667,0.48133429884910583,,,,0.32095107436180115,38.2,0.736,0.428,0.0,True,"Field inspection: check irrigation, pruning, stress.",905.4509887695312,735.4967041015625,562.6143798828125,1758.5882568359375,unreviewed,auto
KOG-THOELIEB-0144,pansharpened_reflectance_401e6b905b,2026-01-22,pansharpened_reflectance+manual_review,38.5,7.001,0.3145143687725067,0.3032001554965973,0.26061561703681946,0.4280281960964203,0.4716835021972656,,,,0.3145143687725067,36.9,0.755,0.425,0.0,True,"Field inspection: check irrigation, pruning, stress.",961.6753540039062,745.0194702148438,561.8117065429688,1842.51953125,unreviewed,auto
KOG-THOELIEB-0145,pansharpened_reflectance_401e6b905b,2026-01-22,pansharpened_reflectance+manual_review,29.25,6.103,0.27836406230926514,0.28015995025634766,0.25841817259788513,0.4095664322376251,0.41749534010887146,,,,0.27836406230926514,29.7,0.818,0.362,0.0,True,"Field inspection: check irrigation, pruning, stress.",1515.7435302734375,1124.2392578125,840.5555419921875,2681.1708984375,unreviewed,auto
KOG-THOELIEB-0146,pansharpened_reflectance_401e6b905b,2026-01-22,pansharpened_reflectance+manual_review,29.75,6.155,0.2972177267074585,0.29411765933036804,0.25641778111457825,0.4120311141014099,0.44575369358062744,,,,0.2972177267074585,33.4,0.763,0.447,0.0,True,"Field inspection: check irrigation, pruning, stress.",1112.0335693359375,855.7058715820312,617.899169921875,2047.6470947265625,unreviewed,auto
KOG-THOELIEB-0147,pansharpened_reflectance_401e6b905b,2026-01-22,pansharpened_reflectance+manual_review,28.0,5.971,0.3466629981994629,0.33049649000167847,0.2618721127510071,0.43633872270584106,0.5199047327041626,,,,0.3466629981994629,39.3,0.574,0.582,0.0,True,"Field inspection: check irrigation, pruning, stress.",1048.9285888671875,845.7410888671875,616.9464111328125,2106.044677734375,unreviewed,auto
KOG-THOELIEB-0148,pansharpened_reflectance_401e6b905b,2026-01-22,pansharpened_reflectance+manual_review,29.25,6.103,0.3190327286720276,0.3136327862739563,0.26246482133865356,0.4160979092121124,0.47846928238868713,,,,0.3190327286720276,37.8,0.812,0.362,0.0,True,"Field inspection: check irrigation, pruning, stress.",1049.4273681640625,835.91455078125,601.008544921875,2024.230712890625,unreviewed,auto
KOG-THOELIEB-0149,pansharpened_reflectance_401e6b905b,2026-01-22,pansharpened_reflectance+manual_review,27.75,5.944,0.29662325978279114,0.2901342809200287,0.25769373774528503,0.4113788306713104,0.44486019015312195,,,,0.29662325978279114,33.3,0.771,0.395,0.0,True,"Field inspection: check irrigation, pruning, stress.",1083.2972412109375,831.18017578125,610.9369506835938,1987.351318359375,unreviewed,auto
KOG-THOELIEB-0150,pansharpened_reflectance_401e6b905b,2026-01-22,pansharpened_reflectance+manual_review,44.0,7.485,0.3108551800251007,0.3018597960472107,0.25922515988349915,0.4144808053970337,0.46355965733528137,,,,0.3108551800251007,32.2,0.579,0.573,0.0,True,"Field inspection: check irrigation, pruning, stress.",1122.9488525390625,885.2329711914062,652.5056762695312,2126.255615234375,unreviewed,auto
KOG-THOELIEB-0151,pansharpened_reflectance_401e6b905b,2026-01-22,pansharpened_reflectance+manual_review,29.75,6.155,0.3062558174133301,0.30216535925865173,0.2597256302833557,0.41543444991111755,0.459307461977005,,,,0.3062558174133301,35.3,0.708,0.487,0.0,True,"Field inspection: check irrigation, pruning, stress.",1094.2269287109375,853.2689208984375,621.6890869140625,2054.823486328125,unreviewed,auto
KOG-THOELIEB-0152,pansharpened_reflectance_401e6b905b,2026-01-22,pansharpened_reflectance+manual_review,35.75,6.747,0.2912139594554901,0.28326889872550964,0.25663039088249207,0.41751912236213684,0.4367373585700989,,,,0.2912139594554901,32.2,0.701,0.501,0.0,True,"Field inspection: check irrigation, pruning, stress.",970.6783447265625,733.8461303710938,554.0489501953125,1765.9300537109375,unreviewed,auto
KOG-THOELIEB-0153,pansharpened_reflectance_401e6b905b,2026-01-22,pansharpened_reflectance+manual_review,27.5,5.917,0.2854461073875427,0.28331708908081055,0.2554168701171875,0.40508610010147095,0.42809244990348816,,,,0.2854461073875427,31.1,0.769,0.4,0.0,True,"Field inspection: check irrigation, pruning, stress.",1030.5635986328125,791.5818481445312,608.154541015625,1855.7818603515625,unreviewed,auto
KOG-THOELIEB-0154,pansharpened_reflectance_401e6b905b,2026-01-22,pansharpened_reflectance+manual_review,20.0,5.046,0.27625706791877747,0.2760730981826782,0.25472021102905273,0.3970838785171509,0.41432705521583557,,,,0.27625706791877747,29.3,0.727,0.43,0.0,True,"Field inspection: check irrigation, pruning, stress.",1310.9749755859375,997.3499755859375,751.5125122070312,2304.362548828125,unreviewed,auto
KOG-THOELIEB-0155,pansharpened_reflectance_401e6b905b,2026-01-22,pansharpened_reflectance+manual_review,26.0,5.754,0.29294484853744507,0.28832685947418213,0.25675779581069946,0.3888046145439148,0.4393419623374939,,,,0.29294484853744507,32.6,0.86,0.325,0.0,True,"Field inspection: check irrigation, pruning, stress.",1046.1153564453125,840.7884521484375,612.3461303710938,1908.605712890625,unreviewed,auto
KOG-THOELIEB-0156,pansharpened_reflectance_401e6b905b,2026-01-22,pansharpened_reflectance+manual_review,27.75,5.944,0.2989095449447632,0.29303279519081116,0.25572195649147034,0.4118325412273407,0.44828566908836365,,,,0.2989095449447632,33.8,0.776,0.395,0.0,True,"Field inspection: check irrigation, pruning, stress.",1039.1351318359375,806.4053955078125,620.810791015625,1920.0360107421875,unreviewed,auto
KOG-THOELIEB-0157,pansharpened_reflectance_401e6b905b,2026-01-22,pansharpened_reflectance+manual_review,27.75,5.944,0.3065279722213745,0.30028676986694336,0.2640332579612732,0.4064691364765167,0.4597114622592926,,,,0.3065279722213745,35.3,0.771,0.395,0.0,True,"Field inspection: check irrigation, pruning, stress.",1009.171142578125,800.6576538085938,582.2973022460938,1894.567626953125,unreviewed,auto
KOG-THOELIEB-0158,pansharpened_reflectance_401e6b905b,2026-01-22,pansharpened_reflectance+manual_review,29.5,6.129,0.2986840307712555,0.2919159531593323,0.2581549882888794,0.3997054994106293,0.4479482173919678,,,,0.2986840307712555,33.7,0.756,0.407,0.0,True,"Field inspection: check irrigation, pruning, stress.",1026.0169677734375,812.7457885742188,602.8898315429688,1894.6610107421875,unreviewed,auto
KOG-THOELIEB-0159,pansharpened_reflectance_401e6b905b,2026-01-22,pansharpened_reflectance+manual_review,20.0,5.046,0.304182231426239,0.2999676465988159,0.26442015171051025,0.4063078463077545,0.4561782777309418,,,,0.304182231426239,30.8,0.615,0.525,0.0,True,"Field inspection: check irrigation, pruning, stress.",843.8375244140625,670.9874877929688,518.9249877929688,1584.925048828125,unreviewed,auto
KOG-THOELIEB-0160,pansharpened_reflectance_401e6b905b,2026-01-22,pansharpened_reflectance+manual_review,32.5,6.433,0.3002995550632477,0.29553598165512085,0.25566720962524414,0.396953821182251,0.4503662586212158,,,,0.3002995550632477,34.1,0.722,0.479,0.0,True,"Field inspection: check irrigation, pruning, stress.",981.7077026367188,788.015380859375,601.9307861328125,1815.6922607421875,unreviewed,auto
KOG-THOELIEB-0161,pansharpened_reflectance_401e6b905b,2026-01-22,pansharpened_reflectance+manual_review,21.75,5.262,0.3008546829223633,0.30547061562538147,0.25906479358673096,0.4226888120174408,0.45119187235832214,,,,0.3008546829223633,34.2,0.879,0.317,0.0,True,"Field inspection: check irrigation, pruning, stress.",936.6666870117188,717.413818359375,536.287353515625,1736.6436767578125,unreviewed,auto
KOG-THOELIEB-0162,pansharpened_reflectance_401e6b905b,2026-01-22,pansharpened_reflectance+manual_review,25.25,5.67,0.2929219603538513,0.2986741065979004,0.2601994574069977,0.4028190076351166,0.4393066465854645,,,,0.2929219603538513,32.6,0.701,0.492,0.0,True,"Field inspection: check irrigation, pruning, stress.",1039.861328125,811.6930541992188,640.712890625,1899.4356689453125,unreviewed,auto
KOG-THOELIEB-0163,pansharpened_reflectance_401e6b905b,2026-01-22,pansharpened_reflectance+manual_review,28.0,5.971,0.3057299256324768,0.30328166484832764,0.2595512270927429,0.4127067029476166,0.4585131108760834,,,,0.3057299256324768,35.1,0.718,0.437,0.0,True,"Field inspection: check irrigation, pruning, stress.",1015.1785888671875,798.7767944335938,584.3035888671875,1906.25,unreviewed,auto
KOG-THOELIEB-0164,pansharpened_reflectance_401e6b905b,2026-01-22,pansharpened_reflectance+manual_review,27.0,5.863,0.29384350776672363,0.29412776231765747,0.2576777935028076,0.4053669273853302,0.4406849443912506,,,,0.29384350776672363,32.8,0.75,0.411,0.0,True,"Field inspection: check irrigation, pruning, stress.",993.7315063476562,770.0277709960938,598.5,1815.6851806640625,unreviewed,auto
KOG-THOELIEB-0165,pansharpened_reflectance_401e6b905b,2026-01-22,pansharpened_reflectance+manual_review,28.0,5.971,0.28251203894615173,0.28222179412841797,0.2560841143131256,0.38657626509666443,0.42369359731674194,,,,0.28251203894615173,30.5,0.727,0.479,0.0,True,"Field inspection: check irrigation, pruning, stress.",1051.0535888671875,836.4642944335938,633.0714111328125,1875.017822265625,unreviewed,auto
KOG-THOELIEB-0166,pansharpened_reflectance_401e6b905b,2026-01-22,pansharpened_reflectance+manual_review,26.0,5.754,0.2800608277320862,0.28052225708961487,0.2548661231994629,0.4053383469581604,0.42002788186073303,,,,0.2800608277320862,30.0,0.722,0.433,0.0,True,"Field inspection: check irrigation, pruning, stress.",1247.65380859375,944.326904296875,709.8653564453125,2214.923095703125,unreviewed,auto
KOG-THOELIEB-0167,pansharpened_reflectance_401e6b905b,2026-01-22,pansharpened_reflectance+manual_review,30.75,6.257,0.3026514947414398,0.30119332671165466,0.25901374220848083,0.4116453230381012,0.4539041519165039,,,,0.3026514947414398,34.5,0.732,0.428,0.0,True,"Field inspection: check irrigation, pruning, stress.",1126.0162353515625,879.3902587890625,657.6016235351562,2095.804931640625,unreviewed,auto
KOG-THOELIEB-0168,pansharpened_reflectance_401e6b905b,2026-01-22,pansharpened_reflectance+manual_review,27.25,5.89,0.2892444431781769,0.28443005681037903,0.256247878074646,0.4001704454421997,0.433806836605072,,,,0.2892444431781769,27.8,0.699,0.452,0.0,True,"Field inspection: check irrigation, pruning, stress.",1352.43115234375,1050.6605224609375,757.1834716796875,2444.715576171875,unreviewed,auto
KOG-THOELIEB-0169,pansharpened_reflectance_401e6b905b,2026-01-22,pansharpened_reflectance+manual_review,24.5,5.585,0.33505696058273315,0.3364928364753723,0.27204883098602295,0.42421281337738037,0.5025045871734619,,,,0.33505696058273315,37.0,0.628,0.507,0.0,True,"Field inspection: check irrigation, pruning, stress.",1070.9796142578125,868.0,642.9285888671875,2140.69384765625,unreviewed,auto
KOG-THOELIEB-0170,pansharpened_reflectance_401e6b905b,2026-01-22,pansharpened_reflectance+manual_review,36.5,6.817,0.3045722246170044,0.3031002879142761,0.25612199306488037,0.4304234981536865,0.4567912518978119,,,,0.3045722246170044,30.9,0.652,0.49,0.0,True,"Field inspection: check irrigation, pruning, stress.",1265.0889892578125,956.74658203125,685.4451904296875,2364.924560546875,unreviewed,auto
KOG-THOELIEB-0171,pansharpened_reflectance_401e6b905b,2026-01-22,pansharpened_reflectance+manual_review,27.5,5.917,0.2922291159629822,0.28812724351882935,0.2556115984916687,0.3977956473827362,0.4382745921611786,,,,0.2922291159629822,32.4,0.705,0.447,0.0,True,"Field inspection: check irrigation, pruning, stress.",1164.92724609375,920.4363403320312,665.4818115234375,2118.78173828125,unreviewed,auto
KOG-THOELIEB-0172,pansharpened_reflectance_401e6b905b,2026-01-22,pansharpened_reflectance+manual_review,29.0,6.077,0.3125441372394562,0.3062366843223572,0.2622106671333313,0.40203508734703064,0.4687296450138092,,,,0.3125441372394562,36.5,0.806,0.367,0.0,True,"Field inspection: check irrigation, pruning, stress.",962.7155151367188,784.02587890625,571.637939453125,1829.189697265625,unreviewed,auto
KOG-THOELIEB-0173,pansharpened_reflectance_401e6b905b,2026-01-22,pansharpened_reflectance+manual_review,22.5,5.352,0.3081604540348053,0.30697059631347656,0.2580312490463257,0.4227040708065033,0.46215951442718506,,,,0.3081604540348053,31.6,0.625,0.509,0.0,True,"Field inspection: check irrigation, pruning, stress.",1032.7332763671875,795.7666625976562,593.3666381835938,1939.244384765625,unreviewed,auto
KOG-THOELIEB-0174,pansharpened_reflectance_401e6b905b,2026-01-22,pansharpened_reflectance+manual_review,32.0,6.383,0.3039218783378601,0.30481231212615967,0.26142457127571106,0.4051932394504547,0.45579585433006287,,,,0.3039218783378601,30.8,0.61,0.522,0.0,True,"Field inspection: check irrigation, pruning, stress.",944.046875,756.15625,564.328125,1770.5859375,unreviewed,auto
KOG-THOELIEB-0175,pansharpened_reflectance_401e6b905b,2026-01-22,pansharpened_reflectance+manual_review,25.75,5.726,0.29762008786201477,0.29745492339134216,0.25629299879074097,0.4053795039653778,0.4463570713996887,,,,0.29762008786201477,33.5,0.78,0.388,0.0,True,"Field inspection: check irrigation, pruning, stress.",1103.3592529296875,870.378662109375,643.3592529296875,2038.2232666015625,unreviewed,auto
KOG-THOELIEB-0176,pansharpened_reflectance_401e6b905b,2026-01-22,pansharpened_reflectance+manual_review,27.0,5.863,0.29636216163635254,0.293040931224823,0.26194605231285095,0.41319337487220764,0.4444664418697357,,,,0.29636216163635254,33.3,0.701,0.498,0.0,True,"Field inspection: check irrigation, pruning, stress.",1062.9073486328125,825.9815063476562,628.7684936523438,1955.5555419921875,unreviewed,auto
KOG-THOELIEB-0177,pansharpened_reflectance_401e6b905b,2026-01-22,pansharpened_reflectance+manual_review,33.5,6.531,0.29189905524253845,0.28730112314224243,0.2559416890144348,0.4142623543739319,0.43777701258659363,,,,0.29189905524253845,32.4,0.705,0.499,0.0,True,"Field inspection: check irrigation, pruning, stress.",1178.6119384765625,905.15673828125,644.8134155273438,2132.596923828125,unreviewed,auto
KOG-THOELIEB-0178,pansharpened_reflectance_401e6b905b,2026-01-22,pansharpened_reflectance+manual_review,24.5,5.585,0.2862306535243988,0.2809383273124695,0.2539138197898865,0.39568814635276794,0.42927250266075134,,,,0.2862306535243988,27.2,0.544,0.578,0.0,True,"Field inspection: check irrigation, pruning, stress.",1086.1837158203125,847.6734619140625,621.2346801757812,1948.1837158203125,unreviewed,auto
KOG-THOELIEB-0179,pansharpened_reflectance_401e6b905b,2026-01-22,pansharpened_reflectance+manual_review,26.75,5.836,0.2821846604347229,0.28176796436309814,0.25544849038124084,0.40813353657722473,0.4232110381126404,,,,0.2821846604347229,26.4,0.695,0.462,0.0,True,"Field inspection: check irrigation, pruning, stress.",1202.3551025390625,904.4859619140625,650.5607299804688,2138.73828125,unreviewed,auto
KOG-THOELIEB-0180,pansharpened_reflectance_401e6b905b,2026-01-22,pansharpened_reflectance+manual_review,26.5,5.809,0.28249478340148926,0.28160935640335083,0.25631988048553467,0.3981131315231323,0.423675537109375,,,,0.28249478340148926,26.5,0.627,0.507,0.0,True,"Field inspection: check irrigation, pruning, stress.",1170.782958984375,901.632080078125,629.1697998046875,2087.311279296875,unreviewed,auto
KOG-THOELIEB-0181,pansharpened_reflectance_401e6b905b,2026-01-22,pansharpened_reflectance+manual_review,21.0,5.171,0.2950133681297302,0.2924341559410095,0.2575990557670593,0.4234040081501007,0.44244247674942017,,,,0.2950133681297302,33.0,0.764,0.402,0.0,True,"Field inspection: check irrigation, pruning, stress.",1051.25,783.4166870117188,579.15478515625,1920.642822265625,unreviewed,auto
KOG-THOELIEB-0182,pansharpened_reflectance_401e6b905b,2026-01-22,pansharpened_reflectance+manual_review,26.0,5.754,0.28117895126342773,0.27986350655555725,0.25442150235176086,0.40219101309776306,0.4217051863670349,,,,0.28117895126342773,26.2,0.667,0.477,0.0,True,"Field inspection: check irrigation, pruning, stress.",1271.1153564453125,967.9903564453125,681.6538696289062,2255.6826171875,unreviewed,auto
KOG-THOELIEB-0183,pansharpened_reflectance_401e6b905b,2026-01-22,pansharpened_reflectance+manual_review,32.25,6.408,0.3200913667678833,0.31322363018989563,0.26332107186317444,0.42088618874549866,0.4800618588924408,,,,0.3200913667678833,34.0,0.576,0.55,0.0,True,"Field inspection: check irrigation, pruning, stress.",1137.8216552734375,900.06201171875,658.9844970703125,2187.031005859375,unreviewed,auto
KOG-THOELIEB-0184,pansharpened_reflectance_401e6b905b,2026-01-22,pansharpened_reflectance+manual_review,35.5,6.723,0.3219168782234192,0.3129333555698395,0.2628059387207031,0.4265775680541992,0.48279914259910583,,,,0.3219168782234192,34.4,0.467,0.656,0.0,True,"Field inspection: check irrigation, pruning, stress.",1124.056396484375,882.8239135742188,631.4154663085938,2176.225341796875,unreviewed,auto
KOG-THOELIEB-0186,pansharpened_reflectance_401e6b905b,2026-01-22,pansharpened_reflectance+manual_review,20.0,5.046,0.284054696559906,0.2827097773551941,0.2591342628002167,0.3762144446372986,0.42600297927856445,,,,0.284054696559906,30.8,0.8,0.43,0.0,True,"Field inspection: check irrigation, pruning, stress.",971.0750122070312,791.9500122070312,631.5,1746.375,unreviewed,auto
KOG-THOELIEB-0187,pansharpened_reflectance_401e6b905b,2026-01-22,pansharpened_reflectance+manual_review,23.25,5.441,0.29141271114349365,0.2901678681373596,0.2575087249279022,0.40276435017585754,0.43704506754875183,,,,0.29141271114349365,32.3,0.775,0.396,0.0,True,"Field inspection: check irrigation, pruning, stress.",1067.731201171875,826.279541015625,610.2903442382812,1943.8387451171875,unreviewed,auto
KOG-THOELIEB-0188,pansharpened_reflectance_401e6b905b,2026-01-22,pansharpened_reflectance+manual_review,25.25,5.67,0.3074786067008972,0.3078337609767914,0.26346951723098755,0.3996327817440033,0.46113669872283936,,,,0.3074786067008972,31.5,0.647,0.492,0.0,True,"Field inspection: check irrigation, pruning, stress.",996.7525024414062,806.6138916015625,601.4356689453125,1876.6336669921875,unreviewed,auto
KOG-THOELIEB-0189,pansharpened_reflectance_401e6b905b,2026-01-22,pansharpened_reflectance+manual_review,20.5,5.109,0.2836208939552307,0.2801882326602936,0.25729817152023315,0.387530654668808,0.4253561794757843,,,,0.2836208939552307,30.7,0.82,0.356,0.0,True,"Field inspection: check irrigation, pruning, stress.",1033.56103515625,819.8414916992188,614.8536376953125,1851.231689453125,unreviewed,auto
KOG-THOELIEB-0190,pansharpened_reflectance_401e6b905b,2026-01-22,pansharpened_reflectance+manual_review,28.5,6.024,0.31542304158210754,0.3093569874763489,0.26010119915008545,0.436035692691803,0.4730726182460785,,,,0.31542304158210754,33.1,0.626,0.509,0.0,True,"Field inspection: check irrigation, pruning, stress.",1353.3157958984375,1022.9561157226562,756.1754150390625,2602.03515625,unreviewed,auto
KOG-THOELIEB-0191,pansharpened_reflectance_401e6b905b,2026-01-22,pansharpened_reflectance+manual_review,24.25,5.557,0.2978137135505676,0.2943534851074219,0.25901687145233154,0.3936290144920349,0.44664275646209717,,,,0.2978137135505676,33.6,0.802,0.37,0.0,True,"Field inspection: check irrigation, pruning, stress.",1031.91748046875,828.319580078125,617.0618286132812,1901.7113037109375,unreviewed,auto
KOG-THOELIEB-0192,pansharpened_reflectance_401e6b905b,2026-01-22,pansharpened_reflectance+manual_review,18.25,4.82,0.2876152992248535,0.2849404215812683,0.2556048035621643,0.39842554926872253,0.43134909868240356,,,,0.2876152992248535,31.5,0.737,0.427,0.0,True,"Field inspection: check irrigation, pruning, stress.",1062.5205078125,827.0410766601562,601.0410766601562,1914.616455078125,unreviewed,auto
KOG-THOELIEB-0193,pansharpened_reflectance_401e6b905b,2026-01-22,pansharpened_reflectance+manual_review,27.5,5.917,0.2911677956581116,0.2909490466117859,0.2575191259384155,0.37933117151260376,0.4366690516471863,,,,0.2911677956581116,32.2,0.769,0.4,0.0,True,"Field inspection: check irrigation, pruning, stress.",956.9818115234375,784.7817993164062,591.4363403320312,1740.9454345703125,unreviewed,auto
KOG-THOELIEB-0194,pansharpened_reflectance_401e6b905b,2026-01-22,pansharpened_reflectance+manual_review,32.0,6.383,0.3232094645500183,0.31906983256340027,0.26281338930130005,0.4226266145706177,0.48473677039146423,,,,0.3232094645500183,38.6,0.703,0.448,0.0,True,"Field inspection: check irrigation, pruning, stress.",1110.921875,879.5078125,647.2109375,2167.171875,unreviewed,auto
KOG-THOELIEB-0195,pansharpened_reflectance_401e6b905b,2026-01-22,pansharpened_reflectance+manual_review,27.0,5.863,0.29445680975914,0.2918502986431122,0.25489357113838196,0.3944980502128601,0.44160810112953186,,,,0.29445680975914,32.9,0.701,0.457,0.0,True,"Field inspection: check irrigation, pruning, stress.",1035.2314453125,824.870361328125,635.8333129882812,1892.7314453125,unreviewed,auto
KOG-THOELIEB-0196,pansharpened_reflectance_401e6b905b,2026-01-22,pansharpened_reflectance+manual_review,25.25,5.67,0.31833475828170776,0.31634321808815,0.26310816407203674,0.42540666460990906,0.47742608189582825,,,,0.31833475828170776,33.7,0.647,0.492,0.0,True,"Field inspection: check irrigation, pruning, stress.",1150.128662109375,904.5445556640625,670.1188354492188,2209.158447265625,unreviewed,auto
KOG-THOELIEB-0197,pansharpened_reflectance_401e6b905b,2026-01-22,pansharpened_reflectance+manual_review,32.5,6.433,0.35139000415802,0.3404044508934021,0.2629997134208679,0.4236219525337219,0.5269931554794312,,,,0.35139000415802,40.3,0.588,0.546,0.0,True,"Field inspection: check irrigation, pruning, stress.",947.59228515625,801.90771484375,602.90771484375,1975.5845947265625,unreviewed,auto
KOG-THOELIEB-0198,pansharpened_reflectance_401e6b905b,2026-01-22,pansharpened_reflectance+manual_review,29.75,6.155,0.2903671860694885,0.28245362639427185,0.25718843936920166,0.3883724510669708,0.4354669153690338,,,,0.2903671860694885,28.1,0.654,0.487,0.0,True,"Field inspection: check irrigation, pruning, stress.",941.8739624023438,755.0840454101562,591.621826171875,1709.1680908203125,unreviewed,auto
KOG-THOELIEB-0199,pansharpened_reflectance_401e6b905b,2026-01-22,pansharpened_reflectance+manual_review,23.0,5.412,0.27915671467781067,0.27540040016174316,0.2546465992927551,0.4206539988517761,0.4186672270298004,,,,0.27915671467781067,29.8,0.836,0.403,0.0,True,"Field inspection: check irrigation, pruning, stress.",1154.25,844.0652465820312,643.0869750976562,2048.097900390625,unreviewed,auto
KOG-THOELIEB-0200,pansharpened_reflectance_401e6b905b,2026-01-22,pansharpened_reflectance+manual_review,28.0,5.971,0.31577011942863464,0.3086862564086914,0.26377347111701965,0.41991862654685974,0.4735768139362335,,,,0.31577011942863464,37.2,0.862,0.335,0.0,True,"Field inspection: check irrigation, pruning, stress.",1069.0267333984375,839.8571166992188,634.125,2049.392822265625,unreviewed,auto
KOG-THOELIEB-0201,pansharpened_reflectance_401e6b905b,2026-01-22,pansharpened_reflectance+manual_review,27.75,5.944,0.32259365916252136,0.32433950901031494,0.2683337926864624,0.41055864095687866,0.4838102161884308,,,,0.32259365916252136,34.5,0.661,0.484,0.0,True,"Field inspection: check irrigation, pruning, stress.",1072.6126708984375,874.6846923828125,661.1531372070312,2085.072021484375,unreviewed,auto
KOG-THOELIEB-0202,pansharpened_reflectance_401e6b905b,2026-01-22,pansharpened_reflectance+manual_review,22.5,5.352,0.2850382924079895,0.27926117181777954,0.2560737133026123,0.40723085403442383,0.4275003969669342,,,,0.2850382924079895,31.0,0.744,0.416,0.0,True,"Field inspection: check irrigation, pruning, stress.",1463.0555419921875,1126.2332763671875,825.0333251953125,2613.300048828125,unreviewed,auto
KOG-THOELIEB-0203,pansharpened_reflectance_401e6b905b,2026-01-22,pansharpened_reflectance+manual_review,20.25,5.078,0.28365185856819153,0.2835671305656433,0.2569558024406433,0.41591304540634155,0.42541050910949707,,,,0.28365185856819153,30.7,0.81,0.364,0.0,True,"Field inspection: check irrigation, pruning, stress.",1176.1851806640625,872.74072265625,635.4444580078125,2104.370361328125,unreviewed,auto
KOG-THOELIEB-0204,pansharpened_reflectance_401e6b905b,2026-01-22,pansharpened_reflectance+manual_review,24.25,5.557,0.2849286198616028,0.2825564742088318,0.2577972412109375,0.4175393283367157,0.4273291826248169,,,,0.2849286198616028,31.0,0.735,0.424,0.0,True,"Field inspection: check irrigation, pruning, stress.",1258.2061767578125,933.9896850585938,673.45361328125,2252.134033203125,unreviewed,auto
KOG-THOELIEB-0205,pansharpened_reflectance_401e6b905b,2026-01-22,pansharpened_reflectance+manual_review,17.75,4.754,0.2843492031097412,0.28546255826950073,0.25882628560066223,0.4038466811180115,0.42645251750946045,,,,0.2843492031097412,30.9,0.789,0.382,0.0,True,"Field inspection: check irrigation, pruning, stress.",1112.408447265625,848.9014282226562,605.9295654296875,1989.3802490234375,unreviewed,auto
KOG-THOELIEB-0206,pansharpened_reflectance_401e6b905b,2026-01-22,pansharpened_reflectance+manual_review,26.0,5.754,0.28496286273002625,0.2824585437774658,0.25653257966041565,0.4060751795768738,0.42737072706222534,,,,0.28496286273002625,27.0,0.63,0.517,0.0,True,"Field inspection: check irrigation, pruning, stress.",1063.480712890625,810.1057739257812,597.701904296875,1910.25,unreviewed,auto
KOG-THOELIEB-0207,pansharpened_reflectance_401e6b905b,2026-01-22,pansharpened_reflectance+manual_review,24.5,5.585,0.30196699500083923,0.3021869659423828,0.2612787187099457,0.4097557067871094,0.4528700113296509,,,,0.30196699500083923,30.4,0.628,0.507,0.0,True,"Field inspection: check irrigation, pruning, stress.",1004.5612182617188,787.3877563476562,589.244873046875,1870.4285888671875,unreviewed,auto
KOG-THOELIEB-0208,pansharpened_reflectance_401e6b905b,2026-01-22,pansharpened_reflectance+manual_review,19.25,4.951,0.28912776708602905,0.2870275676250458,0.25875067710876465,0.39285150170326233,0.4336119294166565,,,,0.28912776708602905,31.8,0.778,0.395,0.0,True,"Field inspection: check irrigation, pruning, stress.",988.9869995117188,779.0260009765625,597.2337646484375,1791.4285888671875,unreviewed,auto
KOG-THOELIEB-0209,pansharpened_reflectance_401e6b905b,2026-01-22,pansharpened_reflectance+manual_review,19.75,5.015,0.29306092858314514,0.29234087467193604,0.25442901253700256,0.38315778970718384,0.43950825929641724,,,,0.29306092858314514,28.6,0.653,0.487,0.0,True,"Field inspection: check irrigation, pruning, stress.",959.0632934570312,780.6962280273438,607.8860473632812,1745.253173828125,unreviewed,auto
KOG-THOELIEB-0210,pansharpened_reflectance_401e6b905b,2026-01-22,pansharpened_reflectance+manual_review,23.75,5.499,0.3009766638278961,0.2984977066516876,0.25931015610694885,0.4139504134654999,0.4513779580593109,,,,0.3009766638278961,34.2,0.72,0.436,0.0,True,"Field inspection: check irrigation, pruning, stress.",941.7789306640625,728.7684326171875,533.189453125,1745.2315673828125,unreviewed,auto
KOG-THOELIEB-0211,pansharpened_reflectance_401e6b905b,2026-01-22,pansharpened_reflectance+manual_review,22.5,5.352,0.28592202067375183,0.2872585952281952,0.2567124366760254,0.39268848299980164,0.42880523204803467,,,,0.28592202067375183,31.2,0.75,0.509,0.0,True,"Field inspection: check irrigation, pruning, stress.",1019.2666625976562,806.9666748046875,618.7666625976562,1828.4000244140625,unreviewed,auto
KOG-THOELIEB-0212,pansharpened_reflectance_401e6b905b,2026-01-22,pansharpened_reflectance+manual_review,17.5,4.72,0.2793773412704468,0.27909788489341736,0.2561914622783661,0.38751834630966187,0.41898998618125916,,,,0.2793773412704468,25.9,0.7,0.45,0.0,True,"Field inspection: check irrigation, pruning, stress.",1008.8285522460938,790.7142944335938,590.7142944335938,1788.2427978515625,unreviewed,auto
KOG-THOELIEB-0213,pansharpened_reflectance_401e6b905b,2026-01-22,pansharpened_reflectance+manual_review,22.25,5.323,0.28235921263694763,0.2811211943626404,0.25502243638038635,0.4092472493648529,0.4234704375267029,,,,0.28235921263694763,30.5,0.742,0.471,0.0,True,"Field inspection: check irrigation, pruning, stress.",1146.494384765625,866.2808837890625,662.516845703125,2049.0224609375,unreviewed,auto
KOG-THOELIEB-0214,pansharpened_reflectance_401e6b905b,2026-01-22,pansharpened_reflectance+manual_review,23.75,5.499,0.28657808899879456,0.28337085247039795,0.2574012875556946,0.40164023637771606,0.4297880530357361,,,,0.28657808899879456,27.3,0.617,0.522,0.0,True,"Field inspection: check irrigation, pruning, stress.",997.5789184570312,778.0736694335938,586.9368286132812,1801.705322265625,unreviewed,auto
KOG-THOELIEB-0215,pansharpened_reflectance_401e6b905b,2026-01-22,pansharpened_reflectance+manual_review,25.0,5.642,0.28911328315734863,0.28233033418655396,0.2586226463317871,0.41759559512138367,0.43359827995300293,,,,0.28911328315734863,31.8,0.714,0.455,0.0,True,"Field inspection: check irrigation, pruning, stress.",1136.1400146484375,851.469970703125,632.8800048828125,2050.030029296875,unreviewed,auto
KOG-THOELIEB-0216,pansharpened_reflectance_401e6b905b,2026-01-22,pansharpened_reflectance+manual_review,25.0,5.642,0.3193920850753784,0.31015878915786743,0.26680609583854675,0.4241388738155365,0.4790079593658447,,,,0.3193920850753784,37.9,0.714,0.455,0.0,True,"Field inspection: check irrigation, pruning, stress.",1029.280029296875,806.8200073242188,589.3699951171875,1989.739990234375,unreviewed,auto
KOG-THOELIEB-0217,pansharpened_reflectance_401e6b905b,2026-01-22,pansharpened_reflectance+manual_review,18.5,4.853,0.2785802185535431,0.27684640884399414,0.2558518350124359,0.4029912054538727,0.41779470443725586,,,,0.2785802185535431,25.7,0.673,0.473,0.0,True,"Field inspection: check irrigation, pruning, stress.",1008.2567749023438,763.310791015625,543.2973022460938,1786.2838134765625,unreviewed,auto
KOG-THOELIEB-0218,pansharpened_reflectance_401e6b905b,2026-01-22,pansharpened_reflectance+manual_review,12.0,3.909,0.2791380286216736,0.2780606746673584,0.25432083010673523,0.3972949683666229,0.41863536834716797,,,,0.2791380286216736,29.8,0.762,0.411,0.0,True,"Field inspection: check irrigation, pruning, stress.",1063.8958740234375,813.1458129882812,606.0208129882812,1885.125,unreviewed,auto
KOG-THOELIEB-0219,pansharpened_reflectance_401e6b905b,2026-01-22,pansharpened_reflectance+manual_review,17.0,4.652,0.3021886944770813,0.30806785821914673,0.262318879365921,0.3966602087020874,0.4532110393047333,,,,0.3021886944770813,30.4,0.618,0.516,0.0,True,"Field inspection: check irrigation, pruning, stress.",1133.8382568359375,913.1029663085938,692.3529663085938,2107.191162109375,unreviewed,auto
KOG-THOELIEB-0220,pansharpened_reflectance_401e6b905b,2026-01-22,pansharpened_reflectance+manual_review,18.5,4.853,0.3087935447692871,0.3030799329280853,0.2607978582382202,0.39679378271102905,0.4631173014640808,,,,0.3087935447692871,31.8,0.617,0.52,0.0,True,"Field inspection: check irrigation, pruning, stress.",1143.189208984375,931.689208984375,697.5540771484375,2145.70263671875,unreviewed,auto
KOG-THOELIEB-0221,pansharpened_reflectance_401e6b905b,2026-01-22,pansharpened_reflectance+manual_review,17.0,4.652,0.2737157940864563,0.2731877267360687,0.25502490997314453,0.40410685539245605,0.41049692034721375,,,,0.2737157940864563,24.7,0.687,0.466,0.0,True,"Field inspection: check irrigation, pruning, stress.",1017.13232421875,770.6470336914062,579.6764526367188,1783.191162109375,unreviewed,auto
KOG-THOELIEB-0222,pansharpened_reflectance_401e6b905b,2026-01-22,pansharpened_reflectance+manual_review,16.75,4.618,0.27699559926986694,0.2779388129711151,0.25479575991630554,0.4166822135448456,0.4154335558414459,,,,0.27699559926986694,29.4,0.744,0.417,0.0,True,"Field inspection: check irrigation, pruning, stress.",1297.7462158203125,948.7611694335938,678.8507690429688,2284.880615234375,unreviewed,auto
KOG-THOELIEB-0223,pansharpened_reflectance_401e6b905b,2026-01-22,pansharpened_reflectance+manual_review,18.25,4.82,0.2716168165206909,0.2690391540527344,0.25285106897354126,0.38502827286720276,0.4073532223701477,,,,0.2716168165206909,24.3,0.664,0.566,0.0,True,"Field inspection: check irrigation, pruning, stress.",1051.4520263671875,816.6712036132812,593.1506958007812,1835.3424072265625,unreviewed,auto
KOG-THOELIEB-0224,pansharpened_reflectance_401e6b905b,2026-01-22,pansharpened_reflectance+manual_review,9.5,3.478,0.2845788896083832,0.28462058305740356,0.2597881555557251,0.38303524255752563,0.42676520347595215,,,,0.2845788896083832,30.9,0.844,0.391,0.0,True,"Field inspection: check irrigation, pruning, stress.",746.2105102539062,599.23681640625,434.5,1338.6842041015625,unreviewed,auto
KOG-THOELIEB-0225,pansharpened_reflectance_401e6b905b,2026-01-22,pansharpened_reflectance+manual_review,14.75,4.334,0.27539053559303284,0.2746153771877289,0.2523012161254883,0.40081149339675903,0.4130105674266815,,,,0.27539053559303284,25.1,0.67,0.487,0.0,True,"Field inspection: check irrigation, pruning, stress.",1002.8983154296875,756.3389892578125,577.3898315429688,1766.8983154296875,unreviewed,auto
KOG-THOELIEB-0226,pansharpened_reflectance_401e6b905b,2026-01-22,pansharpened_reflectance+manual_review,16.5,4.583,0.26463642716407776,0.26418426632881165,0.25267255306243896,0.42502570152282715,0.3969036638736725,,,,0.26463642716407776,26.9,0.733,0.426,0.0,True,"Field inspection: check irrigation, pruning, stress.",1508.0,1058.197021484375,747.257568359375,2586.939453125,unreviewed,auto
KOG-THOELIEB-0227,pansharpened_reflectance_401e6b905b,2026-01-22,pansharpened_reflectance+manual_review,14.5,4.297,0.2735763490200043,0.272251695394516,0.2541693449020386,0.3990664780139923,0.41029030084609985,,,,0.2735763490200043,28.7,0.716,0.438,0.0,True,"Field inspection: check irrigation, pruning, stress.",1013.1724243164062,764.1724243164062,533.27587890625,1774.4827880859375,unreviewed,auto
KOG-THOELIEB-0228,pansharpened_reflectance_401e6b905b,2026-01-22,pansharpened_reflectance+manual_review,13.25,4.107,0.272810161113739,0.27391472458839417,0.2542841136455536,0.4059063196182251,0.4091462790966034,,,,0.272810161113739,28.6,0.736,0.424,0.0,True,"Field inspection: check irrigation, pruning, stress.",1094.8868408203125,811.2264404296875,595.9056396484375,1915.0943603515625,unreviewed,auto
KOG-THOELIEB-0229,pansharpened_reflectance_401e6b905b,2026-01-22,pansharpened_reflectance+manual_review,12.25,3.949,0.2765164077281952,0.276113361120224,0.2555244565010071,0.40646594762802124,0.41470247507095337,,,,0.2765164077281952,29.3,0.766,0.399,0.0,True,"Field inspection: check irrigation, pruning, stress.",1125.938720703125,852.2857055664062,625.8571166992188,1978.061279296875,unreviewed,auto
KOG-THOELIEB-0230,pansharpened_reflectance_401e6b905b,2026-01-22,pansharpened_reflectance+manual_review,14.75,4.334,0.27954384684562683,0.27919113636016846,0.2570512890815735,0.38357290625572205,0.4192391335964203,,,,0.27954384684562683,29.9,0.728,0.428,0.0,True,"Field inspection: check irrigation, pruning, stress.",1001.3728637695312,794.1356201171875,568.1356201171875,1777.4576416015625,unreviewed,auto
KOG-THOELIEB-0231,pansharpened_reflectance_401e6b905b,2026-01-22,pansharpened_reflectance+manual_review,14.25,4.26,0.2751730680465698,0.27413126826286316,0.2545897662639618,0.37290167808532715,0.4126880466938019,,,,0.2751730680465698,29.0,0.814,0.38,0.0,True,"Field inspection: check irrigation, pruning, stress.",1062.859619140625,858.1578979492188,648.0,1868.8245849609375,unreviewed,auto
KOG-THOELIEB-0232,pansharpened_reflectance_401e6b905b,2026-01-22,pansharpened_reflectance+manual_review,15.0,4.37,0.27996355295181274,0.27812445163726807,0.257135272026062,0.3948823809623718,0.4198780357837677,,,,0.27996355295181274,30.0,0.857,0.348,0.0,True,"Field inspection: check irrigation, pruning, stress.",1140.433349609375,881.4000244140625,649.7166748046875,2026.449951171875,unreviewed,auto
KOG-THOELIEB-0233,pansharpened_reflectance_401e6b905b,2026-01-22,pansharpened_reflectance+manual_review,12.25,3.949,0.31776705384254456,0.3169398903846741,0.26532313227653503,0.432488352060318,0.4765721261501312,,,,0.31776705384254456,33.6,0.544,0.574,0.0,True,"Field inspection: check irrigation, pruning, stress.",1050.8775634765625,804.3673706054688,586.1224365234375,2023.30615234375,unreviewed,auto
KOG-THOELIEB-0234,pansharpened_reflectance_401e6b905b,2026-01-22,pansharpened_reflectance+manual_review,14.5,4.297,0.27213287353515625,0.2702147662639618,0.25410202145576477,0.40351107716560364,0.40812790393829346,,,,0.27213287353515625,28.4,0.725,0.438,0.0,True,"Field inspection: check irrigation, pruning, stress.",1057.0,786.3965454101562,575.1034545898438,1844.637939453125,unreviewed,auto
KOG-THOELIEB-0235,pansharpened_reflectance_401e6b905b,2026-01-22,pansharpened_reflectance+manual_review,13.75,4.184,0.27990591526031494,0.27937132120132446,0.25700387358665466,0.39391687512397766,0.4197900891304016,,,,0.27990591526031494,26.0,0.679,0.467,0.0,True,"Field inspection: check irrigation, pruning, stress.",1115.54541015625,863.0181884765625,637.69091796875,1982.4000244140625,unreviewed,auto
KOG-THOELIEB-0236,pansharpened_reflectance_401e6b905b,2026-01-22,pansharpened_reflectance+manual_review,19.0,4.918,0.3115147650241852,0.3053027391433716,0.2600943446159363,0.3965705335140228,0.46719294786453247,,,,0.3115147650241852,32.3,0.576,0.549,0.0,True,"Field inspection: check irrigation, pruning, stress.",1060.2894287109375,870.6447143554688,668.8289184570312,2013.7105712890625,unreviewed,auto
KOG-THOELIEB-0237,pansharpened_reflectance_401e6b905b,2026-01-22,pansharpened_reflectance+manual_review,11.25,3.785,0.2659910023212433,0.26529461145401,0.2553097903728485,0.3970319628715515,0.39891281723976135,,,,0.2659910023212433,27.2,0.714,0.448,0.0,True,"Field inspection: check irrigation, pruning, stress.",1053.2889404296875,789.95556640625,579.7333374023438,1812.5999755859375,unreviewed,auto
KOG-THOELIEB-0238,pansharpened_reflectance_401e6b905b,2026-01-22,pansharpened_reflectance+manual_review,16.0,4.514,0.2872266471385956,0.28552836179733276,0.25518640875816345,0.408497154712677,0.4307689368724823,,,,0.2872266471385956,27.4,0.582,0.544,0.0,True,"Field inspection: check irrigation, pruning, stress.",1120.296875,853.609375,640.265625,2019.1875,unreviewed,auto
KOG-THOELIEB-0239,pansharpened_reflectance_401e6b905b,2026-01-22,pansharpened_reflectance+manual_review,15.5,4.442,0.2666141390800476,0.26714998483657837,0.2527105510234833,0.41331425309181213,0.39984744787216187,,,,0.2666141390800476,27.3,0.765,0.46,0.0,True,"Field inspection: check irrigation, pruning, stress.",1029.758056640625,746.1129150390625,563.3870849609375,1774.9031982421875,unreviewed,auto
KOG-THOELIEB-0240,pansharpened_reflectance_401e6b905b,2026-01-22,pansharpened_reflectance+manual_review,19.5,4.983,0.3160232603549957,0.3139300048351288,0.2614724934101105,0.422037810087204,0.47396165132522583,,,,0.3160232603549957,33.2,0.5,0.608,0.0,True,"Field inspection: check irrigation, pruning, stress.",1158.7821044921875,905.0384521484375,691.423095703125,2214.08984375,unreviewed,auto
KOG-THOELIEB-0241,pansharpened_reflectance_401e6b905b,2026-01-22,pansharpened_reflectance+manual_review,12.5,3.989,0.2873808741569519,0.2867317199707031,0.26056674122810364,0.3952654302120209,0.4309951364994049,,,,0.2873808741569519,27.5,0.694,0.456,0.0,True,"Field inspection: check irrigation, pruning, stress.",1029.1400146484375,806.0999755859375,594.4199829101562,1854.5,unreviewed,auto
KOG-THOELIEB-0242,pansharpened_reflectance_401e6b905b,2026-01-22,pansharpened_reflectance+manual_review,15.5,4.442,0.28053751587867737,0.28269946575164795,0.2550510764122009,0.4211556315422058,0.42073148488998413,,,,0.28053751587867737,26.1,0.626,0.513,0.0,True,"Field inspection: check irrigation, pruning, stress.",1048.51611328125,764.8064575195312,591.9677124023438,1865.6451416015625,unreviewed,auto
KOG-THOELIEB-0243,pansharpened_reflectance_401e6b905b,2026-01-22,pansharpened_reflectance+manual_review,10.0,3.568,0.270232617855072,0.26803386211395264,0.2526572346687317,0.40145963430404663,0.40526384115219116,,,,0.270232617855072,28.0,0.714,0.441,0.0,True,"Field inspection: check irrigation, pruning, stress.",897.1749877929688,673.625,474.07501220703125,1560.0,unreviewed,auto
KOG-THOELIEB-0244,pansharpened_reflectance_401e6b905b,2026-01-22,pansharpened_reflectance+manual_review,13.25,4.107,0.26000097393989563,0.257787823677063,0.2522203326225281,0.40704187750816345,0.38994768261909485,,,,0.26000097393989563,22.0,0.654,0.486,0.0,True,"Field inspection: check irrigation, pruning, stress.",1381.132080078125,996.0943603515625,730.867919921875,2347.56591796875,unreviewed,auto
KOG-THOELIEB-0245,pansharpened_reflectance_401e6b905b,2026-01-22,pansharpened_reflectance+manual_review,12.75,4.029,0.2761502265930176,0.27757909893989563,0.25517240166664124,0.41910526156425476,0.4141552150249481,,,,0.2761502265930176,29.2,0.797,0.374,0.0,True,"Field inspection: check irrigation, pruning, stress.",1131.2156982421875,823.62744140625,572.1961059570312,1985.509765625,unreviewed,auto
KOG-THOELIEB-0246,pansharpened_reflectance_401e6b905b,2026-01-22,pansharpened_reflectance+manual_review,14.0,4.222,0.2659907042980194,0.2647017538547516,0.25413793325424194,0.4095854163169861,0.398920476436615,,,,0.2659907042980194,23.2,0.7,0.457,0.0,True,"Field inspection: check irrigation, pruning, stress.",1141.0357666015625,829.2142944335938,579.8571166992188,1965.8392333984375,unreviewed,auto
KOG-THOELIEB-0247,pansharpened_reflectance_401e6b905b,2026-01-22,pansharpened_reflectance+manual_review,14.5,4.297,0.3155290484428406,0.3104178309440613,0.2589973509311676,0.4184007942676544,0.4732206463813782,,,,0.3155290484428406,33.1,0.58,0.544,0.0,True,"Field inspection: check irrigation, pruning, stress.",1143.1033935546875,899.6896362304688,685.2586059570312,2184.413818359375,unreviewed,auto
KOG-THOELIEB-0248,pansharpened_reflectance_401e6b905b,2026-01-22,pansharpened_reflectance+manual_review,12.75,4.029,0.26636555790901184,0.26519954204559326,0.2535293996334076,0.38298988342285156,0.399474173784256,,,,0.26636555790901184,27.3,0.708,0.446,0.0,True,"Field inspection: check irrigation, pruning, stress.",1008.8038940429688,783.0980224609375,581.1372680664062,1741.13720703125,unreviewed,auto
KOG-THOELIEB-0249,pansharpened_reflectance_401e6b905b,2026-01-22,pansharpened_reflectance+manual_review,9.25,3.432,0.2670406997203827,0.26801326870918274,0.2551978826522827,0.38481801748275757,0.4004921317100525,,,,0.2670406997203827,27.4,0.755,0.407,0.0,True,"Field inspection: check irrigation, pruning, stress.",1083.810791015625,834.0,596.4053955078125,1871.432373046875,unreviewed,auto
KOG-THOELIEB-0250,pansharpened_reflectance_401e6b905b,2026-01-22,pansharpened_reflectance+manual_review,8.5,3.29,0.27152079343795776,0.26816946268081665,0.2539008855819702,0.38325685262680054,0.4072192311286926,,,,0.27152079343795776,28.3,0.708,0.455,0.0,True,"Field inspection: check irrigation, pruning, stress.",1238.3529052734375,964.3529663085938,686.3529663085938,2156.7353515625,unreviewed,auto
KOG-THOELIEB-0251,pansharpened_reflectance_401e6b905b,2026-01-22,pansharpened_reflectance+manual_review,7.5,3.09,0.26540032029151917,0.26542237401008606,0.2564880847930908,0.40352869033813477,0.39802834391593933,,,,0.26540032029151917,27.1,0.714,0.442,0.0,True,"Field inspection: check irrigation, pruning, stress.",1029.199951171875,753.0333251953125,542.433349609375,1771.0,unreviewed,auto
KOG-THOELIEB-0252,pansharpened_reflectance_401e6b905b,2026-01-22,pansharpened_reflectance+manual_review,6.0,2.764,0.2649184763431549,0.26408976316452026,0.25308382511138916,0.42120543122291565,0.39731213450431824,,,,0.2649184763431549,27.0,0.8,0.377,0.0,True,"Field inspection: check irrigation, pruning, stress.",1131.7916259765625,795.6666870117188,535.8333129882812,1944.25,unreviewed,auto
KOG-THOELIEB-0253,pansharpened_reflectance_401e6b905b,2026-01-22,pansharpened_reflectance+manual_review,7.5,3.09,0.2609013020992279,0.2597813308238983,0.25236833095550537,0.3815876543521881,0.3912842869758606,,,,0.2609013020992279,26.2,0.714,0.442,0.0,True,"Field inspection: check irrigation, pruning, stress.",1077.13330078125,824.0,598.9666748046875,1837.2332763671875,unreviewed,auto
KOG-THOELIEB-0254,pansharpened_reflectance_401e6b905b,2026-01-22,pansharpened_reflectance+manual_review,8.75,3.338,0.2694658041000366,0.2724616527557373,0.255193829536438,0.392305463552475,0.40412330627441406,,,,0.2694658041000366,23.9,0.625,0.511,0.0,True,"Field inspection: check irrigation, pruning, stress.",1008.971435546875,769.0,524.4000244140625,1749.4571533203125,unreviewed,auto
KOG-THOELIEB-0255,pansharpened_reflectance_401e6b905b,2026-01-22,pansharpened_reflectance+manual_review,9.0,3.385,0.26852744817733765,0.26933377981185913,0.25199586153030396,0.3923855125904083,0.4027167558670044,,,,0.26852744817733765,23.7,0.643,0.497,0.0,True,"Field inspection: check irrigation, pruning, stress.",1024.8055419921875,778.0277709960938,556.6666870117188,1771.77783203125,unreviewed,auto
KOG-THOELIEB-0256,pansharpened_reflectance_401e6b905b,2026-01-22,pansharpened_reflectance+manual_review,8.25,3.241,0.2579537034034729,0.25770750641822815,0.25241100788116455,0.3903161287307739,0.38685935735702515,,,,0.2579537034034729,25.6,0.786,0.471,0.0,True,"Field inspection: check irrigation, pruning, stress.",1020.51513671875,761.3333129882812,589.3636474609375,1729.757568359375,unreviewed,auto
KOG-THOELIEB-0257,pansharpened_reflectance_401e6b905b,2026-01-22,pansharpened_reflectance+manual_review,6.25,2.821,0.26257047057151794,0.2634376883506775,0.25455647706985474,0.3738938570022583,0.3937876522541046,,,,0.26257047057151794,26.5,0.714,0.455,0.0,True,"Field inspection: check irrigation, pruning, stress.",1105.5999755859375,865.0800170898438,604.0,1889.8800048828125,unreviewed,auto
KOG-THOELIEB-0258,pansharpened_reflectance_401e6b905b,2026-01-22,pansharpened_reflectance+manual_review,5.25,2.585,0.2673117518424988,0.26770293712615967,0.2550415098667145,0.3990030288696289,0.40088582038879395,,,,0.2673117518424988,23.5,0.7,0.455,0.0,True,"Field inspection: check irrigation, pruning, stress.",929.2380981445312,698.4285888671875,478.80950927734375,1604.952392578125,unreviewed,auto
KOG-THOELIEB-0259,pansharpened_reflectance_401e6b905b,2026-01-22,pansharpened_reflectance+manual_review,4.25,2.326,0.281832218170166,0.2863290309906006,0.2626560926437378,0.4075999855995178,0.42267122864723206,,,,0.281832218170166,26.4,0.68,0.466,0.0,True,"Field inspection: check irrigation, pruning, stress.",1004.1764526367188,756.5294189453125,522.7647094726562,1789.3529052734375,unreviewed,auto
KOG-THOELIEB-0260,pansharpened_reflectance_401e6b905b,2026-01-22,pansharpened_reflectance+manual_review,6.0,2.764,0.27207398414611816,0.27295392751693726,0.2532729506492615,0.3983500897884369,0.4080537259578705,,,,0.27207398414611816,24.4,0.686,0.476,0.0,True,"Field inspection: check irrigation, pruning, stress.",1332.2916259765625,1000.875,739.5416870117188,2323.291748046875,unreviewed,auto
KOG-THOELIEB-0261,pansharpened_reflectance_401e6b905b,2026-01-22,pansharpened_reflectance+manual_review,6.0,2.764,0.2850828468799591,0.28169938921928406,0.254427433013916,0.3932201862335205,0.4275653660297394,,,,0.2850828468799591,27.0,0.6,0.554,0.0,True,"Field inspection: check irrigation, pruning, stress.",1304.7083740234375,1022.1666870117188,764.4583129882812,2343.0,unreviewed,auto
KOG-THOELIEB-0262,pansharpened_reflectance_401e6b905b,2026-01-22,pansharpened_reflectance+manual_review,3.25,2.034,0.25480207800865173,0.2556053698062897,0.2511826157569885,0.3918505311012268,0.38213369250297546,,,,0.25480207800865173,21.0,0.65,0.496,0.0,True,"Field inspection: check irrigation, pruning, stress.",1030.5384521484375,759.2307739257812,543.6923217773438,1734.923095703125,unreviewed,auto
KOG-THOELIEB-0263,pansharpened_reflectance_401e6b905b,2026-01-22,pansharpened_reflectance+manual_review,5.25,2.585,0.2640323042869568,0.263475626707077,0.2537401020526886,0.41716375946998596,0.39596912264823914,,,,0.2640323042869568,22.8,0.6,0.542,0.0,True,"Field inspection: check irrigation, pruning, stress.",971.7619018554688,697.8095092773438,516.8095092773438,1664.142822265625,unreviewed,auto
KOG-THOELIEB-0264,pansharpened_reflectance_401e6b905b,2026-01-22,pansharpened_reflectance+manual_review,2.0,1.596,0.2623581886291504,0.2619781494140625,0.25540661811828613,0.44364094734191895,0.39345869421958923,,,,0.2623581886291504,22.5,0.667,0.487,0.0,True,"Field inspection: check irrigation, pruning, stress.",937.125,621.25,371.75,1601.875,unreviewed,auto
KOG-THOELIEB-0265,pansharpened_reflectance_401e6b905b,2026-01-22,pansharpened_reflectance+manual_review,2.5,1.784,0.25321847200393677,0.25258034467697144,0.25084200501441956,0.42376405000686646,0.3797565698623657,,,,0.25321847200393677,20.6,0.625,0.509,0.0,True,"Field inspection: check irrigation, pruning, stress.",999.7000122070312,679.7999877929688,458.0,1677.5999755859375,unreviewed,auto
KOG-THOELIEB-0266,pansharpened_reflectance_401e6b905b,2026-01-22,pansharpened_reflectance+manual_review,2.5,1.784,0.25650009512901306,0.25593191385269165,0.2542750835418701,0.3882577121257782,0.3846901059150696,,,,0.25650009512901306,21.3,0.625,0.509,0.0,True,"Field inspection: check irrigation, pruning, stress.",1195.199951171875,891.9000244140625,685.5,2020.0,unreviewed,auto
KOG-THOELIEB-0267,pansharpened_reflectance_401e6b905b,2026-01-22,pansharpened_reflectance+manual_review,2.75,1.871,0.26840507984161377,0.2704135775566101,0.2531500458717346,0.37612390518188477,0.4025554358959198,,,,0.26840507984161377,23.7,0.55,0.573,0.0,True,"Field inspection: check irrigation, pruning, stress.",1430.3636474609375,1124.45458984375,812.9091186523438,2474.45458984375,unreviewed,auto
KOG-THOELIEB-0268,pansharpened_reflectance_401e6b905b,2026-01-22,pansharpened_reflectance+manual_review,2.25,1.693,0.28745579719543457,0.28723403811454773,0.25193914771080017,0.4085131883621216,0.43112167716026306,,,,0.28745579719543457,27.5,0.562,0.558,0.0,True,"Field inspection: check irrigation, pruning, stress.",1275.6666259765625,968.888916015625,695.3333129882812,2290.5556640625,unreviewed,auto
KOG-THOELIEB-0269,pansharpened_reflectance_401e6b905b,2026-01-22,pansharpened_reflectance+manual_review,3.5,2.111,0.2928011119365692,0.2936515212059021,0.2560139000415802,0.4193516671657562,0.4391492009162903,,,,0.2928011119365692,28.6,0.583,0.56,0.0,True,"Field inspection: check irrigation, pruning, stress.",1502.5,1123.357177734375,857.8571166992188,2738.928466796875,unreviewed,auto
KOG-SERET_AL_AJOUL_A-0001,pansharpened_reflectance_401e6b905b,2026-01-22,pansharpened_reflectance+manual_review,244.75,17.653,0.31585443019866943,0.31870782375335693,0.23918066918849945,0.41527652740478516,0.4212273061275482,,,,0.31585443019866943,33.2,0.621,0.574,0.0,True,"Field inspection: check irrigation, pruning, stress.",1111.749267578125,883.3399047851562,658.1314697265625,2125.456298828125,unreviewed,auto
KOG-SERET_AL_AJOUL_A-0002,pansharpened_reflectance_401e6b905b,2026-01-22,pansharpened_reflectance+manual_review,255.75,18.045,0.40451598167419434,0.3737373650074005,0.2679298222064972,0.4789057970046997,0.6066675186157227,,,,0.40451598167419434,50.9,0.507,0.62,0.0,False,Routine monitoring.,1123.689208984375,926.1251220703125,680.6803588867188,2603.0078125,unreviewed,auto
KOG-SERET_AL_AJOUL_A-0003,pansharpened_reflectance_401e6b905b,2026-01-22,pansharpened_reflectance+manual_review,216.0,16.584,0.29560890793800354,0.2866526246070862,0.21435050666332245,0.39959314465522766,0.44333958625793457,,,,0.29560890793800354,29.1,0.672,0.565,0.0,True,"Field inspection: check irrigation, pruning, stress.",1132.0677490234375,893.4163208007812,679.7055053710938,2059.5634765625,unreviewed,auto
KOG-SERET_AL_AJOUL_A-0004,pansharpened_reflectance_401e6b905b,2026-01-22,pansharpened_reflectance+manual_review,266.5,18.421,0.30088797211647034,0.30447322130203247,0.22331085801124573,0.399294376373291,0.45125725865364075,,,,0.30088797211647034,34.2,0.724,0.596,0.0,True,"Field inspection: check irrigation, pruning, stress.",1122.901611328125,897.405029296875,669.126953125,2067.26513671875,unreviewed,auto
KOG-SERET_AL_AJOUL_A-0005,pansharpened_reflectance_401e6b905b,2026-01-22,pansharpened_reflectance+manual_review,144.0,13.541,0.3563806116580963,0.330970823764801,0.2713125944137573,0.4459470212459564,0.5344935655593872,,,,0.3563806116580963,41.3,0.649,0.572,0.0,True,"Field inspection: check irrigation, pruning, stress.",1194.435791015625,957.7569580078125,716.2691040039062,2471.5068359375,unreviewed,auto
KOG-SERET_AL_AJOUL_A-0006,pansharpened_reflectance_401e6b905b,2026-01-22,pansharpened_reflectance+manual_review,189.75,15.543,0.2839188873767853,0.2714183032512665,0.20409002900123596,0.38578251004219055,0.3235536217689514,,,,0.2839188873767853,26.8,0.566,0.598,0.0,True,"Field inspection: check irrigation, pruning, stress.",869.0872192382812,688.426513671875,519.5758666992188,1542.5782470703125,unreviewed,auto
KOG-SERET_AL_AJOUL_A-0007,pansharpened_reflectance_401e6b905b,2026-01-22,pansharpened_reflectance+manual_review,134.25,13.074,0.32093846797943115,0.3139820098876953,0.2631462514400482,0.41767239570617676,0.48133528232574463,,,,0.32093846797943115,34.2,0.697,0.561,0.0,True,"Field inspection: check irrigation, pruning, stress.",1187.7969970703125,952.3091430664062,713.8193969726562,2297.12109375,unreviewed,auto
KOG-SERET_AL_AJOUL_A-0008,pansharpened_reflectance_401e6b905b,2026-01-22,pansharpened_reflectance+manual_review,101.5,11.368,0.34775328636169434,0.3479976952075958,0.2682390809059143,0.42773446440696716,0.521539568901062,,,,0.34775328636169434,39.6,0.65,0.578,0.0,True,"Field inspection: check irrigation, pruning, stress.",981.9531860351562,815.7980346679688,619.83251953125,2016.9237060546875,unreviewed,auto
KOG-SERET_AL_AJOUL_A-0009,pansharpened_reflectance_401e6b905b,2026-01-22,pansharpened_reflectance+manual_review,70.75,9.491,0.4095804691314697,0.4051246643066406,0.32069918513298035,0.46863818168640137,0.6142700910568237,,,,0.4095804691314697,51.9,0.655,0.519,0.0,False,Routine monitoring.,922.650146484375,796.2932739257812,594.0989379882812,2195.215576171875,unreviewed,auto
KOG-SERET_AL_AJOUL_A-0010,pansharpened_reflectance_401e6b905b,2026-01-22,pansharpened_reflectance+manual_review,87.0,10.525,0.2803260087966919,0.2801252007484436,0.21937301754951477,0.385262131690979,0.4204131066799164,,,,0.2803260087966919,30.1,0.721,0.525,0.0,True,"Field inspection: check irrigation, pruning, stress.",1035.65234375,818.8211669921875,609.8135986328125,1833.0428466796875,unreviewed,auto
KOG-SERET_AL_AJOUL_A-0011,pansharpened_reflectance_401e6b905b,2026-01-22,pansharpened_reflectance+manual_review,126.75,12.704,0.43554428219795227,0.427881121635437,0.2665129005908966,0.4982700049877167,0.6532304883003235,,,,0.43554428219795227,57.1,0.626,0.542,0.0,False,Routine monitoring.,1128.3924560546875,955.3550415039062,722.0059204101562,2831.380615234375,unreviewed,auto
KOG-SERET_AL_AJOUL_A-0012,pansharpened_reflectance_401e6b905b,2026-01-22,pansharpened_reflectance+manual_review,106.75,11.658,0.35484856367111206,0.3494753837585449,0.2776874303817749,0.4260428547859192,0.5321810841560364,,,,0.35484856367111206,45.0,0.782,0.441,0.0,True,"Field inspection: check irrigation, pruning, stress.",987.2622680664062,834.5245971679688,628.039794921875,2059.145263671875,unreviewed,auto
KOG-SERET_AL_AJOUL_A-0013,pansharpened_reflectance_401e6b905b,2026-01-22,pansharpened_reflectance+manual_review,110.75,11.875,0.3166826367378235,0.30778515338897705,0.2638076841831207,0.4199908971786499,0.47495362162590027,,,,0.3166826367378235,33.3,0.694,0.505,0.0,True,"Field inspection: check irrigation, pruning, stress.",1211.3092041015625,955.1354370117188,714.2054443359375,2316.356689453125,unreviewed,auto
KOG-SERET_AL_AJOUL_A-0014,pansharpened_reflectance_401e6b905b,2026-01-22,pansharpened_reflectance+manual_review,94.75,10.984,0.3341284394264221,0.3331431746482849,0.2613466680049896,0.43065813183784485,0.501106858253479,,,,0.3341284394264221,36.8,0.687,0.483,0.0,True,"Field inspection: check irrigation, pruning, stress.",1039.7467041015625,827.3746948242188,615.7255859375,2055.076416015625,unreviewed,auto
KOG-SERET_AL_AJOUL_A-0015,pansharpened_reflectance_401e6b905b,2026-01-22,pansharpened_reflectance+manual_review,84.0,10.342,0.34649378061294556,0.3398005962371826,0.2739933729171753,0.42720186710357666,0.5196487903594971,,,,0.34649378061294556,43.3,0.8,0.402,0.0,True,"Field inspection: check irrigation, pruning, stress.",959.3571166992188,792.7232055664062,607.0,1969.9464111328125,unreviewed,auto
KOG-SERET_AL_AJOUL_A-0016,pansharpened_reflectance_401e6b905b,2026-01-22,pansharpened_reflectance+manual_review,71.5,9.541,0.3169569969177246,0.31010866165161133,0.2629760503768921,0.4091685712337494,0.475356787443161,,,,0.3169569969177246,33.4,0.596,0.575,0.0,True,"Field inspection: check irrigation, pruning, stress.",1072.248291015625,866.52099609375,656.47900390625,2054.00341796875,unreviewed,auto
KOG-SERET_AL_AJOUL_A-0017,pansharpened_reflectance_401e6b905b,2026-01-22,pansharpened_reflectance+manual_review,90.75,10.749,0.35127076506614685,0.3465661108493805,0.26368287205696106,0.42756152153015137,0.5268118381500244,,,,0.35127076506614685,44.3,0.786,0.411,0.0,True,"Field inspection: check irrigation, pruning, stress.",960.8898315429688,802.8898315429688,606.7548217773438,1991.22314453125,unreviewed,auto
KOG-SERET_AL_AJOUL_A-0018,pansharpened_reflectance_401e6b905b,2026-01-22,pansharpened_reflectance+manual_review,91.75,10.808,0.32772523164749146,0.33573535084724426,0.26400673389434814,0.4067859649658203,0.4915112853050232,,,,0.32772523164749146,35.5,0.672,0.52,0.0,True,"Field inspection: check irrigation, pruning, stress.",1157.7056884765625,963.5013427734375,723.4686889648438,2252.2451171875,unreviewed,auto
KOG-SERET_AL_AJOUL_A-0019,pansharpened_reflectance_401e6b905b,2026-01-22,pansharpened_reflectance+manual_review,95.25,11.013,0.3189082741737366,0.31087201833724976,0.26160338521003723,0.41490206122398376,0.47827470302581787,,,,0.3189082741737366,33.8,0.693,0.48,0.0,True,"Field inspection: check irrigation, pruning, stress.",975.2913208007812,781.2020874023438,586.6246948242188,1874.8765869140625,unreviewed,auto
KOG-SERET_AL_AJOUL_A-0020,pansharpened_reflectance_401e6b905b,2026-01-22,pansharpened_reflectance+manual_review,82.5,10.249,0.33561763167381287,0.3387204110622406,0.2682754099369049,0.42472654581069946,0.503338634967804,,,,0.33561763167381287,41.1,0.789,0.412,0.0,True,"Field inspection: check irrigation, pruning, stress.",995.2848510742188,807.4666748046875,615.8545532226562,1982.4727783203125,unreviewed,auto
KOG-SERET_AL_AJOUL_A-0021,pansharpened_reflectance_401e6b905b,2026-01-22,pansharpened_reflectance+manual_review,127.5,12.741,0.2657446563243866,0.261076420545578,0.18640166521072388,0.37138503789901733,0.3985488712787628,,,,0.2657446563243866,17.1,0.706,0.569,0.0,True,"Field inspection: check irrigation, pruning, stress.",1122.6888427734375,885.8181762695312,675.93359375,1921.977294921875,unreviewed,auto
KOG-SERET_AL_AJOUL_A-0022,pansharpened_reflectance_401e6b905b,2026-01-22,pansharpened_reflectance+manual_review,85.75,10.449,0.333412230014801,0.3231585919857025,0.2625512480735779,0.4170171022415161,0.5000321865081787,,,,0.333412230014801,40.7,0.71,0.443,0.0,True,"Field inspection: check irrigation, pruning, stress.",1057.244873046875,870.6326293945312,654.89501953125,2085.01171875,unreviewed,auto
KOG-SERET_AL_AJOUL_A-0023,pansharpened_reflectance_401e6b905b,2026-01-22,pansharpened_reflectance+manual_review,94.0,10.94,0.3264681100845337,0.31689217686653137,0.2650725245475769,0.4219547510147095,0.48962146043777466,,,,0.3264681100845337,35.3,0.654,0.528,0.0,True,"Field inspection: check irrigation, pruning, stress.",1058.175537109375,848.5133056640625,639.223388671875,2073.776611328125,unreviewed,auto
KOG-SERET_AL_AJOUL_A-0024,pansharpened_reflectance_401e6b905b,2026-01-22,pansharpened_reflectance+manual_review,91.75,10.808,0.33651202917099,0.3351016938686371,0.2660676836967468,0.41465839743614197,0.5046854019165039,,,,0.33651202917099,37.3,0.694,0.5,0.0,True,"Field inspection: check irrigation, pruning, stress.",1058.90185546875,885.0136108398438,654.7656860351562,2117.95361328125,unreviewed,auto
KOG-SERET_AL_AJOUL_A-0025,pansharpened_reflectance_401e6b905b,2026-01-22,pansharpened_reflectance+manual_review,80.5,10.124,0.3329191207885742,0.33160579204559326,0.26886695623397827,0.4143611490726471,0.4992890954017639,,,,0.3329191207885742,40.6,0.737,0.427,0.0,True,"Field inspection: check irrigation, pruning, stress.",975.6583862304688,807.19873046875,593.9317016601562,1931.4844970703125,unreviewed,auto
KOG-SERET_AL_AJOUL_A-0026,pansharpened_reflectance_401e6b905b,2026-01-22,pansharpened_reflectance+manual_review,115.25,12.114,0.31930941343307495,0.31358468532562256,0.2634815573692322,0.42085257172584534,0.47889208793640137,,,,0.31930941343307495,33.9,0.626,0.538,0.0,True,"Field inspection: check irrigation, pruning, stress.",1185.98486328125,936.0693969726562,699.7093505859375,2280.46630859375,unreviewed,auto
KOG-SERET_AL_AJOUL_A-0027,pansharpened_reflectance_401e6b905b,2026-01-22,pansharpened_reflectance+manual_review,86.5,10.495,0.33067432045936584,0.32585495710372925,0.2639872431755066,0.42533743381500244,0.4959205090999603,,,,0.33067432045936584,40.1,0.721,0.439,0.0,True,"Field inspection: check irrigation, pruning, stress.",947.765869140625,761.0809326171875,591.6184692382812,1876.8583984375,unreviewed,auto
KOG-SERET_AL_AJOUL_A-0028,pansharpened_reflectance_401e6b905b,2026-01-22,pansharpened_reflectance+manual_review,96.0,11.056,0.3398718535900116,0.3368425965309143,0.2671111524105072,0.41837969422340393,0.5097156763076782,,,,0.3398718535900116,42.0,0.726,0.498,0.0,True,"Field inspection: check irrigation, pruning, stress.",945.1614379882812,788.1041870117188,594.5104370117188,1915.5025634765625,unreviewed,auto
KOG-SERET_AL_AJOUL_A-0029,pansharpened_reflectance_401e6b905b,2026-01-22,pansharpened_reflectance+manual_review,112.5,11.968,0.31703537702560425,0.30353114008903503,0.2576830983161926,0.4188460409641266,0.47548216581344604,,,,0.31703537702560425,33.4,0.647,0.58,0.0,True,"Field inspection: check irrigation, pruning, stress.",1218.56005859375,962.4733276367188,707.3222045898438,2324.957763671875,unreviewed,auto
KOG-SERET_AL_AJOUL_A-0030,pansharpened_reflectance_401e6b905b,2026-01-22,pansharpened_reflectance+manual_review,82.5,10.249,0.3340417146682739,0.32568588852882385,0.2667979300022125,0.42362597584724426,0.5009717345237732,,,,0.3340417146682739,36.8,0.695,0.51,0.0,True,"Field inspection: check irrigation, pruning, stress.",948.6121215820312,772.2484741210938,587.5302734375,1898.948486328125,unreviewed,auto
KOG-SERET_AL_AJOUL_A-0031,pansharpened_reflectance_401e6b905b,2026-01-22,pansharpened_reflectance+manual_review,81.75,10.202,0.3269971013069153,0.32266491651535034,0.2649248540401459,0.4248279333114624,0.49040883779525757,,,,0.3269971013069153,39.4,0.717,0.469,0.0,True,"Field inspection: check irrigation, pruning, stress.",1000.4373168945312,798.4678955078125,605.4495239257812,1957.437255859375,unreviewed,auto
KOG-SERET_AL_AJOUL_A-0032,pansharpened_reflectance_401e6b905b,2026-01-22,pansharpened_reflectance+manual_review,86.25,10.479,0.34550321102142334,0.3423284590244293,0.26386216282844543,0.42960354685783386,0.5181658267974854,,,,0.34550321102142334,39.1,0.69,0.509,0.0,True,"Field inspection: check irrigation, pruning, stress.",998.2144775390625,819.7014770507812,613.2579956054688,2039.7362060546875,unreviewed,auto
KOG-SERET_AL_AJOUL_A-0033,pansharpened_reflectance_401e6b905b,2026-01-22,pansharpened_reflectance+manual_review,63.5,8.992,0.3267589807510376,0.32223522663116455,0.2623259723186493,0.41119709610939026,0.4900568723678589,,,,0.3267589807510376,39.4,0.847,0.384,0.0,True,"Field inspection: check irrigation, pruning, stress.",1056.657470703125,870.7401733398438,645.5197143554688,2070.956787109375,unreviewed,auto
KOG-SERET_AL_AJOUL_A-0034,pansharpened_reflectance_401e6b905b,2026-01-22,pansharpened_reflectance+manual_review,67.25,9.253,0.3094262480735779,0.30432620644569397,0.2622953951358795,0.41948896646499634,0.4640640616416931,,,,0.3094262480735779,31.9,0.659,0.543,0.0,True,"Field inspection: check irrigation, pruning, stress.",1113.553955078125,869.2899780273438,652.0557861328125,2105.41259765625,unreviewed,auto
KOG-SERET_AL_AJOUL_A-0035,pansharpened_reflectance_401e6b905b,2026-01-22,pansharpened_reflectance+manual_review,78.0,9.966,0.30707770586013794,0.3034718930721283,0.26018428802490234,0.4124166965484619,0.4605371654033661,,,,0.30707770586013794,35.4,0.746,0.417,0.0,True,"Field inspection: check irrigation, pruning, stress.",1054.4935302734375,829.5640869140625,618.2724609375,1979.02880859375,unreviewed,auto
KOG-SERET_AL_AJOUL_A-0036,pansharpened_reflectance_401e6b905b,2026-01-22,pansharpened_reflectance+manual_review,88.25,10.6,0.32929208874702454,0.3243967890739441,0.26352861523628235,0.4241619110107422,0.49386492371559143,,,,0.32929208874702454,35.9,0.642,0.498,0.0,True,"Field inspection: check irrigation, pruning, stress.",1218.0396728515625,975.7138671875,720.6629028320312,2382.30029296875,unreviewed,auto
KOG-SERET_AL_AJOUL_A-0037,pansharpened_reflectance_401e6b905b,2026-01-22,pansharpened_reflectance+manual_review,78.5,9.997,0.32424116134643555,0.31890517473220825,0.2667659819126129,0.41518133878707886,0.4862719476222992,,,,0.32424116134643555,38.8,0.751,0.466,0.0,True,"Field inspection: check irrigation, pruning, stress.",960.6560668945312,781.2706909179688,597.1210327148438,1874.6051025390625,unreviewed,auto
KOG-SERET_AL_AJOUL_A-0038,pansharpened_reflectance_401e6b905b,2026-01-22,pansharpened_reflectance+manual_review,72.25,9.591,0.3582087457180023,0.34797170758247375,0.2682527005672455,0.4324380159378052,0.5372200012207031,,,,0.3582087457180023,41.6,0.698,0.46,0.0,True,"Field inspection: check irrigation, pruning, stress.",957.4775390625,806.0553588867188,590.5570678710938,2024.5052490234375,unreviewed,auto
KOG-SERET_AL_AJOUL_A-0039,pansharpened_reflectance_401e6b905b,2026-01-22,pansharpened_reflectance+manual_review,75.25,9.788,0.33336135745048523,0.3322809934616089,0.2631007432937622,0.41576018929481506,0.49995365738868713,,,,0.33336135745048523,40.7,0.717,0.464,0.0,True,"Field inspection: check irrigation, pruning, stress.",975.13623046875,805.431884765625,605.2824096679688,1944.611328125,unreviewed,auto
KOG-SERET_AL_AJOUL_A-0040,pansharpened_reflectance_401e6b905b,2026-01-22,pansharpened_reflectance+manual_review,64.5,9.062,0.3441961705684662,0.34781572222709656,0.27659928798675537,0.43319010734558105,0.5162190198898315,,,,0.3441961705684662,42.8,0.717,0.439,0.0,True,"Field inspection: check irrigation, pruning, stress.",1198.038818359375,970.5,722.7752075195312,2424.30224609375,unreviewed,auto
KOG-SERET_AL_AJOUL_A-0041,pansharpened_reflectance_401e6b905b,2026-01-22,pansharpened_reflectance+manual_review,61.75,8.867,0.32249715924263,0.3171408772468567,0.2585953176021576,0.42915013432502747,0.48367205262184143,,,,0.32249715924263,34.5,0.597,0.56,0.0,True,"Field inspection: check irrigation, pruning, stress.",1167.9676513671875,912.2388916015625,674.9271240234375,2259.275390625,unreviewed,auto
KOG-SERET_AL_AJOUL_A-0042,pansharpened_reflectance_401e6b905b,2026-01-22,pansharpened_reflectance+manual_review,72.0,9.575,0.34293344616889954,0.33519190549850464,0.2637799084186554,0.4270525574684143,0.5143133997917175,,,,0.34293344616889954,42.6,0.762,0.405,0.0,True,"Field inspection: check irrigation, pruning, stress.",1009.3229370117188,827.486083984375,633.3854370117188,2058.354248046875,unreviewed,auto
KOG-SERET_AL_AJOUL_A-0043,pansharpened_reflectance_401e6b905b,2026-01-22,pansharpened_reflectance+manual_review,69.75,9.424,0.33962729573249817,0.3365231156349182,0.26503583788871765,0.43090689182281494,0.5093564987182617,,,,0.33962729573249817,41.9,0.816,0.36,0.0,True,"Field inspection: check irrigation, pruning, stress.",1040.637939453125,838.7562866210938,636.6272583007812,2092.7490234375,unreviewed,auto
KOG-SERET_AL_AJOUL_A-0044,pansharpened_reflectance_401e6b905b,2026-01-22,pansharpened_reflectance+manual_review,74.75,9.756,0.32856032252311707,0.3320574164390564,0.27089762687683105,0.4150936007499695,0.49275681376457214,,,,0.32856032252311707,39.7,0.712,0.492,0.0,True,"Field inspection: check irrigation, pruning, stress.",1036.6722412109375,848.3912963867188,639.71240234375,2034.39794921875,unreviewed,auto
KOG-SERET_AL_AJOUL_A-0045,pansharpened_reflectance_401e6b905b,2026-01-22,pansharpened_reflectance+manual_review,86.5,10.495,0.3226701021194458,0.31585538387298584,0.26419323682785034,0.40792927145957947,0.4839179515838623,,,,0.3226701021194458,38.5,0.749,0.463,0.0,True,"Field inspection: check irrigation, pruning, stress.",986.627197265625,813.9537353515625,618.7861328125,1918.127197265625,unreviewed,auto
KOG-SERET_AL_AJOUL_A-0046,pansharpened_reflectance_401e6b905b,2026-01-22,pansharpened_reflectance+manual_review,72.5,9.608,0.3312782645225525,0.3221966028213501,0.2629454731941223,0.41939064860343933,0.4968380630016327,,,,0.3312782645225525,36.3,0.69,0.458,0.0,True,"Field inspection: check irrigation, pruning, stress.",1111.6517333984375,902.4896850585938,662.3137817382812,2199.044921875,unreviewed,auto
KOG-SERET_AL_AJOUL_A-0047,pansharpened_reflectance_401e6b905b,2026-01-22,pansharpened_reflectance+manual_review,80.5,10.124,0.3393055200576782,0.3317336142063141,0.26541000604629517,0.43322592973709106,0.5088692307472229,,,,0.3393055200576782,37.9,0.7,0.477,0.0,True,"Field inspection: check irrigation, pruning, stress.",989.8043212890625,793.92236328125,598.832275390625,1993.18017578125,unreviewed,auto
KOG-SERET_AL_AJOUL_A-0048,pansharpened_reflectance_401e6b905b,2026-01-22,pansharpened_reflectance+manual_review,72.25,9.591,0.3227633237838745,0.3093363344669342,0.25693386793136597,0.419095516204834,0.48405757546424866,,,,0.3227633237838745,34.6,0.691,0.46,0.0,True,"Field inspection: check irrigation, pruning, stress.",989.058837890625,793.0172729492188,587.9031372070312,1923.0,unreviewed,auto
KOG-SERET_AL_AJOUL_A-0049,pansharpened_reflectance_401e6b905b,2026-01-22,pansharpened_reflectance+manual_review,73.75,9.69,0.33759304881095886,0.32830819487571716,0.2719486355781555,0.43166789412498474,0.506305992603302,,,,0.33759304881095886,37.5,0.639,0.562,0.0,True,"Field inspection: check irrigation, pruning, stress.",1044.739013671875,841.5830688476562,637.5118408203125,2105.084716796875,unreviewed,auto
KOG-SERET_AL_AJOUL_A-0050,pansharpened_reflectance_401e6b905b,2026-01-22,pansharpened_reflectance+manual_review,53.75,8.273,0.3417675495147705,0.33047211170196533,0.2622511684894562,0.43723058700561523,0.5125672221183777,,,,0.3417675495147705,42.4,0.853,0.34,0.0,True,"Field inspection: check irrigation, pruning, stress.",1031.34423828125,827.5209350585938,637.1674194335938,2101.8232421875,unreviewed,auto
KOG-SERET_AL_AJOUL_A-0051,pansharpened_reflectance_401e6b905b,2026-01-22,pansharpened_reflectance+manual_review,71.0,9.508,0.32563936710357666,0.3121791481971741,0.25998803973197937,0.4136035442352295,0.4883745312690735,,,,0.32563936710357666,39.1,0.751,0.494,0.0,True,"Field inspection: check irrigation, pruning, stress.",1001.890869140625,818.6232299804688,621.1478881835938,1966.658447265625,unreviewed,auto
KOG-SERET_AL_AJOUL_A-0052,pansharpened_reflectance_401e6b905b,2026-01-22,pansharpened_reflectance+manual_review,92.25,10.838,0.3320516049861908,0.3191653788089752,0.2666677236557007,0.41684696078300476,0.4979877471923828,,,,0.3320516049861908,40.4,0.703,0.452,0.0,True,"Field inspection: check irrigation, pruning, stress.",962.56640625,790.3685913085938,585.5365600585938,1913.189697265625,unreviewed,auto
KOG-SERET_AL_AJOUL_A-0053,pansharpened_reflectance_401e6b905b,2026-01-22,pansharpened_reflectance+manual_review,73.0,9.641,0.33168044686317444,0.32001668214797974,0.2684171795845032,0.41670727729797363,0.4974339008331299,,,,0.33168044686317444,40.3,0.73,0.48,0.0,True,"Field inspection: check irrigation, pruning, stress.",992.363037109375,814.9623413085938,606.8527221679688,1975.486328125,unreviewed,auto
KOG-SERET_AL_AJOUL_A-0054,pansharpened_reflectance_401e6b905b,2026-01-22,pansharpened_reflectance+manual_review,69.0,9.373,0.3567705452442169,0.34438228607177734,0.26499834656715393,0.42897042632102966,0.5350601673126221,,,,0.3567705452442169,45.4,0.73,0.484,0.0,False,Routine monitoring.,929.8587036132812,786.8115844726562,581.4021606445312,1961.6702880859375,unreviewed,auto
KOG-SERET_AL_AJOUL_A-0055,pansharpened_reflectance_401e6b905b,2026-01-22,pansharpened_reflectance+manual_review,59.25,8.686,0.35970965027809143,0.3513757288455963,0.2660345435142517,0.43366268277168274,0.539480984210968,,,,0.35970965027809143,45.9,0.871,0.316,0.0,False,Routine monitoring.,1098.40087890625,921.28271484375,687.8016967773438,2308.3671875,unreviewed,auto
KOG-SERET_AL_AJOUL_A-0056,pansharpened_reflectance_401e6b905b,2026-01-22,pansharpened_reflectance+manual_review,79.75,10.077,0.33440282940864563,0.33138808608055115,0.26925984025001526,0.4102852940559387,0.5015149116516113,,,,0.33440282940864563,40.9,0.73,0.432,0.0,True,"Field inspection: check irrigation, pruning, stress.",974.8495483398438,819.9279174804688,633.90283203125,1951.2100830078125,unreviewed,auto
KOG-SERET_AL_AJOUL_A-0057,pansharpened_reflectance_401e6b905b,2026-01-22,pansharpened_reflectance+manual_review,63.5,8.992,0.32510918378829956,0.323655366897583,0.2653338313102722,0.4175746440887451,0.48758700489997864,,,,0.32510918378829956,35.0,0.668,0.501,0.0,True,"Field inspection: check irrigation, pruning, stress.",1126.0394287109375,907.1102294921875,666.1929321289062,2196.767822265625,unreviewed,auto
KOG-SERET_AL_AJOUL_A-0058,pansharpened_reflectance_401e6b905b,2026-01-22,pansharpened_reflectance+manual_review,84.0,10.342,0.32216915488243103,0.3206694722175598,0.2612280249595642,0.41297584772109985,0.4831814169883728,,,,0.32216915488243103,34.4,0.611,0.594,0.0,True,"Field inspection: check irrigation, pruning, stress.",1193.797607421875,965.3928833007812,717.2470092773438,2308.488037109375,unreviewed,auto
KOG-SERET_AL_AJOUL_A-0059,pansharpened_reflectance_401e6b905b,2026-01-22,pansharpened_reflectance+manual_review,69.75,9.424,0.3324882388114929,0.32843711972236633,0.26348745822906494,0.417520672082901,0.4986500144004822,,,,0.3324882388114929,40.5,0.746,0.452,0.0,True,"Field inspection: check irrigation, pruning, stress.",1058.53759765625,869.0430297851562,657.4086303710938,2099.121826171875,unreviewed,auto
KOG-SERET_AL_AJOUL_A-0060,pansharpened_reflectance_401e6b905b,2026-01-22,pansharpened_reflectance+manual_review,69.75,9.424,0.31727293133735657,0.3107854127883911,0.26210421323776245,0.4082450568675995,0.47582516074180603,,,,0.31727293133735657,33.5,0.699,0.479,0.0,True,"Field inspection: check irrigation, pruning, stress.",993.1613159179688,804.7455444335938,607.731201171875,1908.6595458984375,unreviewed,auto
KOG-SERET_AL_AJOUL_A-0061,pansharpened_reflectance_401e6b905b,2026-01-22,pansharpened_reflectance+manual_review,80.5,10.124,0.32036036252975464,0.3184932470321655,0.27073046565055847,0.4159715473651886,0.4804530143737793,,,,0.32036036252975464,38.1,0.732,0.453,0.0,True,"Field inspection: check irrigation, pruning, stress.",968.332275390625,776.1552734375,595.88818359375,1871.0589599609375,unreviewed,auto
KOG-SERET_AL_AJOUL_A-0062,pansharpened_reflectance_401e6b905b,2026-01-22,pansharpened_reflectance+manual_review,90.0,10.705,0.33863356709480286,0.32910358905792236,0.26537013053894043,0.4246677756309509,0.5078648328781128,,,,0.33863356709480286,37.7,0.635,0.529,0.0,True,"Field inspection: check irrigation, pruning, stress.",1028.8917236328125,839.6305541992188,617.54443359375,2066.086181640625,unreviewed,auto
KOG-SERET_AL_AJOUL_A-0063,pansharpened_reflectance_401e6b905b,2026-01-22,pansharpened_reflectance+manual_review,82.75,10.265,0.3219163417816162,0.3147730231285095,0.2619192600250244,0.4080997705459595,0.48280200362205505,,,,0.3219163417816162,34.4,0.602,0.549,0.0,True,"Field inspection: check irrigation, pruning, stress.",1191.1964111328125,974.3111572265625,724.3927612304688,2298.891357421875,unreviewed,auto
KOG-SERET_AL_AJOUL_A-0064,pansharpened_reflectance_401e6b905b,2026-01-22,pansharpened_reflectance+manual_review,73.5,9.674,0.3388516902923584,0.33943378925323486,0.26270923018455505,0.4205184578895569,0.5081925392150879,,,,0.3388516902923584,41.8,0.737,0.423,0.0,True,"Field inspection: check irrigation, pruning, stress.",1022.0374145507812,844.7108764648438,637.153076171875,2062.071533203125,unreviewed,auto
KOG-SERET_AL_AJOUL_A-0065,pansharpened_reflectance_401e6b905b,2026-01-22,pansharpened_reflectance+manual_review,54.25,8.311,0.33460548520088196,0.3410097360610962,0.26375579833984375,0.41861116886138916,0.5018347501754761,,,,0.33460548520088196,40.9,0.761,0.443,0.0,True,"Field inspection: check irrigation, pruning, stress.",1199.036865234375,981.3594360351562,734.7603759765625,2371.71435546875,unreviewed,auto
KOG-SERET_AL_AJOUL_A-0066,pansharpened_reflectance_401e6b905b,2026-01-22,pansharpened_reflectance+manual_review,69.5,9.407,0.3253510296344757,0.3160833716392517,0.2667659819126129,0.4106908440589905,0.48794159293174744,,,,0.3253510296344757,35.1,0.697,0.454,0.0,True,"Field inspection: check irrigation, pruning, stress.",985.8668823242188,809.3668823242188,609.6654663085938,1933.53955078125,unreviewed,auto
KOG-SERET_AL_AJOUL_A-0067,pansharpened_reflectance_401e6b905b,2026-01-22,pansharpened_reflectance+manual_review,45.75,7.632,0.3392047882080078,0.33940020203590393,0.2693173885345459,0.4326307475566864,0.5087332725524902,,,,0.3392047882080078,41.8,0.718,0.439,0.0,True,"Field inspection: check irrigation, pruning, stress.",1210.786865234375,976.5191040039062,730.60107421875,2438.08740234375,unreviewed,auto
KOG-SERET_AL_AJOUL_A-0068,pansharpened_reflectance_401e6b905b,2026-01-22,pansharpened_reflectance+manual_review,70.25,9.458,0.3300234079360962,0.32127606868743896,0.2652519941329956,0.42466142773628235,0.49495720863342285,,,,0.3300234079360962,40.0,0.704,0.448,0.0,True,"Field inspection: check irrigation, pruning, stress.",1122.6014404296875,900.7295532226562,663.18505859375,2208.227783203125,unreviewed,auto
KOG-SERET_AL_AJOUL_A-0069,pansharpened_reflectance_401e6b905b,2026-01-22,pansharpened_reflectance+manual_review,79.25,10.045,0.2867063283920288,0.2799312472343445,0.21677647531032562,0.4110078811645508,0.4299980401992798,,,,0.2867063283920288,31.3,0.754,0.529,0.0,True,"Field inspection: check irrigation, pruning, stress.",1319.25830078125,995.7033081054688,737.9148559570312,2359.615478515625,unreviewed,auto
KOG-SERET_AL_AJOUL_A-0070,pansharpened_reflectance_401e6b905b,2026-01-22,pansharpened_reflectance+manual_review,62.5,8.921,0.3227238357067108,0.31816840171813965,0.25858616828918457,0.4281638264656067,0.48400798439979553,,,,0.3227238357067108,34.5,0.694,0.509,0.0,True,"Field inspection: check irrigation, pruning, stress.",1103.39599609375,862.0120239257812,642.135986328125,2139.81591796875,unreviewed,auto
KOG-SERET_AL_AJOUL_A-0071,pansharpened_reflectance_401e6b905b,2026-01-22,pansharpened_reflectance+manual_review,89.5,10.675,0.30068132281303406,0.3025951683521271,0.21693892776966095,0.40998947620391846,0.4509452283382416,,,,0.30068132281303406,30.1,0.666,0.568,0.0,True,"Field inspection: check irrigation, pruning, stress.",1106.5999755859375,861.0316772460938,656.8707275390625,2029.52197265625,unreviewed,auto
KOG-SERET_AL_AJOUL_A-0072,pansharpened_reflectance_401e6b905b,2026-01-22,pansharpened_reflectance+manual_review,49.75,7.959,0.3235660791397095,0.3158855736255646,0.2598797678947449,0.41137757897377014,0.4852618873119354,,,,0.3235660791397095,38.7,0.765,0.49,0.0,True,"Field inspection: check irrigation, pruning, stress.",964.8843994140625,790.5879516601562,599.2412109375,1885.9949951171875,unreviewed,auto
KOG-SERET_AL_AJOUL_A-0073,pansharpened_reflectance_401e6b905b,2026-01-22,pansharpened_reflectance+manual_review,59.5,8.704,0.3203733563423157,0.3194323480129242,0.2638235092163086,0.41834715008735657,0.4804781675338745,,,,0.3203733563423157,34.1,0.661,0.508,0.0,True,"Field inspection: check irrigation, pruning, stress.",1039.781494140625,832.6680908203125,610.8571166992188,2012.5419921875,unreviewed,auto
KOG-SERET_AL_AJOUL_A-0074,pansharpened_reflectance_401e6b905b,2026-01-22,pansharpened_reflectance+manual_review,78.25,9.982,0.3291214406490326,0.32227978110313416,0.2624553442001343,0.4264581799507141,0.49359384179115295,,,,0.3291214406490326,35.8,0.677,0.535,0.0,True,"Field inspection: check irrigation, pruning, stress.",985.9872436523438,789.5878295898438,609.37060546875,1943.5303955078125,unreviewed,auto
KOG-SERET_AL_AJOUL_A-0075,pansharpened_reflectance_401e6b905b,2026-01-22,pansharpened_reflectance+manual_review,71.75,9.558,0.3251298666000366,0.3228181004524231,0.2621113061904907,0.4144788682460785,0.48760986328125,,,,0.3251298666000366,39.0,0.718,0.464,0.0,True,"Field inspection: check irrigation, pruning, stress.",1012.3379516601562,825.8606567382812,617.6690063476562,1980.909423828125,unreviewed,auto
KOG-SERET_AL_AJOUL_A-0076,pansharpened_reflectance_401e6b905b,2026-01-22,pansharpened_reflectance+manual_review,70.5,9.474,0.31599804759025574,0.30506661534309387,0.26194241642951965,0.4082549512386322,0.47391557693481445,,,,0.31599804759025574,37.2,0.783,0.498,0.0,True,"Field inspection: check irrigation, pruning, stress.",1041.141845703125,843.343994140625,626.4503784179688,1991.978759765625,unreviewed,auto
KOG-SERET_AL_AJOUL_A-0077,pansharpened_reflectance_401e6b905b,2026-01-22,pansharpened_reflectance+manual_review,56.75,8.5,0.3349113166332245,0.3254811763763428,0.2609947919845581,0.42588376998901367,0.5022842288017273,,,,0.3349113166332245,41.0,0.742,0.418,0.0,True,"Field inspection: check irrigation, pruning, stress.",1051.480224609375,851.0132446289062,638.3128051757812,2103.18505859375,unreviewed,auto
KOG-SERET_AL_AJOUL_A-0078,pansharpened_reflectance_401e6b905b,2026-01-22,pansharpened_reflectance+manual_review,100.0,11.284,0.27713742852211,0.2804848551750183,0.2064593881368637,0.387308269739151,0.41564279794692993,,,,0.27713742852211,25.4,0.67,0.599,0.0,True,"Field inspection: check irrigation, pruning, stress.",1261.9212646484375,982.0984497070312,728.7921142578125,2201.7177734375,unreviewed,auto
KOG-SERET_AL_AJOUL_A-0079,pansharpened_reflectance_401e6b905b,2026-01-22,pansharpened_reflectance+manual_review,39.75,7.114,0.31738004088401794,0.30761873722076416,0.25344136357307434,0.3957977294921875,0.47599664330482483,,,,0.31738004088401794,33.5,0.697,0.541,0.0,True,"Field inspection: check irrigation, pruning, stress.",1156.5283203125,962.8867797851562,718.025146484375,2206.2705078125,unreviewed,auto
KOG-SERET_AL_AJOUL_A-0080,pansharpened_reflectance_401e6b905b,2026-01-22,pansharpened_reflectance+manual_review,60.75,8.795,0.31416457891464233,0.31259918212890625,0.26620638370513916,0.4024500548839569,0.4711636006832123,,,,0.31416457891464233,36.8,0.75,0.471,0.0,True,"Field inspection: check irrigation, pruning, stress.",1000.399169921875,820.4526977539062,617.1892700195312,1911.2098388671875,unreviewed,auto
KOG-SERET_AL_AJOUL_A-0081,pansharpened_reflectance_401e6b905b,2026-01-22,pansharpened_reflectance+manual_review,43.5,7.442,0.32357776165008545,0.32035791873931885,0.26149123907089233,0.40641117095947266,0.4852919280529022,,,,0.32357776165008545,38.7,0.744,0.431,0.0,True,"Field inspection: check irrigation, pruning, stress.",1127.701171875,930.8333129882812,711.5516967773438,2198.77587890625,unreviewed,auto
KOG-SERET_AL_AJOUL_A-0082,pansharpened_reflectance_401e6b905b,2026-01-22,pansharpened_reflectance+manual_review,41.25,7.247,0.3429787755012512,0.34056398272514343,0.2668403685092926,0.43353673815727234,0.514382541179657,,,,0.3429787755012512,42.6,0.73,0.461,0.0,True,"Field inspection: check irrigation, pruning, stress.",1037.9136962890625,838.903564453125,645.8984985351562,2096.0,unreviewed,auto
KOG-SERET_AL_AJOUL_A-0083,pansharpened_reflectance_401e6b905b,2026-01-22,pansharpened_reflectance+manual_review,23.75,5.499,0.30269864201545715,0.2979976534843445,0.26147356629371643,0.41763240098953247,0.45396852493286133,,,,0.30269864201545715,34.5,0.798,0.522,0.0,True,"Field inspection: check irrigation, pruning, stress.",1027.800048828125,794.3262939453125,604.2526245117188,1912.8736572265625,unreviewed,auto
KOG-SERET_AL_AJOUL_A-0084,pansharpened_reflectance_401e6b905b,2026-01-22,pansharpened_reflectance+manual_review,70.25,9.458,0.34073933959007263,0.330240398645401,0.26476189494132996,0.4192056357860565,0.5110245943069458,,,,0.34073933959007263,42.1,0.751,0.42,0.0,True,"Field inspection: check irrigation, pruning, stress.",1050.6832275390625,870.2099609375,648.34521484375,2119.448486328125,unreviewed,auto
KOG-SERET_AL_AJOUL_A-0085,pansharpened_reflectance_401e6b905b,2026-01-22,pansharpened_reflectance+manual_review,57.75,8.575,0.32322388887405396,0.31061479449272156,0.26343318819999695,0.4269745349884033,0.48476096987724304,,,,0.32322388887405396,34.6,0.675,0.497,0.0,True,"Field inspection: check irrigation, pruning, stress.",1168.372314453125,918.5281372070312,684.7186279296875,2266.84423828125,unreviewed,auto
KOG-SERET_AL_AJOUL_A-0086,pansharpened_reflectance_401e6b905b,2026-01-22,pansharpened_reflectance+manual_review,41.75,7.291,0.3361111879348755,0.3304634094238281,0.2633630633354187,0.4347032606601715,0.50408935546875,,,,0.3361111879348755,41.2,0.714,0.488,0.0,True,"Field inspection: check irrigation, pruning, stress.",1161.4849853515625,929.4251708984375,702.455078125,2320.83837890625,unreviewed,auto
KOG-SERET_AL_AJOUL_A-0087,pansharpened_reflectance_401e6b905b,2026-01-22,pansharpened_reflectance+manual_review,47.25,7.756,0.3347794711589813,0.33437207341194153,0.2654429078102112,0.42545846104621887,0.5020874738693237,,,,0.3347794711589813,41.0,0.765,0.42,0.0,True,"Field inspection: check irrigation, pruning, stress.",1051.42333984375,851.0264282226562,643.2539672851562,2103.67724609375,unreviewed,auto
KOG-SERET_AL_AJOUL_A-0088,pansharpened_reflectance_401e6b905b,2026-01-22,pansharpened_reflectance+manual_review,37.0,6.864,0.3107169270515442,0.3097488284111023,0.26270586252212524,0.40513166785240173,0.4659962058067322,,,,0.3107169270515442,36.1,0.747,0.447,0.0,True,"Field inspection: check irrigation, pruning, stress.",1033.810791015625,831.9661865234375,618.020263671875,1959.141845703125,unreviewed,auto
KOG-SERET_AL_AJOUL_A-0089,pansharpened_reflectance_401e6b905b,2026-01-22,pansharpened_reflectance+manual_review,60.5,8.777,0.307048499584198,0.30245310068130493,0.2616461515426636,0.4082450270652771,0.46049612760543823,,,,0.307048499584198,31.4,0.64,0.548,0.0,True,"Field inspection: check irrigation, pruning, stress.",1089.3057861328125,866.1363525390625,654.7562255859375,2041.892578125,unreviewed,auto
KOG-SERET_AL_AJOUL_A-0090,pansharpened_reflectance_401e6b905b,2026-01-22,pansharpened_reflectance+manual_review,58.0,8.593,0.3294226825237274,0.32153207063674927,0.26052749156951904,0.4162765443325043,0.4940512180328369,,,,0.3294226825237274,35.9,0.678,0.495,0.0,True,"Field inspection: check irrigation, pruning, stress.",1049.5301513671875,856.7155151367188,633.3706665039062,2064.7802734375,unreviewed,auto
KOG-SERET_AL_AJOUL_A-0091,pansharpened_reflectance_401e6b905b,2026-01-22,pansharpened_reflectance+manual_review,78.25,9.982,0.3326755464076996,0.32446685433387756,0.26256319880485535,0.423398494720459,0.49894270300865173,,,,0.3326755464076996,36.5,0.592,0.535,0.0,True,"Field inspection: check irrigation, pruning, stress.",1231.3961181640625,995.447265625,746.8115234375,2441.3994140625,unreviewed,auto
KOG-SERET_AL_AJOUL_A-0092,pansharpened_reflectance_401e6b905b,2026-01-22,pansharpened_reflectance+manual_review,59.0,8.667,0.35113221406936646,0.3347488045692444,0.2689674198627472,0.4418186843395233,0.5266139507293701,,,,0.35113221406936646,44.2,0.731,0.428,0.0,True,"Field inspection: check irrigation, pruning, stress.",1055.39404296875,852.4237060546875,628.8008422851562,2184.415283203125,unreviewed,auto
KOG-SERET_AL_AJOUL_A-0093,pansharpened_reflectance_401e6b905b,2026-01-22,pansharpened_reflectance+manual_review,56.5,8.482,0.31921976804733276,0.3205694556236267,0.24911147356033325,0.41792193055152893,0.47874578833580017,,,,0.31921976804733276,37.8,0.853,0.386,0.0,True,"Field inspection: check irrigation, pruning, stress.",1008.536376953125,805.37548828125,607.1340942382812,1942.87744140625,unreviewed,auto
KOG-SERET_AL_AJOUL_A-0095,pansharpened_reflectance_401e6b905b,2026-01-22,pansharpened_reflectance+manual_review,51.5,8.098,0.3164616525173187,0.312211275100708,0.26684340834617615,0.4179966151714325,0.47461530566215515,,,,0.3164616525173187,33.3,0.64,0.615,0.0,True,"Field inspection: check irrigation, pruning, stress.",1090.801025390625,864.043701171875,640.6602172851562,2089.548583984375,unreviewed,auto
KOG-SERET_AL_AJOUL_A-0096,pansharpened_reflectance_401e6b905b,2026-01-22,pansharpened_reflectance+manual_review,67.0,9.236,0.3052045404911041,0.29936322569847107,0.2562914788722992,0.4032418429851532,0.45772966742515564,,,,0.3052045404911041,31.0,0.58,0.565,0.0,True,"Field inspection: check irrigation, pruning, stress.",1059.660400390625,849.15673828125,639.3358154296875,1986.817138671875,unreviewed,auto
KOG-SERET_AL_AJOUL_A-0097,pansharpened_reflectance_401e6b905b,2026-01-22,pansharpened_reflectance+manual_review,72.25,9.591,0.3178034722805023,0.30695900321006775,0.2622612714767456,0.41502803564071655,0.47662353515625,,,,0.3178034722805023,33.6,0.655,0.509,0.0,True,"Field inspection: check irrigation, pruning, stress.",1048.2457275390625,838.4775390625,624.0726928710938,2007.937744140625,unreviewed,auto
KOG-SERET_AL_AJOUL_A-0098,pansharpened_reflectance_401e6b905b,2026-01-22,pansharpened_reflectance+manual_review,55.0,8.368,0.32592150568962097,0.3148866891860962,0.2622053623199463,0.4228101670742035,0.48880454897880554,,,,0.32592150568962097,39.2,0.719,0.495,0.0,True,"Field inspection: check irrigation, pruning, stress.",1120.19091796875,897.8818359375,656.272705078125,2189.195556640625,unreviewed,auto
KOG-SERET_AL_AJOUL_A-0099,pansharpened_reflectance_401e6b905b,2026-01-22,pansharpened_reflectance+manual_review,61.25,8.831,0.3171042203903198,0.31078609824180603,0.26211535930633545,0.4102212190628052,0.47557932138442993,,,,0.3171042203903198,33.4,0.686,0.519,0.0,True,"Field inspection: check irrigation, pruning, stress.",1081.175537109375,875.1387939453125,643.8571166992188,2080.60009765625,unreviewed,auto
KOG-SERET_AL_AJOUL_A-0100,pansharpened_reflectance_401e6b905b,2026-01-22,pansharpened_reflectance+manual_review,64.75,9.08,0.33606457710266113,0.3361976444721222,0.2656635642051697,0.4107643663883209,0.5039998888969421,,,,0.33606457710266113,41.2,0.725,0.437,0.0,True,"Field inspection: check irrigation, pruning, stress.",895.4942016601562,754.1544189453125,579.729736328125,1800.2972412109375,unreviewed,auto
KOG-SERET_AL_AJOUL_A-0101,pansharpened_reflectance_401e6b905b,2026-01-22,pansharpened_reflectance+manual_review,91.5,10.794,0.298513263463974,0.29421335458755493,0.2658874988555908,0.3994097411632538,0.44769150018692017,,,,0.298513263463974,29.7,0.635,0.575,0.0,True,"Field inspection: check irrigation, pruning, stress.",1035.1229248046875,827.6802978515625,610.5081787109375,1913.6529541015625,unreviewed,auto
KOG-SERET_AL_AJOUL_A-0102,pansharpened_reflectance_401e6b905b,2026-01-22,pansharpened_reflectance+manual_review,56.5,8.482,0.3035110533237457,0.2949688732624054,0.2577032744884491,0.3945448100566864,0.45518675446510315,,,,0.3035110533237457,30.7,0.661,0.508,0.0,True,"Field inspection: check irrigation, pruning, stress.",1026.0574951171875,833.0,624.2920532226562,1909.9425048828125,unreviewed,auto
KOG-SERET_AL_AJOUL_A-0103,pansharpened_reflectance_401e6b905b,2026-01-22,pansharpened_reflectance+manual_review,61.0,8.813,0.3183065950870514,0.30881810188293457,0.25894585251808167,0.4118594229221344,0.47737786173820496,,,,0.3183065950870514,33.7,0.646,0.544,0.0,True,"Field inspection: check irrigation, pruning, stress.",1026.88525390625,827.2827758789062,622.5,1977.4180908203125,unreviewed,auto
KOG-SERET_AL_AJOUL_A-0104,pansharpened_reflectance_401e6b905b,2026-01-22,pansharpened_reflectance+manual_review,58.25,8.612,0.30967846512794495,0.29902756214141846,0.2550893723964691,0.4041247069835663,0.4644351005554199,,,,0.30967846512794495,35.9,0.719,0.465,0.0,True,"Field inspection: check irrigation, pruning, stress.",1005.0986938476562,811.0386352539062,612.6695556640625,1896.6781005859375,unreviewed,auto
KOG-SERET_AL_AJOUL_A-0105,pansharpened_reflectance_401e6b905b,2026-01-22,pansharpened_reflectance+manual_review,59.0,8.667,0.3109247386455536,0.3039192259311676,0.2627822160720825,0.4082602858543396,0.4663117825984955,,,,0.3109247386455536,36.2,0.728,0.428,0.0,True,"Field inspection: check irrigation, pruning, stress.",1113.0762939453125,891.0084838867188,667.63134765625,2109.19921875,unreviewed,auto
KOG-SERET_AL_AJOUL_A-0106,pansharpened_reflectance_401e6b905b,2026-01-22,pansharpened_reflectance+manual_review,79.0,10.029,0.32709962129592896,0.32129475474357605,0.2622511386871338,0.4286954998970032,0.49057161808013916,,,,0.32709962129592896,35.4,0.675,0.531,0.0,True,"Field inspection: check irrigation, pruning, stress.",1104.1456298828125,871.0253295898438,669.6771850585938,2155.63916015625,unreviewed,auto
KOG-SERET_AL_AJOUL_A-0107,pansharpened_reflectance_401e6b905b,2026-01-22,pansharpened_reflectance+manual_review,62.0,8.885,0.290204256772995,0.29758691787719727,0.22229218482971191,0.4044456481933594,0.43524280190467834,,,,0.290204256772995,28.0,0.609,0.615,0.0,True,"Field inspection: check irrigation, pruning, stress.",1280.1768798828125,984.8877563476562,749.2177124023438,2312.333251953125,unreviewed,auto
KOG-SERET_AL_AJOUL_A-0108,pansharpened_reflectance_401e6b905b,2026-01-22,pansharpened_reflectance+manual_review,54.25,8.311,0.318579763174057,0.3067408800125122,0.26370853185653687,0.41304802894592285,0.47778651118278503,,,,0.318579763174057,37.7,0.753,0.41,0.0,True,"Field inspection: check irrigation, pruning, stress.",1010.6866455078125,815.6912231445312,614.18896484375,1951.921630859375,unreviewed,auto
KOG-SERET_AL_AJOUL_A-0109,pansharpened_reflectance_401e6b905b,2026-01-22,pansharpened_reflectance+manual_review,55.0,8.368,0.3197396993637085,0.3213282823562622,0.26341012120246887,0.41282016038894653,0.47952380776405334,,,,0.3197396993637085,33.9,0.679,0.467,0.0,True,"Field inspection: check irrigation, pruning, stress.",988.3863525390625,797.1045532226562,609.9454345703125,1904.30908203125,unreviewed,auto
KOG-SERET_AL_AJOUL_A-0110,pansharpened_reflectance_401e6b905b,2026-01-22,pansharpened_reflectance+manual_review,71.25,9.525,0.34705713391304016,0.3464100658893585,0.26618269085884094,0.42651477456092834,0.5205022692680359,,,,0.34705713391304016,43.4,0.729,0.577,0.0,True,"Field inspection: check irrigation, pruning, stress.",1082.273681640625,899.821044921875,666.161376953125,2212.557861328125,unreviewed,auto
KOG-SERET_AL_AJOUL_A-0111,pansharpened_reflectance_401e6b905b,2026-01-22,pansharpened_reflectance+manual_review,52.75,8.195,0.32042860984802246,0.3113020360469818,0.257262647151947,0.4194880425930023,0.48055949807167053,,,,0.32042860984802246,34.1,0.694,0.459,0.0,True,"Field inspection: check irrigation, pruning, stress.",1010.72509765625,804.08056640625,607.2891235351562,1958.1754150390625,unreviewed,auto
KOG-SERET_AL_AJOUL_A-0112,pansharpened_reflectance_401e6b905b,2026-01-22,pansharpened_reflectance+manual_review,67.25,9.253,0.31852632761001587,0.3107302486896515,0.25846049189567566,0.4168490171432495,0.4777103662490845,,,,0.31852632761001587,37.7,0.791,0.472,0.0,True,"Field inspection: check irrigation, pruning, stress.",1080.30859375,862.2119140625,635.9628295898438,2076.130126953125,unreviewed,auto
KOG-SERET_AL_AJOUL_A-0113,pansharpened_reflectance_401e6b905b,2026-01-22,pansharpened_reflectance+manual_review,56.0,8.444,0.31156864762306213,0.31116652488708496,0.25863638520240784,0.4134056270122528,0.46727269887924194,,,,0.31156864762306213,32.3,0.691,0.486,0.0,True,"Field inspection: check irrigation, pruning, stress.",1058.9954833984375,837.0446166992188,639.5625,1996.924072265625,unreviewed,auto
KOG-SERET_AL_AJOUL_A-0114,pansharpened_reflectance_401e6b905b,2026-01-22,pansharpened_reflectance+manual_review,55.0,8.368,0.3298746645450592,0.32297271490097046,0.2637290060520172,0.40839579701423645,0.49473100900650024,,,,0.3298746645450592,36.0,0.679,0.495,0.0,True,"Field inspection: check irrigation, pruning, stress.",1058.6181640625,885.286376953125,648.4545288085938,2102.29541015625,unreviewed,auto
KOG-SERET_AL_AJOUL_A-0115,pansharpened_reflectance_401e6b905b,2026-01-22,pansharpened_reflectance+manual_review,58.25,8.612,0.32812538743019104,0.32880938053131104,0.26601895689964294,0.4015205204486847,0.4920937418937683,,,,0.32812538743019104,39.6,0.721,0.493,0.0,True,"Field inspection: check irrigation, pruning, stress.",914.2575073242188,775.4420776367188,582.06005859375,1801.96142578125,unreviewed,auto
KOG-SERET_AL_AJOUL_A-0116,pansharpened_reflectance_401e6b905b,2026-01-22,pansharpened_reflectance+manual_review,59.5,8.704,0.31324756145477295,0.30310314893722534,0.2603665292263031,0.40208035707473755,0.46978840231895447,,,,0.31324756145477295,36.6,0.778,0.454,0.0,True,"Field inspection: check irrigation, pruning, stress.",1033.920166015625,844.2479248046875,637.7268676757812,1965.0294189453125,unreviewed,auto
KOG-SERET_AL_AJOUL_A-0117,pansharpened_reflectance_401e6b905b,2026-01-22,pansharpened_reflectance+manual_review,58.25,8.612,0.30264559388160706,0.30085960030555725,0.25873562693595886,0.39705121517181396,0.4538846015930176,,,,0.30264559388160706,34.5,0.721,0.435,0.0,True,"Field inspection: check irrigation, pruning, stress.",972.8326416015625,785.3132934570312,581.8626708984375,1815.1673583984375,unreviewed,auto
KOG-SERET_AL_AJOUL_A-0118,pansharpened_reflectance_401e6b905b,2026-01-22,pansharpened_reflectance+manual_review,58.75,8.649,0.3126187026500702,0.30328798294067383,0.2623210549354553,0.409386545419693,0.4688444137573242,,,,0.3126187026500702,32.5,0.691,0.489,0.0,True,"Field inspection: check irrigation, pruning, stress.",983.693603515625,788.9191284179688,593.8595581054688,1878.61279296875,unreviewed,auto
KOG-SERET_AL_AJOUL_A-0119,pansharpened_reflectance_401e6b905b,2026-01-22,pansharpened_reflectance+manual_review,53.5,8.253,0.307230144739151,0.30194371938705444,0.26274827122688293,0.39144352078437805,0.4607643187046051,,,,0.307230144739151,35.4,0.793,0.418,0.0,True,"Field inspection: check irrigation, pruning, stress.",1025.9578857421875,845.8084106445312,636.3598022460938,1923.602783203125,unreviewed,auto
KOG-SERET_AL_AJOUL_A-0120,pansharpened_reflectance_401e6b905b,2026-01-22,pansharpened_reflectance+manual_review,36.0,6.77,0.3392600119113922,0.3148578405380249,0.2643551230430603,0.43177536129951477,0.5088172554969788,,,,0.3392600119113922,41.9,0.77,0.423,0.0,True,"Field inspection: check irrigation, pruning, stress.",1236.1458740234375,992.3055419921875,744.7430419921875,2473.40966796875,unreviewed,auto
KOG-SERET_AL_AJOUL_A-0121,pansharpened_reflectance_401e6b905b,2026-01-22,pansharpened_reflectance+manual_review,55.0,8.368,0.3470608592033386,0.34541961550712585,0.26502424478530884,0.4423658847808838,0.5205052495002747,,,,0.3470608592033386,43.4,0.809,0.365,0.0,True,"Field inspection: check irrigation, pruning, stress.",1041.54541015625,830.4500122070312,620.272705078125,2124.622802734375,unreviewed,auto
KOG-SERET_AL_AJOUL_A-0122,pansharpened_reflectance_401e6b905b,2026-01-22,pansharpened_reflectance+manual_review,58.25,8.612,0.323058545589447,0.3178294599056244,0.2686459422111511,0.41778862476348877,0.48451390862464905,,,,0.323058545589447,34.6,0.681,0.493,0.0,True,"Field inspection: check irrigation, pruning, stress.",1155.1158447265625,928.2832641601562,695.4463500976562,2244.630859375,unreviewed,auto
KOG-SERET_AL_AJOUL_A-0123,pansharpened_reflectance_401e6b905b,2026-01-22,pansharpened_reflectance+manual_review,64.0,9.027,0.32884329557418823,0.3274398446083069,0.26458048820495605,0.4157297611236572,0.49317798018455505,,,,0.32884329557418823,35.8,0.696,0.522,0.0,True,"Field inspection: check irrigation, pruning, stress.",997.57421875,818.4453125,631.671875,1962.29296875,unreviewed,auto
KOG-SERET_AL_AJOUL_A-0124,pansharpened_reflectance_401e6b905b,2026-01-22,pansharpened_reflectance+manual_review,55.25,8.387,0.3394452929496765,0.33839151263237,0.26991909742355347,0.4315657913684845,0.5090814232826233,,,,0.3394452929496765,41.9,0.722,0.464,0.0,True,"Field inspection: check irrigation, pruning, stress.",1030.7510986328125,829.5158081054688,605.5610961914062,2075.76025390625,unreviewed,auto
KOG-SERET_AL_AJOUL_A-0125,pansharpened_reflectance_401e6b905b,2026-01-22,pansharpened_reflectance+manual_review,55.25,8.387,0.32783377170562744,0.3214457929134369,0.264780193567276,0.40723973512649536,0.49166297912597656,,,,0.32783377170562744,39.6,0.819,0.399,0.0,True,"Field inspection: check irrigation, pruning, stress.",965.185546875,806.0226440429688,600.1538696289062,1905.7239990234375,unreviewed,auto
KOG-SERET_AL_AJOUL_A-0126,pansharpened_reflectance_401e6b905b,2026-01-22,pansharpened_reflectance+manual_review,56.25,8.463,0.3253980278968811,0.3170197308063507,0.2636549472808838,0.4076078236103058,0.48800957202911377,,,,0.3253980278968811,35.1,0.682,0.51,0.0,True,"Field inspection: check irrigation, pruning, stress.",977.2044677734375,809.5510864257812,600.8577880859375,1916.00439453125,unreviewed,auto
KOG-SERET_AL_AJOUL_A-0127,pansharpened_reflectance_401e6b905b,2026-01-22,pansharpened_reflectance+manual_review,68.0,9.305,0.30122458934783936,0.29260098934173584,0.2585463225841522,0.3977239429950714,0.4517609775066376,,,,0.30122458934783936,30.2,0.604,0.596,0.0,True,"Field inspection: check irrigation, pruning, stress.",1096.0440673828125,877.3419189453125,657.81982421875,2025.44482421875,unreviewed,auto
KOG-SERET_AL_AJOUL_A-0128,pansharpened_reflectance_401e6b905b,2026-01-22,pansharpened_reflectance+manual_review,51.5,8.098,0.31525203585624695,0.308596134185791,0.2604411244392395,0.40750446915626526,0.47279787063598633,,,,0.31525203585624695,33.1,0.673,0.472,0.0,True,"Field inspection: check irrigation, pruning, stress.",1040.08251953125,840.7572631835938,633.75244140625,1991.75244140625,unreviewed,auto
KOG-SERET_AL_AJOUL_A-0129,pansharpened_reflectance_401e6b905b,2026-01-22,pansharpened_reflectance+manual_review,50.0,7.979,0.3127535879611969,0.3097342848777771,0.2628712058067322,0.41272926330566406,0.4690599739551544,,,,0.3127535879611969,36.6,0.735,0.423,0.0,True,"Field inspection: check irrigation, pruning, stress.",1205.385009765625,963.4650268554688,734.4249877929688,2285.81005859375,unreviewed,auto
KOG-SERET_AL_AJOUL_A-0130,pansharpened_reflectance_401e6b905b,2026-01-22,pansharpened_reflectance+manual_review,40.5,7.181,0.3087656795978546,0.30909156799316406,0.26286810636520386,0.42177507281303406,0.46307316422462463,,,,0.3087656795978546,31.8,0.675,0.47,0.0,True,"Field inspection: check irrigation, pruning, stress.",1146.438232421875,889.8518676757812,662.91357421875,2155.12353515625,unreviewed,auto
KOG-SERET_AL_AJOUL_A-0131,pansharpened_reflectance_401e6b905b,2026-01-22,pansharpened_reflectance+manual_review,52.25,8.156,0.3260921537876129,0.31881803274154663,0.2586837112903595,0.4125012159347534,0.48905837535858154,,,,0.3260921537876129,35.2,0.683,0.464,0.0,True,"Field inspection: check irrigation, pruning, stress.",1079.248779296875,879.7894897460938,648.0335083007812,2109.339599609375,unreviewed,auto
KOG-SERET_AL_AJOUL_A-0132,pansharpened_reflectance_401e6b905b,2026-01-22,pansharpened_reflectance+manual_review,50.0,7.979,0.32010260224342346,0.3148738741874695,0.2595851719379425,0.41604501008987427,0.4800727069377899,,,,0.32010260224342346,34.0,0.694,0.456,0.0,True,"Field inspection: check irrigation, pruning, stress.",1042.8299560546875,837.6199951171875,624.97998046875,2024.0550537109375,unreviewed,auto
KOG-SERET_AL_AJOUL_A-0133,pansharpened_reflectance_401e6b905b,2026-01-22,pansharpened_reflectance+manual_review,52.25,8.156,0.3291473090648651,0.3173617124557495,0.2627432644367218,0.41565313935279846,0.4936346709728241,,,,0.3291473090648651,39.8,0.733,0.464,0.0,True,"Field inspection: check irrigation, pruning, stress.",991.3493041992188,810.440185546875,594.0430908203125,1961.727294921875,unreviewed,auto
KOG-SERET_AL_AJOUL_A-0134,pansharpened_reflectance_401e6b905b,2026-01-22,pansharpened_reflectance+manual_review,50.25,7.999,0.31760215759277344,0.30764248967170715,0.25920000672340393,0.41345322132110596,0.47632545232772827,,,,0.31760215759277344,37.5,0.739,0.454,0.0,True,"Field inspection: check irrigation, pruning, stress.",1104.119384765625,881.960205078125,660.512451171875,2112.169189453125,unreviewed,auto
KOG-SERET_AL_AJOUL_A-0135,pansharpened_reflectance_401e6b905b,2026-01-22,pansharpened_reflectance+manual_review,54.75,8.349,0.3333311080932617,0.31897151470184326,0.26115578413009644,0.4235336184501648,0.49992308020591736,,,,0.3333311080932617,40.7,0.768,0.405,0.0,True,"Field inspection: check irrigation, pruning, stress.",1207.3470458984375,977.0730590820312,730.9589233398438,2384.315185546875,unreviewed,auto
KOG-SERET_AL_AJOUL_A-0136,pansharpened_reflectance_401e6b905b,2026-01-22,pansharpened_reflectance+manual_review,43.25,7.421,0.3127221465110779,0.3056716322898865,0.26039206981658936,0.4104260206222534,0.46901196241378784,,,,0.3127221465110779,36.5,0.721,0.434,0.0,True,"Field inspection: check irrigation, pruning, stress.",1190.9306640625,952.5086669921875,704.3815307617188,2258.56640625,unreviewed,auto
KOG-SERET_AL_AJOUL_A-0137,pansharpened_reflectance_401e6b905b,2026-01-22,pansharpened_reflectance+manual_review,15.75,4.478,0.36958155035972595,0.37421876192092896,0.27352413535118103,0.4354163706302643,0.5542762279510498,,,,0.36958155035972595,43.9,0.7,0.551,0.0,True,"Field inspection: check irrigation, pruning, stress.",931.8571166992188,790.4603271484375,626.5872802734375,2004.15869140625,unreviewed,auto
KOG-SERET_AL_AJOUL_A-0138,pansharpened_reflectance_401e6b905b,2026-01-22,pansharpened_reflectance+manual_review,46.5,7.695,0.3088721036911011,0.3049766421318054,0.25677770376205444,0.4094928205013275,0.4632290303707123,,,,0.3088721036911011,31.8,0.699,0.463,0.0,True,"Field inspection: check irrigation, pruning, stress.",1068.715087890625,853.3386840820312,644.5913696289062,2020.0753173828125,unreviewed,auto
KOG-SERET_AL_AJOUL_A-0139,pansharpened_reflectance_401e6b905b,2026-01-22,pansharpened_reflectance+manual_review,50.25,7.999,0.3029326796531677,0.2973436117172241,0.25876009464263916,0.4059237241744995,0.4543277621269226,,,,0.3029326796531677,34.6,0.744,0.454,0.0,True,"Field inspection: check irrigation, pruning, stress.",1156.5223388671875,919.3333129882812,684.7810668945312,2155.830810546875,unreviewed,auto
KOG-SERET_AL_AJOUL_A-0140,pansharpened_reflectance_401e6b905b,2026-01-22,pansharpened_reflectance+manual_review,59.5,8.704,0.31820282340049744,0.3052383363246918,0.2586268186569214,0.42738422751426697,0.4772219657897949,,,,0.31820282340049744,33.6,0.567,0.576,0.0,True,"Field inspection: check irrigation, pruning, stress.",1066.302490234375,830.9117431640625,622.9580078125,2038.2899169921875,unreviewed,auto
KOG-SERET_AL_AJOUL_A-0141,pansharpened_reflectance_401e6b905b,2026-01-22,pansharpened_reflectance+manual_review,49.25,7.919,0.32336902618408203,0.3148345649242401,0.25747808814048767,0.411911278963089,0.4849728047847748,,,,0.32336902618408203,38.7,0.724,0.465,0.0,True,"Field inspection: check irrigation, pruning, stress.",1059.80712890625,863.1015014648438,641.5888061523438,2058.289306640625,unreviewed,auto
KOG-SERET_AL_AJOUL_A-0142,pansharpened_reflectance_401e6b905b,2026-01-22,pansharpened_reflectance+manual_review,46.0,7.653,0.28924986720085144,0.28812676668167114,0.26029089093208313,0.39138922095298767,0.43379732966423035,,,,0.28924986720085144,31.8,0.767,0.435,0.0,True,"Field inspection: check irrigation, pruning, stress.",1028.4456787109375,817.3424072265625,634.5271606445312,1858.875,unreviewed,auto
KOG-SERET_AL_AJOUL_A-0143,pansharpened_reflectance_401e6b905b,2026-01-22,pansharpened_reflectance+manual_review,37.25,6.887,0.33217722177505493,0.3274596035480499,0.2627183496952057,0.4185487926006317,0.4981876313686371,,,,0.33217722177505493,36.4,0.637,0.513,0.0,True,"Field inspection: check irrigation, pruning, stress.",1101.489990234375,899.959716796875,686.0738525390625,2184.39599609375,unreviewed,auto
KOG-SERET_AL_AJOUL_A-0144,pansharpened_reflectance_401e6b905b,2026-01-22,pansharpened_reflectance+manual_review,46.75,7.715,0.3181099593639374,0.316462904214859,0.26268017292022705,0.41366079449653625,0.47709599137306213,,,,0.3181099593639374,37.6,0.733,0.461,0.0,True,"Field inspection: check irrigation, pruning, stress.",1232.8984375,986.609619140625,739.99462890625,2360.957275390625,unreviewed,auto
KOG-SERET_AL_AJOUL_A-0145,pansharpened_reflectance_401e6b905b,2026-01-22,pansharpened_reflectance+manual_review,45.5,7.611,0.30101701617240906,0.29605376720428467,0.2580748200416565,0.40001562237739563,0.4514440894126892,,,,0.30101701617240906,34.2,0.714,0.475,0.0,True,"Field inspection: check irrigation, pruning, stress.",1004.489013671875,805.9560546875,620.1318969726562,1864.230712890625,unreviewed,auto
KOG-SERET_AL_AJOUL_A-0146,pansharpened_reflectance_401e6b905b,2026-01-22,pansharpened_reflectance+manual_review,45.75,7.632,0.3133109509944916,0.30844998359680176,0.25999346375465393,0.4034694731235504,0.46989136934280396,,,,0.3133109509944916,36.7,0.726,0.472,0.0,True,"Field inspection: check irrigation, pruning, stress.",1112.3497314453125,905.0655517578125,678.4644775390625,2117.305908203125,unreviewed,auto
KOG-SERET_AL_AJOUL_A-0147,pansharpened_reflectance_401e6b905b,2026-01-22,pansharpened_reflectance+manual_review,48.5,7.858,0.3591213822364807,0.35137954354286194,0.26457884907722473,0.45012304186820984,0.5385993719100952,,,,0.3591213822364807,45.8,0.719,0.473,0.0,False,Routine monitoring.,1074.458740234375,865.4329833984375,634.7783203125,2286.958740234375,unreviewed,auto
KOG-SERET_AL_AJOUL_A-0148,pansharpened_reflectance_401e6b905b,2026-01-22,pansharpened_reflectance+manual_review,37.0,6.864,0.28754034638404846,0.2782335877418518,0.2522653043270111,0.38952627778053284,0.4312310516834259,,,,0.28754034638404846,31.5,0.725,0.447,0.0,True,"Field inspection: check irrigation, pruning, stress.",989.2770385742188,785.0338134765625,577.8310546875,1789.770263671875,unreviewed,auto
KOG-SERET_AL_AJOUL_A-0149,pansharpened_reflectance_401e6b905b,2026-01-22,pansharpened_reflectance+manual_review,57.75,8.575,0.29986491799354553,0.2913886308670044,0.2557297945022583,0.39966195821762085,0.4497184157371521,,,,0.29986491799354553,30.0,0.679,0.47,0.0,True,"Field inspection: check irrigation, pruning, stress.",1026.632080078125,818.1818237304688,624.437255859375,1901.5367431640625,unreviewed,auto
KOG-SERET_AL_AJOUL_A-0150,pansharpened_reflectance_401e6b905b,2026-01-22,pansharpened_reflectance+manual_review,47.5,7.777,0.3147094249725342,0.31421440839767456,0.25822848081588745,0.3972720503807068,0.4719831645488739,,,,0.3147094249725342,36.9,0.742,0.484,0.0,True,"Field inspection: check irrigation, pruning, stress.",1032.8157958984375,854.4052734375,647.726318359375,1970.5684814453125,unreviewed,auto
KOG-SERET_AL_AJOUL_A-0151,pansharpened_reflectance_401e6b905b,2026-01-22,pansharpened_reflectance+manual_review,58.75,8.649,0.30782049894332886,0.3023673892021179,0.25792554020881653,0.40332549810409546,0.4616503119468689,,,,0.30782049894332886,35.6,0.746,0.489,0.0,True,"Field inspection: check irrigation, pruning, stress.",1040.880859375,837.7063598632812,634.5106201171875,1955.199951171875,unreviewed,auto
KOG-SERET_AL_AJOUL_A-0152,pansharpened_reflectance_401e6b905b,2026-01-22,pansharpened_reflectance+manual_review,59.0,8.667,0.32356783747673035,0.31030258536338806,0.2608702480792999,0.40702736377716064,0.4852680265903473,,,,0.32356783747673035,38.7,0.731,0.513,0.0,True,"Field inspection: check irrigation, pruning, stress.",1019.7626953125,839.3771362304688,616.8135375976562,1991.1483154296875,unreviewed,auto
KOG-SERET_AL_AJOUL_A-0153,pansharpened_reflectance_401e6b905b,2026-01-22,pansharpened_reflectance+manual_review,43.25,7.421,0.3507882356643677,0.33622434735298157,0.2703554928302765,0.4485718011856079,0.5261021852493286,,,,0.3507882356643677,44.2,0.772,0.396,0.0,True,"Field inspection: check irrigation, pruning, stress.",1115.0809326171875,884.4682006835938,632.1849975585938,2304.439208984375,unreviewed,auto
KOG-SERET_AL_AJOUL_A-0154,pansharpened_reflectance_401e6b905b,2026-01-22,pansharpened_reflectance+manual_review,52.75,8.195,0.3168262541294098,0.3037627637386322,0.2589048445224762,0.42786672711372375,0.47516754269599915,,,,0.3168262541294098,33.4,0.653,0.489,0.0,True,"Field inspection: check irrigation, pruning, stress.",1210.2132568359375,940.3601684570312,685.8246459960938,2308.810546875,unreviewed,auto
KOG-SERET_AL_AJOUL_A-0155,pansharpened_reflectance_401e6b905b,2026-01-22,pansharpened_reflectance+manual_review,57.75,8.575,0.3310532867908478,0.3285802900791168,0.2754025459289551,0.41146060824394226,0.4964986741542816,,,,0.3310532867908478,36.2,0.628,0.523,0.0,True,"Field inspection: check irrigation, pruning, stress.",1073.9090576171875,889.4285888671875,687.4069213867188,2117.02587890625,unreviewed,auto
KOG-SERET_AL_AJOUL_A-0156,pansharpened_reflectance_401e6b905b,2026-01-22,pansharpened_reflectance+manual_review,50.5,8.019,0.3183742165565491,0.3051344156265259,0.2566038966178894,0.4130518436431885,0.47747811675071716,,,,0.3183742165565491,37.7,0.709,0.451,0.0,True,"Field inspection: check irrigation, pruning, stress.",1016.9059448242188,823.0792236328125,619.96533203125,1962.341552734375,unreviewed,auto
KOG-SERET_AL_AJOUL_A-0157,pansharpened_reflectance_401e6b905b,2026-01-22,pansharpened_reflectance+manual_review,51.5,8.098,0.31590336561203003,0.3067825734615326,0.26515066623687744,0.40758058428764343,0.4737705588340759,,,,0.31590336561203003,37.2,0.715,0.44,0.0,True,"Field inspection: check irrigation, pruning, stress.",985.3252563476562,798.6650390625,613.6310424804688,1890.451416015625,unreviewed,auto
KOG-SERET_AL_AJOUL_A-0158,pansharpened_reflectance_401e6b905b,2026-01-22,pansharpened_reflectance+manual_review,60.25,8.759,0.32473376393318176,0.3172951936721802,0.25822871923446655,0.3983733057975769,0.48701009154319763,,,,0.32473376393318176,38.9,0.73,0.447,0.0,True,"Field inspection: check irrigation, pruning, stress.",929.5062255859375,784.6804809570312,596.3693237304688,1822.0166015625,unreviewed,auto
KOG-SERET_AL_AJOUL_A-0159,pansharpened_reflectance_401e6b905b,2026-01-22,pansharpened_reflectance+manual_review,52.5,8.176,0.2915946841239929,0.28936368227005005,0.2562296390533447,0.3838442862033844,0.43731239438056946,,,,0.2915946841239929,28.3,0.691,0.491,0.0,True,"Field inspection: check irrigation, pruning, stress.",1011.2809448242188,824.971435546875,610.585693359375,1839.0,unreviewed,auto
KOG-SERET_AL_AJOUL_A-0160,pansharpened_reflectance_401e6b905b,2026-01-22,pansharpened_reflectance+manual_review,46.75,7.715,0.3190569281578064,0.3149583637714386,0.26539480686187744,0.41132310032844543,0.4785022735595703,,,,0.3190569281578064,33.8,0.693,0.492,0.0,True,"Field inspection: check irrigation, pruning, stress.",1006.3154907226562,815.2459716796875,596.1336669921875,1948.1282958984375,unreviewed,auto
KOG-SERET_AL_AJOUL_A-0161,pansharpened_reflectance_401e6b905b,2026-01-22,pansharpened_reflectance+manual_review,53.75,8.273,0.31893467903137207,0.30747729539871216,0.2597322165966034,0.4016684293746948,0.47831472754478455,,,,0.31893467903137207,33.8,0.64,0.507,0.0,True,"Field inspection: check irrigation, pruning, stress.",973.2000122070312,807.7395629882812,615.3302612304688,1878.013916015625,unreviewed,auto
KOG-SERET_AL_AJOUL_A-0162,pansharpened_reflectance_401e6b905b,2026-01-22,pansharpened_reflectance+manual_review,48.25,7.838,0.3142642378807068,0.3061443567276001,0.2585879862308502,0.4107174575328827,0.47131267189979553,,,,0.3142642378807068,36.9,0.726,0.443,0.0,True,"Field inspection: check irrigation, pruning, stress.",999.72021484375,801.3212280273438,612.8963623046875,1909.8497314453125,unreviewed,auto
KOG-SERET_AL_AJOUL_A-0163,pansharpened_reflectance_401e6b905b,2026-01-22,pansharpened_reflectance+manual_review,50.25,7.999,0.31340062618255615,0.3046642541885376,0.2619194984436035,0.40655145049095154,0.4700164794921875,,,,0.31340062618255615,36.7,0.744,0.42,0.0,True,"Field inspection: check irrigation, pruning, stress.",996.0198974609375,803.5621948242188,604.039794921875,1895.7711181640625,unreviewed,auto
KOG-SERET_AL_AJOUL_A-0164,pansharpened_reflectance_401e6b905b,2026-01-22,pansharpened_reflectance+manual_review,50.0,7.979,0.2989265024662018,0.29594147205352783,0.25796979665756226,0.40445011854171753,0.4483169913291931,,,,0.2989265024662018,29.8,0.649,0.565,0.0,True,"Field inspection: check irrigation, pruning, stress.",1117.5150146484375,882.5499877929688,641.3400268554688,2060.0849609375,unreviewed,auto
KOG-SERET_AL_AJOUL_A-0165,pansharpened_reflectance_401e6b905b,2026-01-22,pansharpened_reflectance+manual_review,45.5,7.611,0.3128177225589752,0.3053160309791565,0.25942263007164,0.40599486231803894,0.4691530168056488,,,,0.3128177225589752,36.6,0.765,0.442,0.0,True,"Field inspection: check irrigation, pruning, stress.",1189.032958984375,957.1153564453125,705.0384521484375,2237.1044921875,unreviewed,auto
KOG-SERET_AL_AJOUL_A-0166,pansharpened_reflectance_401e6b905b,2026-01-22,pansharpened_reflectance+manual_review,33.75,6.555,0.33013689517974854,0.31831830739974976,0.2675422728061676,0.4209282100200653,0.49513888359069824,,,,0.33013689517974854,36.0,0.643,0.496,0.0,True,"Field inspection: check irrigation, pruning, stress.",1345.5926513671875,1090.244384765625,836.2963256835938,2633.940673828125,unreviewed,auto
KOG-SERET_AL_AJOUL_A-0167,pansharpened_reflectance_401e6b905b,2026-01-22,pansharpened_reflectance+manual_review,41.75,7.291,0.3213713765144348,0.30856990814208984,0.2551407516002655,0.42537620663642883,0.481984406709671,,,,0.3213713765144348,34.3,0.696,0.454,0.0,True,"Field inspection: check irrigation, pruning, stress.",1198.4132080078125,943.3173828125,699.898193359375,2314.622802734375,unreviewed,auto
KOG-SERET_AL_AJOUL_A-0168,pansharpened_reflectance_401e6b905b,2026-01-22,pansharpened_reflectance+manual_review,46.5,7.695,0.3289705812931061,0.320038378238678,0.25928664207458496,0.4308364987373352,0.49337661266326904,,,,0.3289705812931061,39.8,0.729,0.429,0.0,True,"Field inspection: check irrigation, pruning, stress.",1082.5753173828125,852.6505126953125,629.478515625,2127.5107421875,unreviewed,auto
KOG-SERET_AL_AJOUL_A-0169,pansharpened_reflectance_401e6b905b,2026-01-22,pansharpened_reflectance+manual_review,42.75,7.378,0.3181290328502655,0.3126867711544037,0.2585706114768982,0.4175575077533722,0.4771137237548828,,,,0.3181290328502655,37.6,0.763,0.403,0.0,True,"Field inspection: check irrigation, pruning, stress.",1051.5731201171875,837.0526123046875,623.7192993164062,2025.74853515625,unreviewed,auto
KOG-SERET_AL_AJOUL_A-0170,pansharpened_reflectance_401e6b905b,2026-01-22,pansharpened_reflectance+manual_review,46.5,7.695,0.31673040986061096,0.3097832500934601,0.26153498888015747,0.4210529029369354,0.4750138223171234,,,,0.31673040986061096,37.3,0.729,0.429,0.0,True,"Field inspection: check irrigation, pruning, stress.",1045.758056640625,821.5859985351562,614.1021728515625,2008.53759765625,unreviewed,auto
KOG-SERET_AL_AJOUL_A-0171,pansharpened_reflectance_401e6b905b,2026-01-22,pansharpened_reflectance+manual_review,36.25,6.794,0.3314012289047241,0.3156699538230896,0.26423510909080505,0.42822638154029846,0.4970199167728424,,,,0.3314012289047241,36.3,0.697,0.526,0.0,True,"Field inspection: check irrigation, pruning, stress.",1075.193115234375,851.248291015625,637.917236328125,2106.06884765625,unreviewed,auto
KOG-SERET_AL_AJOUL_A-0172,pansharpened_reflectance_401e6b905b,2026-01-22,pansharpened_reflectance+manual_review,40.75,7.203,0.3121556043624878,0.30437928438186646,0.26051652431488037,0.39594218134880066,0.4681563079357147,,,,0.3121556043624878,36.4,0.832,0.347,0.0,True,"Field inspection: check irrigation, pruning, stress.",1089.6932373046875,897.5398559570312,665.3435668945312,2069.22705078125,unreviewed,auto
KOG-SERET_AL_AJOUL_A-0173,pansharpened_reflectance_401e6b905b,2026-01-22,pansharpened_reflectance+manual_review,41.75,7.291,0.3212489187717438,0.31753554940223694,0.2614736258983612,0.4050425589084625,0.48178595304489136,,,,0.3212489187717438,34.2,0.628,0.518,0.0,True,"Field inspection: check irrigation, pruning, stress.",960.353271484375,795.20361328125,603.443115234375,1868.2574462890625,unreviewed,auto
KOG-SERET_AL_AJOUL_A-0174,pansharpened_reflectance_401e6b905b,2026-01-22,pansharpened_reflectance+manual_review,47.5,7.777,0.3170583248138428,0.30185288190841675,0.26155877113342285,0.4238292872905731,0.4755047857761383,,,,0.3170583248138428,37.4,0.745,0.417,0.0,True,"Field inspection: check irrigation, pruning, stress.",1009.9052734375,795.9052734375,584.7578735351562,1954.5,unreviewed,auto
KOG-SERET_AL_AJOUL_A-0175,pansharpened_reflectance_401e6b905b,2026-01-22,pansharpened_reflectance+manual_review,46.0,7.653,0.32198581099510193,0.31212860345840454,0.26360589265823364,0.3991292119026184,0.48289528489112854,,,,0.32198581099510193,38.4,0.767,0.398,0.0,True,"Field inspection: check irrigation, pruning, stress.",1015.2228393554688,848.91845703125,623.58154296875,1971.6358642578125,unreviewed,auto
KOG-SERET_AL_AJOUL_A-0176,pansharpened_reflectance_401e6b905b,2026-01-22,pansharpened_reflectance+manual_review,49.5,7.939,0.3209880590438843,0.3152438998222351,0.2603951096534729,0.4041503369808197,0.48139792680740356,,,,0.3209880590438843,34.2,0.685,0.492,0.0,True,"Field inspection: check irrigation, pruning, stress.",1002.0050659179688,826.0908813476562,612.9242553710938,1940.7979736328125,unreviewed,auto
KOG-SERET_AL_AJOUL_A-0177,pansharpened_reflectance_401e6b905b,2026-01-22,pansharpened_reflectance+manual_review,43.0,7.399,0.3082566559314728,0.299194872379303,0.25787755846977234,0.39415621757507324,0.4623042345046997,,,,0.3082566559314728,35.7,0.768,0.438,0.0,True,"Field inspection: check irrigation, pruning, stress.",1034.3604736328125,847.1918334960938,630.3023071289062,1944.2034912109375,unreviewed,auto
KOG-SERET_AL_AJOUL_A-0178,pansharpened_reflectance_401e6b905b,2026-01-22,pansharpened_reflectance+manual_review,40.5,7.181,0.31353524327278137,0.30432987213134766,0.2575387954711914,0.4079730212688446,0.4702264368534088,,,,0.31353524327278137,36.7,0.72,0.435,0.0,True,"Field inspection: check irrigation, pruning, stress.",1111.321044921875,896.8580322265625,684.345703125,2108.7900390625,unreviewed,auto
KOG-SERET_AL_AJOUL_A-0179,pansharpened_reflectance_401e6b905b,2026-01-22,pansharpened_reflectance+manual_review,42.75,7.378,0.31547045707702637,0.307350754737854,0.25887978076934814,0.4234488904476166,0.4731229245662689,,,,0.31547045707702637,33.1,0.668,0.475,0.0,True,"Field inspection: check irrigation, pruning, stress.",1028.1988525390625,803.362548828125,603.859619140625,1966.380126953125,unreviewed,auto
KOG-SERET_AL_AJOUL_A-0180,pansharpened_reflectance_401e6b905b,2026-01-22,pansharpened_reflectance+manual_review,41.5,7.269,0.31415149569511414,0.30406808853149414,0.2596602737903595,0.41127049922943115,0.4711524248123169,,,,0.31415149569511414,36.8,0.798,0.38,0.0,True,"Field inspection: check irrigation, pruning, stress.",1137.096435546875,909.6566162109375,669.1024169921875,2173.37353515625,unreviewed,auto
KOG-SERET_AL_AJOUL_A-0181,pansharpened_reflectance_401e6b905b,2026-01-22,pansharpened_reflectance+manual_review,36.25,6.794,0.3058313727378845,0.297839492559433,0.25845327973365784,0.41347092390060425,0.4586809277534485,,,,0.3058313727378845,35.2,0.711,0.458,0.0,True,"Field inspection: check irrigation, pruning, stress.",1254.0758056640625,980.1103515625,724.862060546875,2341.137939453125,unreviewed,auto
KOG-SERET_AL_AJOUL_A-0182,pansharpened_reflectance_401e6b905b,2026-01-22,pansharpened_reflectance+manual_review,48.0,7.818,0.3329695165157318,0.31936901807785034,0.25917837023735046,0.43576040863990784,0.4993850886821747,,,,0.3329695165157318,40.6,0.753,0.411,0.0,True,"Field inspection: check irrigation, pruning, stress.",1282.1978759765625,1003.796875,756.4895629882812,2525.359375,unreviewed,auto
KOG-SERET_AL_AJOUL_A-0183,pansharpened_reflectance_401e6b905b,2026-01-22,pansharpened_reflectance+manual_review,43.75,7.464,0.31571900844573975,0.31622791290283203,0.26138898730278015,0.41516393423080444,0.4735056757926941,,,,0.31571900844573975,37.1,0.729,0.495,0.0,True,"Field inspection: check irrigation, pruning, stress.",1164.337158203125,921.9485473632812,663.90283203125,2217.36572265625,unreviewed,auto
KOG-SERET_AL_AJOUL_A-0184,pansharpened_reflectance_401e6b905b,2026-01-22,pansharpened_reflectance+manual_review,38.25,6.979,0.3192337155342102,0.3108956217765808,0.2575317621231079,0.43166664242744446,0.4787764251232147,,,,0.3192337155342102,37.8,0.736,0.428,0.0,True,"Field inspection: check irrigation, pruning, stress.",1172.5751953125,902.1307373046875,664.7189331054688,2250.13720703125,unreviewed,auto
KOG-SERET_AL_AJOUL_A-0185,pansharpened_reflectance_401e6b905b,2026-01-22,pansharpened_reflectance+manual_review,38.25,6.979,0.3159857988357544,0.3081328868865967,0.2583473324775696,0.4227531850337982,0.4738990068435669,,,,0.3159857988357544,37.2,0.785,0.387,0.0,True,"Field inspection: check irrigation, pruning, stress.",1053.516357421875,823.3790893554688,629.5751342773438,2020.1046142578125,unreviewed,auto
KOG-SERET_AL_AJOUL_A-0186,pansharpened_reflectance_401e6b905b,2026-01-22,pansharpened_reflectance+manual_review,49.5,7.939,0.31136342883110046,0.30689847469329834,0.2643139958381653,0.40991464257240295,0.4669690430164337,,,,0.31136342883110046,32.3,0.688,0.462,0.0,True,"Field inspection: check irrigation, pruning, stress.",1126.439453125,902.6565551757812,673.2777709960938,2130.7373046875,unreviewed,auto
KOG-SERET_AL_AJOUL_A-0187,pansharpened_reflectance_401e6b905b,2026-01-22,pansharpened_reflectance+manual_review,42.5,7.356,0.3014236092567444,0.2907135486602783,0.2566172480583191,0.3974941074848175,0.45206382870674133,,,,0.3014236092567444,30.3,0.667,0.478,0.0,True,"Field inspection: check irrigation, pruning, stress.",1126.805908203125,907.0117797851562,651.8646850585938,2094.63525390625,unreviewed,auto
KOG-SERET_AL_AJOUL_A-0188,pansharpened_reflectance_401e6b905b,2026-01-22,pansharpened_reflectance+manual_review,47.75,7.797,0.32050392031669617,0.3081285357475281,0.2614973187446594,0.4094218611717224,0.48067453503608704,,,,0.32050392031669617,38.1,0.702,0.481,0.0,True,"Field inspection: check irrigation, pruning, stress.",1043.293212890625,852.6387329101562,645.9214477539062,2019.4974365234375,unreviewed,auto
KOG-SERET_AL_AJOUL_A-0189,pansharpened_reflectance_401e6b905b,2026-01-22,pansharpened_reflectance+manual_review,45.0,7.569,0.2927716076374054,0.28678855299949646,0.2558538019657135,0.3922434151172638,0.4390806555747986,,,,0.2927716076374054,32.6,0.706,0.511,0.0,True,"Field inspection: check irrigation, pruning, stress.",1031.8944091796875,826.3555297851562,621.933349609375,1883.2388916015625,unreviewed,auto
KOG-SERET_AL_AJOUL_A-0190,pansharpened_reflectance_401e6b905b,2026-01-22,pansharpened_reflectance+manual_review,35.5,6.723,0.30956992506980896,0.30426865816116333,0.26228657364845276,0.40411537885665894,0.46427616477012634,,,,0.30956992506980896,31.9,0.676,0.47,0.0,True,"Field inspection: check irrigation, pruning, stress.",1086.54931640625,875.1478881835938,628.5774536132812,2042.626708984375,unreviewed,auto
KOG-SERET_AL_AJOUL_A-0191,pansharpened_reflectance_401e6b905b,2026-01-22,pansharpened_reflectance+manual_review,39.75,7.114,0.3059890568256378,0.299831360578537,0.254567414522171,0.41139259934425354,0.45891761779785156,,,,0.3059890568256378,35.2,0.757,0.445,0.0,True,"Field inspection: check irrigation, pruning, stress.",1272.52197265625,999.1572265625,718.3585205078125,2370.861572265625,unreviewed,auto
KOG-SERET_AL_AJOUL_A-0192,pansharpened_reflectance_401e6b905b,2026-01-22,pansharpened_reflectance+manual_review,41.75,7.291,0.31826698780059814,0.3099517822265625,0.25797560811042786,0.4081612825393677,0.47731977701187134,,,,0.31826698780059814,37.7,0.702,0.454,0.0,True,"Field inspection: check irrigation, pruning, stress.",1052.191650390625,851.0598754882812,627.2874145507812,2017.8023681640625,unreviewed,auto
KOG-SERET_AL_AJOUL_A-0193,pansharpened_reflectance_401e6b905b,2026-01-22,pansharpened_reflectance+manual_review,36.25,6.794,0.3244747519493103,0.3166552484035492,0.2616673707962036,0.43224841356277466,0.4866412580013275,,,,0.3244747519493103,38.9,0.744,0.419,0.0,True,"Field inspection: check irrigation, pruning, stress.",1204.5379638671875,937.2551879882812,689.9586181640625,2351.662109375,unreviewed,auto
KOG-SERET_AL_AJOUL_A-0194,pansharpened_reflectance_401e6b905b,2026-01-22,pansharpened_reflectance+manual_review,38.75,7.024,0.2971900999546051,0.2922266125679016,0.2569943964481354,0.4055805802345276,0.4457153379917145,,,,0.2971900999546051,29.4,0.646,0.553,0.0,True,"Field inspection: check irrigation, pruning, stress.",1160.6710205078125,906.0193481445312,684.2967529296875,2133.5419921875,unreviewed,auto
KOG-SERET_AL_AJOUL_A-0195,pansharpened_reflectance_401e6b905b,2026-01-22,pansharpened_reflectance+manual_review,39.25,7.069,0.30825522541999817,0.30631422996520996,0.2622678279876709,0.3941199779510498,0.46230170130729675,,,,0.30825522541999817,35.7,0.701,0.452,0.0,True,"Field inspection: check irrigation, pruning, stress.",1015.923583984375,839.4012451171875,638.3885498046875,1919.3948974609375,unreviewed,auto
KOG-SERET_AL_AJOUL_A-0196,pansharpened_reflectance_401e6b905b,2026-01-22,pansharpened_reflectance+manual_review,50.0,7.979,0.31960755586624146,0.31070661544799805,0.2596399486064911,0.40033185482025146,0.4793247580528259,,,,0.31960755586624146,37.9,0.702,0.456,0.0,True,"Field inspection: check irrigation, pruning, stress.",989.135009765625,820.364990234375,609.4349975585938,1909.1199951171875,unreviewed,auto
KOG-SERET_AL_AJOUL_A-0197,pansharpened_reflectance_401e6b905b,2026-01-22,pansharpened_reflectance+manual_review,44.0,7.485,0.3122996985912323,0.30798017978668213,0.2578798532485962,0.404580682516098,0.46836891770362854,,,,0.3122996985912323,32.5,0.647,0.492,0.0,True,"Field inspection: check irrigation, pruning, stress.",1042.539794921875,840.664794921875,623.6420288085938,1979.8409423828125,unreviewed,auto
KOG-SERET_AL_AJOUL_A-0198,pansharpened_reflectance_401e6b905b,2026-01-22,pansharpened_reflectance+manual_review,35.25,6.699,0.29410868883132935,0.2923433780670166,0.26208001375198364,0.4081725478172302,0.4410853683948517,,,,0.29410868883132935,32.8,0.719,0.473,0.0,True,"Field inspection: check irrigation, pruning, stress.",1029.723388671875,795.9006958007812,594.2482299804688,1885.9573974609375,unreviewed,auto
KOG-SERET_AL_AJOUL_A-0199,pansharpened_reflectance_401e6b905b,2026-01-22,pansharpened_reflectance+manual_review,41.25,7.247,0.3202698230743408,0.31072211265563965,0.25647488236427307,0.402883917093277,0.48032253980636597,,,,0.3202698230743408,38.1,0.747,0.494,0.0,True,"Field inspection: check irrigation, pruning, stress.",1030.2181396484375,855.5575561523438,646.4000244140625,1994.1273193359375,unreviewed,auto
KOG-SERET_AL_AJOUL_A-0200,pansharpened_reflectance_401e6b905b,2026-01-22,pansharpened_reflectance+manual_review,37.25,6.887,0.29511409997940063,0.2930622100830078,0.25706231594085693,0.39787983894348145,0.44259023666381836,,,,0.29511409997940063,33.0,0.71,0.48,0.0,True,"Field inspection: check irrigation, pruning, stress.",989.4832153320312,785.1543579101562,593.60400390625,1814.4161376953125,unreviewed,auto
KOG-SERET_AL_AJOUL_A-0201,pansharpened_reflectance_401e6b905b,2026-01-22,pansharpened_reflectance+manual_review,43.25,7.421,0.27885401248931885,0.27636486291885376,0.2547817528247833,0.387448251247406,0.41820573806762695,,,,0.27885401248931885,25.8,0.687,0.53,0.0,True,"Field inspection: check irrigation, pruning, stress.",1026.803466796875,807.052001953125,597.7109985351562,1817.9306640625,unreviewed,auto
KOG-SERET_AL_AJOUL_A-0202,pansharpened_reflectance_401e6b905b,2026-01-22,pansharpened_reflectance+manual_review,43.75,7.464,0.33596423268318176,0.3320904076099396,0.26242849230766296,0.42546334862709045,0.5038728713989258,,,,0.33596423268318176,41.2,0.729,0.428,0.0,True,"Field inspection: check irrigation, pruning, stress.",1249.5999755859375,1016.4971313476562,746.8685913085938,2461.611328125,unreviewed,auto
KOG-SERET_AL_AJOUL_A-0203,pansharpened_reflectance_401e6b905b,2026-01-22,pansharpened_reflectance+manual_review,39.75,7.114,0.30590957403182983,0.29908257722854614,0.25858303904533386,0.4235299527645111,0.458805114030838,,,,0.30590957403182983,31.2,0.662,0.48,0.0,True,"Field inspection: check irrigation, pruning, stress.",1408.5157470703125,1078.132080078125,788.496826171875,2638.037841796875,unreviewed,auto
KOG-SERET_AL_AJOUL_A-0204,pansharpened_reflectance_401e6b905b,2026-01-22,pansharpened_reflectance+manual_review,52.5,8.176,0.3244531452655792,0.31479477882385254,0.2592422366142273,0.43405798077583313,0.4865949749946594,,,,0.3244531452655792,34.9,0.618,0.518,0.0,True,"Field inspection: check irrigation, pruning, stress.",1008.3333129882812,780.1809692382812,590.44287109375,1962.4476318359375,unreviewed,auto
KOG-SERET_AL_AJOUL_A-0205,pansharpened_reflectance_401e6b905b,2026-01-22,pansharpened_reflectance+manual_review,49.0,7.899,0.3104737401008606,0.2970232367515564,0.25843656063079834,0.4047757387161255,0.4656360447406769,,,,0.3104737401008606,32.1,0.622,0.574,0.0,True,"Field inspection: check irrigation, pruning, stress.",1133.25,912.19384765625,675.9642944335938,2136.81640625,unreviewed,auto
KOG-SERET_AL_AJOUL_A-0206,pansharpened_reflectance_401e6b905b,2026-01-22,pansharpened_reflectance+manual_review,37.25,6.887,0.33088600635528564,0.3272910416126251,0.26412472128868103,0.42131632566452026,0.4962525963783264,,,,0.33088600635528564,40.2,0.71,0.443,0.0,True,"Field inspection: check irrigation, pruning, stress.",1117.463134765625,911.2282104492188,672.6845703125,2220.966552734375,unreviewed,auto
KOG-SERET_AL_AJOUL_A-0207,pansharpened_reflectance_401e6b905b,2026-01-22,pansharpened_reflectance+manual_review,38.75,7.024,0.2889796197414398,0.28591352701187134,0.2553021013736725,0.40825268626213074,0.43339061737060547,,,,0.2889796197414398,27.8,0.692,0.459,0.0,True,"Field inspection: check irrigation, pruning, stress.",1017.2903442382812,778.774169921875,585.2322387695312,1839.1160888671875,unreviewed,auto
KOG-SERET_AL_AJOUL_A-0208,pansharpened_reflectance_401e6b905b,2026-01-22,pansharpened_reflectance+manual_review,37.75,6.933,0.2988066077232361,0.29604262113571167,0.26174497604370117,0.4051942825317383,0.44813022017478943,,,,0.2988066077232361,33.8,0.719,0.436,0.0,True,"Field inspection: check irrigation, pruning, stress.",1024.960205078125,809.417236328125,594.4437255859375,1894.0794677734375,unreviewed,auto
KOG-SERET_AL_AJOUL_A-0209,pansharpened_reflectance_401e6b905b,2026-01-22,pansharpened_reflectance+manual_review,39.0,7.047,0.30823197960853577,0.30709654092788696,0.2620888352394104,0.3974292576313019,0.46226808428764343,,,,0.30823197960853577,31.6,0.696,0.455,0.0,True,"Field inspection: check irrigation, pruning, stress.",1033.326904296875,844.5320434570312,612.0064086914062,1949.480712890625,unreviewed,auto
KOG-SERET_AL_AJOUL_A-0210,pansharpened_reflectance_401e6b905b,2026-01-22,pansharpened_reflectance+manual_review,40.0,7.136,0.307068407535553,0.2971952259540558,0.2592807114124298,0.40366560220718384,0.4605223536491394,,,,0.307068407535553,35.4,0.714,0.477,0.0,True,"Field inspection: check irrigation, pruning, stress.",1038.893798828125,831.09375,609.6124877929688,1951.1812744140625,unreviewed,auto
KOG-SERET_AL_AJOUL_A-0211,pansharpened_reflectance_401e6b905b,2026-01-22,pansharpened_reflectance+manual_review,40.0,7.136,0.3229902386665344,0.31858134269714355,0.25997281074523926,0.397823691368103,0.4843948483467102,,,,0.3229902386665344,38.6,0.762,0.402,0.0,True,"Field inspection: check irrigation, pruning, stress.",922.8062744140625,780.3062744140625,583.875,1812.143798828125,unreviewed,auto
KOG-SERET_AL_AJOUL_A-0212,pansharpened_reflectance_401e6b905b,2026-01-22,pansharpened_reflectance+manual_review,41.5,7.269,0.30767446756362915,0.2985879182815552,0.258139431476593,0.40044495463371277,0.46142926812171936,,,,0.30767446756362915,31.5,0.697,0.521,0.0,True,"Field inspection: check irrigation, pruning, stress.",1001.55419921875,808.6927490234375,595.1385498046875,1880.8975830078125,unreviewed,auto
KOG-SERET_AL_AJOUL_A-0213,pansharpened_reflectance_401e6b905b,2026-01-22,pansharpened_reflectance+manual_review,43.0,7.399,0.3034450113773346,0.2972058653831482,0.25845929980278015,0.3928910493850708,0.45508140325546265,,,,0.3034450113773346,34.7,0.735,0.438,0.0,True,"Field inspection: check irrigation, pruning, stress.",947.9011840820312,775.5232543945312,572.8953247070312,1771.31396484375,unreviewed,auto
KOG-SERET_AL_AJOUL_A-0214,pansharpened_reflectance_401e6b905b,2026-01-22,pansharpened_reflectance+manual_review,34.5,6.628,0.31360000371932983,0.309414267539978,0.26317623257637024,0.42191314697265625,0.47032293677330017,,,,0.31360000371932983,36.7,0.758,0.447,0.0,True,"Field inspection: check irrigation, pruning, stress.",1105.4710693359375,866.1014404296875,642.6448974609375,2108.86962890625,unreviewed,auto
KOG-SERET_AL_AJOUL_A-0215,pansharpened_reflectance_401e6b905b,2026-01-22,pansharpened_reflectance+manual_review,48.75,7.878,0.31302890181541443,0.30633437633514404,0.2680940628051758,0.3961307108402252,0.4694655239582062,,,,0.31302890181541443,32.6,0.641,0.553,0.0,True,"Field inspection: check irrigation, pruning, stress.",1072.13330078125,890.1948852539062,662.4871826171875,2048.0,unreviewed,auto
KOG-SERET_AL_AJOUL_A-0216,pansharpened_reflectance_401e6b905b,2026-01-22,pansharpened_reflectance+manual_review,39.5,7.092,0.3284262716770172,0.3166576623916626,0.25867611169815063,0.42244014143943787,0.49257463216781616,,,,0.3284262716770172,39.7,0.76,0.41,0.0,True,"Field inspection: check irrigation, pruning, stress.",1360.246826171875,1089.65185546875,802.1898803710938,2651.83544921875,unreviewed,auto
KOG-SERET_AL_AJOUL_A-0217,pansharpened_reflectance_401e6b905b,2026-01-22,pansharpened_reflectance+manual_review,31.75,6.358,0.31042858958244324,0.3045404255390167,0.2591487467288971,0.42037931084632874,0.46556809544563293,,,,0.31042858958244324,36.1,0.825,0.362,0.0,True,"Field inspection: check irrigation, pruning, stress.",1124.5433349609375,870.9763793945312,642.9527587890625,2125.354248046875,unreviewed,auto
KOG-SERET_AL_AJOUL_A-0218,pansharpened_reflectance_401e6b905b,2026-01-22,pansharpened_reflectance+manual_review,40.0,7.136,0.3075490891933441,0.30396196246147156,0.2566052973270416,0.4210229814052582,0.4612550139427185,,,,0.3075490891933441,35.5,0.784,0.477,0.0,True,"Field inspection: check irrigation, pruning, stress.",1267.5999755859375,982.2687377929688,726.8375244140625,2373.05615234375,unreviewed,auto
KOG-SERET_AL_AJOUL_A-0219,pansharpened_reflectance_401e6b905b,2026-01-22,pansharpened_reflectance+manual_review,35.75,6.747,0.309413880109787,0.3079347014427185,0.2648845911026001,0.40189293026924133,0.4640488922595978,,,,0.309413880109787,35.9,0.733,0.466,0.0,True,"Field inspection: check irrigation, pruning, stress.",1155.45458984375,935.41259765625,688.6783447265625,2179.013916015625,unreviewed,auto
KOG-SERET_AL_AJOUL_A-0220,pansharpened_reflectance_401e6b905b,2026-01-22,pansharpened_reflectance+manual_review,37.25,6.887,0.33617016673088074,0.3284429609775543,0.26816362142562866,0.4470270276069641,0.5041778087615967,,,,0.33617016673088074,41.2,0.764,0.403,0.0,True,"Field inspection: check irrigation, pruning, stress.",1153.81884765625,894.8255004882812,665.9664306640625,2308.590576171875,unreviewed,auto
KOG-SERET_AL_AJOUL_A-0221,pansharpened_reflectance_401e6b905b,2026-01-22,pansharpened_reflectance+manual_review,39.25,7.069,0.30883023142814636,0.3005259335041046,0.25826531648635864,0.41618624329566956,0.463169664144516,,,,0.30883023142814636,31.8,0.66,0.487,0.0,True,"Field inspection: check irrigation, pruning, stress.",1097.777099609375,854.923583984375,632.9171752929688,2067.171875,unreviewed,auto
KOG-SERET_AL_AJOUL_A-0222,pansharpened_reflectance_401e6b905b,2026-01-22,pansharpened_reflectance+manual_review,35.5,6.723,0.3210904896259308,0.3142671585083008,0.26348814368247986,0.4346226751804352,0.48155492544174194,,,,0.3210904896259308,38.2,0.728,0.431,0.0,True,"Field inspection: check irrigation, pruning, stress.",1061.1619873046875,820.274658203125,620.3873291015625,2054.9296875,unreviewed,auto
KOG-SERET_AL_AJOUL_A-0223,pansharpened_reflectance_401e6b905b,2026-01-22,pansharpened_reflectance+manual_review,31.0,6.283,0.30688318610191345,0.3051597476005554,0.25967589020729065,0.40887463092803955,0.46024784445762634,,,,0.30688318610191345,35.4,0.765,0.503,0.0,True,"Field inspection: check irrigation, pruning, stress.",1055.459716796875,836.258056640625,619.5968017578125,1985.524169921875,unreviewed,auto
KOG-SERET_AL_AJOUL_A-0224,pansharpened_reflectance_401e6b905b,2026-01-22,pansharpened_reflectance+manual_review,39.75,7.114,0.32946211099624634,0.32335156202316284,0.26798015832901,0.43405309319496155,0.49410712718963623,,,,0.32946211099624634,39.9,0.719,0.445,0.0,True,"Field inspection: check irrigation, pruning, stress.",1006.1006469726562,790.8553466796875,594.8113403320312,1990.974853515625,unreviewed,auto
KOG-SERET_AL_AJOUL_A-0225,pansharpened_reflectance_401e6b905b,2026-01-22,pansharpened_reflectance+manual_review,42.25,7.334,0.32306385040283203,0.3113342821598053,0.2583010494709015,0.42227622866630554,0.48451322317123413,,,,0.32306385040283203,38.6,0.722,0.448,0.0,True,"Field inspection: check irrigation, pruning, stress.",1029.2662353515625,816.2899169921875,620.7041625976562,1995.230712890625,unreviewed,auto
KOG-SERET_AL_AJOUL_A-0226,pansharpened_reflectance_401e6b905b,2026-01-22,pansharpened_reflectance+manual_review,40.75,7.203,0.3416512608528137,0.3209814727306366,0.2621782720088959,0.43056732416152954,0.5124009251594543,,,,0.3416512608528137,38.3,0.639,0.5,0.0,True,"Field inspection: check irrigation, pruning, stress.",1146.8221435546875,936.8711547851562,693.4969482421875,2335.975341796875,unreviewed,auto
KOG-SERET_AL_AJOUL_A-0227,pansharpened_reflectance_401e6b905b,2026-01-22,pansharpened_reflectance+manual_review,38.5,7.001,0.31071195006370544,0.3042675256729126,0.26220703125,0.39694470167160034,0.46598389744758606,,,,0.31071195006370544,36.1,0.74,0.497,0.0,True,"Field inspection: check irrigation, pruning, stress.",995.5260009765625,821.5454711914062,612.0454711914062,1897.097412109375,unreviewed,auto
KOG-SERET_AL_AJOUL_A-0228,pansharpened_reflectance_401e6b905b,2026-01-22,pansharpened_reflectance+manual_review,37.25,6.887,0.31263625621795654,0.30519261956214905,0.26426374912261963,0.40628179907798767,0.4688672423362732,,,,0.31263625621795654,36.5,0.716,0.443,0.0,True,"Field inspection: check irrigation, pruning, stress.",968.5369262695312,783.91943359375,585.1409301757812,1844.34228515625,unreviewed,auto
KOG-SERET_AL_AJOUL_A-0229,pansharpened_reflectance_401e6b905b,2026-01-22,pansharpened_reflectance+manual_review,32.5,6.433,0.2967689633369446,0.2960091829299927,0.2584962844848633,0.4048612713813782,0.44508257508277893,,,,0.2967689633369446,33.4,0.722,0.44,0.0,True,"Field inspection: check irrigation, pruning, stress.",1197.15380859375,931.4154052734375,659.8230590820312,2190.8154296875,unreviewed,auto
KOG-SERET_AL_AJOUL_A-0230,pansharpened_reflectance_401e6b905b,2026-01-22,pansharpened_reflectance+manual_review,50.25,7.999,0.28877902030944824,0.2866637110710144,0.2565494477748871,0.403967022895813,0.43309491872787476,,,,0.28877902030944824,27.8,0.523,0.624,0.0,True,"Field inspection: check irrigation, pruning, stress.",1103.49755859375,850.0099487304688,630.5721435546875,1989.0745849609375,unreviewed,auto
KOG-SERET_AL_AJOUL_A-0231,pansharpened_reflectance_401e6b905b,2026-01-22,pansharpened_reflectance+manual_review,44.25,7.506,0.30591195821762085,0.2973760962486267,0.2566148340702057,0.41659969091415405,0.45880627632141113,,,,0.30591195821762085,31.2,0.681,0.489,0.0,True,"Field inspection: check irrigation, pruning, stress.",1330.2880859375,1030.7005615234375,774.480224609375,2488.7626953125,unreviewed,auto
KOG-SERET_AL_AJOUL_A-0232,pansharpened_reflectance_401e6b905b,2026-01-22,pansharpened_reflectance+manual_review,38.25,6.979,0.313973605632782,0.3107398450374603,0.26097044348716736,0.4065954387187958,0.4708878695964813,,,,0.313973605632782,32.8,0.692,0.5,0.0,True,"Field inspection: check irrigation, pruning, stress.",1184.11767578125,954.830078125,685.568603515625,2245.941162109375,unreviewed,auto
KOG-SERET_AL_AJOUL_A-0233,pansharpened_reflectance_401e6b905b,2026-01-22,pansharpened_reflectance+manual_review,42.25,7.334,0.3214508295059204,0.31524163484573364,0.26132529973983765,0.42423439025878906,0.4821092486381531,,,,0.3214508295059204,38.3,0.71,0.448,0.0,True,"Field inspection: check irrigation, pruning, stress.",1272.0650634765625,1003.1952514648438,742.0059204101562,2462.135986328125,unreviewed,auto
KOG-SERET_AL_AJOUL_A-0234,pansharpened_reflectance_401e6b905b,2026-01-22,pansharpened_reflectance+manual_review,32.75,6.457,0.3262666165828705,0.31994497776031494,0.2641374468803406,0.4226144552230835,0.4893173277378082,,,,0.3262666165828705,39.3,0.78,0.391,0.0,True,"Field inspection: check irrigation, pruning, stress.",1040.2366943359375,832.6946411132812,615.717529296875,2033.3052978515625,unreviewed,auto
KOG-SERET_AL_AJOUL_A-0235,pansharpened_reflectance_401e6b905b,2026-01-22,pansharpened_reflectance+manual_review,30.75,6.257,0.286224365234375,0.2822597920894623,0.2549579441547394,0.404211163520813,0.42928266525268555,,,,0.286224365234375,27.2,0.683,0.47,0.0,True,"Field inspection: check irrigation, pruning, stress.",1498.7154541015625,1151.16259765625,845.056884765625,2685.333251953125,unreviewed,auto
KOG-SERET_AL_AJOUL_A-0236,pansharpened_reflectance_401e6b905b,2026-01-22,pansharpened_reflectance+manual_review,33.75,6.555,0.3169686198234558,0.3123877942562103,0.256996750831604,0.42840495705604553,0.47537848353385925,,,,0.3169686198234558,37.4,0.767,0.418,0.0,True,"Field inspection: check irrigation, pruning, stress.",1133.4666748046875,876.56298828125,647.0814819335938,2176.859375,unreviewed,auto
KOG-SERET_AL_AJOUL_A-0237,pansharpened_reflectance_401e6b905b,2026-01-22,pansharpened_reflectance+manual_review,37.0,6.864,0.29533129930496216,0.28892308473587036,0.2561212480068207,0.408553808927536,0.4429231584072113,,,,0.29533129930496216,29.1,0.632,0.516,0.0,True,"Field inspection: check irrigation, pruning, stress.",1085.2027587890625,840.6553955078125,627.8919067382812,1990.6351318359375,unreviewed,auto
KOG-SERET_AL_AJOUL_A-0238,pansharpened_reflectance_401e6b905b,2026-01-22,pansharpened_reflectance+manual_review,36.75,6.84,0.31611311435699463,0.30339711904525757,0.2603702247142792,0.41931474208831787,0.4740886986255646,,,,0.31611311435699463,37.2,0.754,0.411,0.0,True,"Field inspection: check irrigation, pruning, stress.",1038.5986328125,823.2380981445312,621.9387817382812,1993.08837890625,unreviewed,auto
KOG-SERET_AL_AJOUL_A-0239,pansharpened_reflectance_401e6b905b,2026-01-22,pansharpened_reflectance+manual_review,35.25,6.699,0.3063172698020935,0.29822519421577454,0.25932300090789795,0.4150385558605194,0.45939430594444275,,,,0.3063172698020935,35.3,0.723,0.508,0.0,True,"Field inspection: check irrigation, pruning, stress.",1013.9645385742188,794.0213012695312,591.411376953125,1904.397216796875,unreviewed,auto
KOG-SERET_AL_AJOUL_A-0240,pansharpened_reflectance_401e6b905b,2026-01-22,pansharpened_reflectance+manual_review,37.0,6.864,0.2998216450214386,0.29309988021850586,0.25950857996940613,0.4038849174976349,0.44965559244155884,,,,0.2998216450214386,30.0,0.67,0.483,0.0,True,"Field inspection: check irrigation, pruning, stress.",1066.12158203125,843.5338134765625,637.6351318359375,1971.939208984375,unreviewed,auto
KOG-SERET_AL_AJOUL_A-0241,pansharpened_reflectance_401e6b905b,2026-01-22,pansharpened_reflectance+manual_review,34.5,6.628,0.31133246421813965,0.3040696978569031,0.25477758049964905,0.4046347737312317,0.4669208228588104,,,,0.31133246421813965,32.3,0.663,0.518,0.0,True,"Field inspection: check irrigation, pruning, stress.",1086.45654296875,874.8912963867188,658.5362548828125,2053.1884765625,unreviewed,auto
KOG-SERET_AL_AJOUL_A-0242,pansharpened_reflectance_401e6b905b,2026-01-22,pansharpened_reflectance+manual_review,43.25,7.421,0.29137614369392395,0.2806255519390106,0.25714367628097534,0.4075845777988434,0.4369954466819763,,,,0.29137614369392395,28.3,0.636,0.53,0.0,True,"Field inspection: check irrigation, pruning, stress.",1166.3583984375,899.5606689453125,656.803466796875,2121.3525390625,unreviewed,auto
KOG-SERET_AL_AJOUL_A-0243,pansharpened_reflectance_401e6b905b,2026-01-22,pansharpened_reflectance+manual_review,34.75,6.652,0.3081243336200714,0.30419161915779114,0.2580331861972809,0.4124075472354889,0.4621143043041229,,,,0.3081243336200714,35.6,0.713,0.443,0.0,True,"Field inspection: check irrigation, pruning, stress.",1175.97119140625,932.5899047851562,682.5252075195312,2211.3310546875,unreviewed,auto
KOG-SERET_AL_AJOUL_A-0244,pansharpened_reflectance_401e6b905b,2026-01-22,pansharpened_reflectance+manual_review,33.25,6.507,0.29941409826278687,0.29680997133255005,0.25537940859794617,0.39647263288497925,0.4490445852279663,,,,0.29941409826278687,33.9,0.731,0.467,0.0,True,"Field inspection: check irrigation, pruning, stress.",1060.5789794921875,852.5714111328125,635.0075073242188,1958.9248046875,unreviewed,auto
KOG-SERET_AL_AJOUL_A-0245,pansharpened_reflectance_401e6b905b,2026-01-22,pansharpened_reflectance+manual_review,37.0,6.864,0.31146323680877686,0.3004261255264282,0.2594001591205597,0.4020693600177765,0.4671112895011902,,,,0.31146323680877686,36.3,0.791,0.447,0.0,True,"Field inspection: check irrigation, pruning, stress.",994.9865112304688,810.5946044921875,617.6283569335938,1893.7567138671875,unreviewed,auto
KOG-SERET_AL_AJOUL_A-0246,pansharpened_reflectance_401e6b905b,2026-01-22,pansharpened_reflectance+manual_review,41.5,7.269,0.31066688895225525,0.30980730056762695,0.26141357421875,0.4151710271835327,0.4659207761287689,,,,0.31066688895225525,36.1,0.741,0.457,0.0,True,"Field inspection: check irrigation, pruning, stress.",1043.9879150390625,819.7831420898438,618.222900390625,1974.596435546875,unreviewed,auto
KOG-SERET_AL_AJOUL_A-0247,pansharpened_reflectance_401e6b905b,2026-01-22,pansharpened_reflectance+manual_review,33.0,6.482,0.292211651802063,0.2877865433692932,0.25589755177497864,0.40609094500541687,0.43824470043182373,,,,0.292211651802063,32.4,0.725,0.431,0.0,True,"Field inspection: check irrigation, pruning, stress.",1103.9317626953125,850.8863525390625,643.3181762695312,2006.8712158203125,unreviewed,auto
KOG-SERET_AL_AJOUL_A-0248,pansharpened_reflectance_401e6b905b,2026-01-22,pansharpened_reflectance+manual_review,36.0,6.77,0.30381664633750916,0.29498597979545593,0.2567545771598816,0.3967549204826355,0.4556455612182617,,,,0.30381664633750916,34.8,0.791,0.379,0.0,True,"Field inspection: check irrigation, pruning, stress.",1026.75,831.048583984375,622.4930419921875,1918.72216796875,unreviewed,auto
KOG-SERET_AL_AJOUL_A-0249,pansharpened_reflectance_401e6b905b,2026-01-22,pansharpened_reflectance+manual_review,38.5,7.001,0.3293827176094055,0.31032678484916687,0.25984376668930054,0.4226047396659851,0.4940112829208374,,,,0.3293827176094055,35.9,0.566,0.581,0.0,True,"Field inspection: check irrigation, pruning, stress.",1396.2662353515625,1119.91552734375,830.1168823242188,2725.967529296875,unreviewed,auto
KOG-SERET_AL_AJOUL_A-0250,pansharpened_reflectance_401e6b905b,2026-01-22,pansharpened_reflectance+manual_review,39.75,7.114,0.286352276802063,0.2801302969455719,0.2570542097091675,0.3962786793708801,0.4294643700122833,,,,0.286352276802063,27.3,0.598,0.541,0.0,True,"Field inspection: check irrigation, pruning, stress.",1251.8489990234375,975.5660400390625,711.710693359375,2243.660400390625,unreviewed,auto
KOG-SERET_AL_AJOUL_A-0251,pansharpened_reflectance_401e6b905b,2026-01-22,pansharpened_reflectance+manual_review,34.75,6.652,0.2914145588874817,0.2846396565437317,0.25848495960235596,0.4281560480594635,0.4370599091053009,,,,0.2914145588874817,32.3,0.772,0.401,0.0,True,"Field inspection: check irrigation, pruning, stress.",1359.431640625,995.5252075195312,730.0575561523438,2458.848876953125,unreviewed,auto
KOG-SERET_AL_AJOUL_A-0252,pansharpened_reflectance_401e6b905b,2026-01-22,pansharpened_reflectance+manual_review,34.0,6.58,0.31092020869255066,0.30602574348449707,0.2624322474002838,0.41230303049087524,0.46630528569221497,,,,0.31092020869255066,36.2,0.708,0.455,0.0,True,"Field inspection: check irrigation, pruning, stress.",1120.933837890625,891.7352905273438,668.4044189453125,2124.705810546875,unreviewed,auto
KOG-SERET_AL_AJOUL_A-0253,pansharpened_reflectance_401e6b905b,2026-01-22,pansharpened_reflectance+manual_review,40.25,7.159,0.30102819204330444,0.2899779975414276,0.2568667232990265,0.3967905640602112,0.4514654278755188,,,,0.30102819204330444,30.2,0.559,0.562,0.0,True,"Field inspection: check irrigation, pruning, stress.",1068.2421875,856.2174072265625,626.4658203125,1977.099365234375,unreviewed,auto
KOG-SERET_AL_AJOUL_A-0254,pansharpened_reflectance_401e6b905b,2026-01-22,pansharpened_reflectance+manual_review,36.0,6.77,0.3465515375137329,0.3325456976890564,0.26522907614707947,0.4488285779953003,0.5197457075119019,,,,0.3465515375137329,39.3,0.605,0.529,0.0,True,"Field inspection: check irrigation, pruning, stress.",1137.076416015625,891.8194580078125,659.4652709960938,2293.236083984375,unreviewed,auto
KOG-SERET_AL_AJOUL_A-0255,pansharpened_reflectance_401e6b905b,2026-01-22,pansharpened_reflectance+manual_review,36.25,6.794,0.30981558561325073,0.3026513159275055,0.2583896815776825,0.41019541025161743,0.46464958786964417,,,,0.30981558561325073,32.0,0.609,0.526,0.0,True,"Field inspection: check irrigation, pruning, stress.",1144.1517333984375,913.1586303710938,678.6551513671875,2161.93115234375,unreviewed,auto
KOG-SERET_AL_AJOUL_A-0256,pansharpened_reflectance_401e6b905b,2026-01-22,pansharpened_reflectance+manual_review,36.25,6.794,0.2860453128814697,0.28196981549263,0.2556605041027069,0.3786051273345947,0.4289887249469757,,,,0.2860453128814697,27.2,0.644,0.494,0.0,True,"Field inspection: check irrigation, pruning, stress.",980.7999877929688,797.4758911132812,599.0344848632812,1767.0137939453125,unreviewed,auto
KOG-SERET_AL_AJOUL_A-0257,pansharpened_reflectance_401e6b905b,2026-01-22,pansharpened_reflectance+manual_review,29.25,6.103,0.2873312532901764,0.2862611711025238,0.2589511573314667,0.38640132546424866,0.43092280626296997,,,,0.2873312532901764,31.5,0.75,0.456,0.0,True,"Field inspection: check irrigation, pruning, stress.",1070.871826171875,864.2734985351562,654.2478637695312,1936.059814453125,unreviewed,auto
KOG-SERET_AL_AJOUL_A-0258,pansharpened_reflectance_401e6b905b,2026-01-22,pansharpened_reflectance+manual_review,28.25,5.997,0.2856753170490265,0.2827356159687042,0.257321298122406,0.3934086263179779,0.4284347891807556,,,,0.2856753170490265,27.1,0.669,0.513,0.0,True,"Field inspection: check irrigation, pruning, stress.",1010.8760986328125,797.106201171875,588.752197265625,1817.1593017578125,unreviewed,auto
KOG-SERET_AL_AJOUL_A-0259,pansharpened_reflectance_401e6b905b,2026-01-22,pansharpened_reflectance+manual_review,31.25,6.308,0.2872620224952698,0.2845965623855591,0.25743624567985535,0.3967982232570648,0.43083423376083374,,,,0.2872620224952698,27.5,0.651,0.499,0.0,True,"Field inspection: check irrigation, pruning, stress.",1349.89599609375,1057.16796875,782.9119873046875,2430.736083984375,unreviewed,auto
KOG-SERET_AL_AJOUL_A-0260,pansharpened_reflectance_401e6b905b,2026-01-22,pansharpened_reflectance+manual_review,33.0,6.482,0.2910979390144348,0.28778183460235596,0.2560099959373474,0.41628339886665344,0.4365820586681366,,,,0.2910979390144348,32.2,0.725,0.471,0.0,True,"Field inspection: check irrigation, pruning, stress.",1246.5758056640625,940.01513671875,690.9318237304688,2257.39404296875,unreviewed,auto
KOG-SERET_AL_AJOUL_A-0261,pansharpened_reflectance_401e6b905b,2026-01-22,pansharpened_reflectance+manual_review,24.0,5.528,0.3083375096321106,0.3016955256462097,0.25838547945022583,0.4315442144870758,0.4624335765838623,,,,0.3083375096321106,35.7,0.727,0.43,0.0,True,"Field inspection: check irrigation, pruning, stress.",1188.6353759765625,895.8541870117188,661.6458129882812,2226.625,unreviewed,auto
KOG-SERET_AL_AJOUL_A-0262,pansharpened_reflectance_401e6b905b,2026-01-22,pansharpened_reflectance+manual_review,27.25,5.89,0.285307377576828,0.2813926935195923,0.2545967698097229,0.3907686173915863,0.4278901517391205,,,,0.285307377576828,27.1,0.699,0.493,0.0,True,"Field inspection: check irrigation, pruning, stress.",1110.8165283203125,875.5687866210938,661.1651611328125,1993.935791015625,unreviewed,auto
KOG-SERET_AL_AJOUL_A-0263,pansharpened_reflectance_401e6b905b,2026-01-22,pansharpened_reflectance+manual_review,34.75,6.652,0.3428075909614563,0.3371857702732086,0.26055774092674255,0.4312669336795807,0.5141387581825256,,,,0.3428075909614563,38.6,0.563,0.599,0.0,True,"Field inspection: check irrigation, pruning, stress.",1217.4100341796875,985.1654663085938,751.798583984375,2455.02880859375,unreviewed,auto
KOG-SERET_AL_AJOUL_A-0264,pansharpened_reflectance_401e6b905b,2026-01-22,pansharpened_reflectance+manual_review,28.0,5.971,0.3028430938720703,0.29315218329429626,0.2555513381958008,0.4115541875362396,0.45418858528137207,,,,0.3028430938720703,34.6,0.718,0.437,0.0,True,"Field inspection: check irrigation, pruning, stress.",1080.794677734375,842.9553833007812,625.6517944335938,2011.9107666015625,unreviewed,auto
KOG-SERET_AL_AJOUL_A-0265,pansharpened_reflectance_401e6b905b,2026-01-22,pansharpened_reflectance+manual_review,37.25,6.887,0.2979341149330139,0.29411765933036804,0.25821489095687866,0.4149259924888611,0.4468259811401367,,,,0.2979341149330139,33.6,0.716,0.543,0.0,True,"Field inspection: check irrigation, pruning, stress.",1100.5435791015625,844.0067138671875,623.8859252929688,2021.4765625,unreviewed,auto
KOG-SERET_AL_AJOUL_A-0266,pansharpened_reflectance_401e6b905b,2026-01-22,pansharpened_reflectance+manual_review,34.75,6.652,0.3031904399394989,0.30317020416259766,0.26120075583457947,0.4047791063785553,0.4547034204006195,,,,0.3031904399394989,30.6,0.629,0.515,0.0,True,"Field inspection: check irrigation, pruning, stress.",978.0647583007812,777.9280395507812,567.1726684570312,1832.6834716796875,unreviewed,auto
KOG-SERET_AL_AJOUL_A-0267,pansharpened_reflectance_401e6b905b,2026-01-22,pansharpened_reflectance+manual_review,28.25,5.997,0.28857025504112244,0.2893829047679901,0.25808072090148926,0.3914545178413391,0.4327791631221771,,,,0.28857025504112244,27.7,0.673,0.513,0.0,True,"Field inspection: check irrigation, pruning, stress.",1046.2742919921875,829.4779052734375,602.2920532226562,1884.822998046875,unreviewed,auto
KOG-SERET_AL_AJOUL_A-0268,pansharpened_reflectance_401e6b905b,2026-01-22,pansharpened_reflectance+manual_review,37.25,6.887,0.2902592718601227,0.28636500239372253,0.255164235830307,0.3941733241081238,0.4353216290473938,,,,0.2902592718601227,28.1,0.674,0.48,0.0,True,"Field inspection: check irrigation, pruning, stress.",1195.39599609375,948.1207885742188,690.5100708007812,2163.5234375,unreviewed,auto
KOG-SERET_AL_AJOUL_A-0269,pansharpened_reflectance_401e6b905b,2026-01-22,pansharpened_reflectance+manual_review,29.25,6.103,0.3068574368953705,0.3016826808452606,0.25945010781288147,0.40681514143943787,0.46020540595054626,,,,0.3068574368953705,35.4,0.75,0.456,0.0,True,"Field inspection: check irrigation, pruning, stress.",1014.4359130859375,806.4530029296875,596.2051391601562,1906.15380859375,unreviewed,auto
KOG-SERET_AL_AJOUL_A-0270,pansharpened_reflectance_401e6b905b,2026-01-22,pansharpened_reflectance+manual_review,27.0,5.863,0.30188873410224915,0.2959277629852295,0.25969046354293823,0.4114603102207184,0.45276468992233276,,,,0.30188873410224915,30.4,0.692,0.457,0.0,True,"Field inspection: check irrigation, pruning, stress.",1206.879638671875,942.3333129882812,676.9536743164062,2243.97216796875,unreviewed,auto
KOG-SERET_AL_AJOUL_A-0271,pansharpened_reflectance_401e6b905b,2026-01-22,pansharpened_reflectance+manual_review,22.5,5.352,0.29865238070487976,0.2958049476146698,0.2594985365867615,0.4166550636291504,0.44790536165237427,,,,0.29865238070487976,33.7,0.744,0.416,0.0,True,"Field inspection: check irrigation, pruning, stress.",1102.22216796875,838.0777587890625,622.7666625976562,2033.9222412109375,unreviewed,auto
KOG-SERET_AL_AJOUL_A-0272,pansharpened_reflectance_401e6b905b,2026-01-22,pansharpened_reflectance+manual_review,26.75,5.836,0.2978961765766144,0.2922975718975067,0.25578945875167847,0.4186767041683197,0.4467771053314209,,,,0.2978961765766144,33.6,0.811,0.416,0.0,True,"Field inspection: check irrigation, pruning, stress.",1203.4859619140625,914.6915893554688,662.233642578125,2214.635498046875,unreviewed,auto
KOG-SERET_AL_AJOUL_A-0273,pansharpened_reflectance_401e6b905b,2026-01-22,pansharpened_reflectance+manual_review,27.0,5.863,0.29530128836631775,0.2940080761909485,0.25805070996284485,0.38231873512268066,0.4428694248199463,,,,0.29530128836631775,33.1,0.75,0.411,0.0,True,"Field inspection: check irrigation, pruning, stress.",974.74072265625,805.7129516601562,608.870361328125,1790.5555419921875,unreviewed,auto
KOG-SERET_AL_AJOUL_A-0274,pansharpened_reflectance_401e6b905b,2026-01-22,pansharpened_reflectance+manual_review,27.5,5.917,0.2746872007846832,0.2736417353153229,0.2577816843986511,0.38947635889053345,0.4119719862937927,,,,0.2746872007846832,28.9,0.705,0.489,0.0,True,"Field inspection: check irrigation, pruning, stress.",1317.609130859375,1033.5272216796875,784.0908813476562,2317.236328125,unreviewed,auto
KOG-SERET_AL_AJOUL_A-0275,pansharpened_reflectance_401e6b905b,2026-01-22,pansharpened_reflectance+manual_review,34.5,6.628,0.31711140275001526,0.31193315982818604,0.2674567699432373,0.39675548672676086,0.4755845069885254,,,,0.31711140275001526,33.4,0.575,0.577,0.0,True,"Field inspection: check irrigation, pruning, stress.",1002.1738891601562,839.3912963867188,623.3768310546875,1939.8260498046875,unreviewed,auto
KOG-SERET_AL_AJOUL_A-0276,pansharpened_reflectance_401e6b905b,2026-01-22,pansharpened_reflectance+manual_review,23.0,5.412,0.2761504054069519,0.2756131887435913,0.25544115900993347,0.40240660309791565,0.41416487097740173,,,,0.2761504054069519,29.2,0.767,0.454,0.0,True,"Field inspection: check irrigation, pruning, stress.",1292.95654296875,974.978271484375,708.1304321289062,2267.760986328125,unreviewed,auto
KOG-SERET_AL_AJOUL_A-0277,pansharpened_reflectance_401e6b905b,2026-01-22,pansharpened_reflectance+manual_review,25.5,5.698,0.29039081931114197,0.28484588861465454,0.2529503405094147,0.408273309469223,0.4355238080024719,,,,0.29039081931114197,32.1,0.773,0.394,0.0,True,"Field inspection: check irrigation, pruning, stress.",1279.2940673828125,979.941162109375,728.2941284179688,2316.5,unreviewed,auto
KOG-SERET_AL_AJOUL_A-0278,pansharpened_reflectance_401e6b905b,2026-01-22,pansharpened_reflectance+manual_review,18.0,4.787,0.31017622351646423,0.3110976219177246,0.26604244112968445,0.4177662134170532,0.46518802642822266,,,,0.31017622351646423,36.0,0.72,0.435,0.0,True,"Field inspection: check irrigation, pruning, stress.",1083.2916259765625,846.4444580078125,628.2777709960938,2053.763916015625,unreviewed,auto
KOG-SERET_AL_AJOUL_A-0279,pansharpened_reflectance_401e6b905b,2026-01-22,pansharpened_reflectance+manual_review,22.25,5.323,0.2897580564022064,0.28453901410102844,0.2540365159511566,0.4091179370880127,0.43456315994262695,,,,0.2897580564022064,28.0,0.674,0.471,0.0,True,"Field inspection: check irrigation, pruning, stress.",1091.98876953125,836.1572875976562,627.05615234375,1973.8538818359375,unreviewed,auto
KOG-SERET_AL_AJOUL_A-0280,pansharpened_reflectance_401e6b905b,2026-01-22,pansharpened_reflectance+manual_review,24.75,5.614,0.2946734130382538,0.2952335774898529,0.25722208619117737,0.40347903966903687,0.4419422745704651,,,,0.2946734130382538,32.9,0.825,0.357,0.0,True,"Field inspection: check irrigation, pruning, stress.",1230.4444580078125,970.3131103515625,699.4646606445312,2241.4443359375,unreviewed,auto
KOG-SERET_AL_AJOUL_A-0281,pansharpened_reflectance_401e6b905b,2026-01-22,pansharpened_reflectance+manual_review,27.0,5.863,0.29423242807388306,0.2911565601825714,0.25856852531433105,0.42520251870155334,0.44127458333969116,,,,0.29423242807388306,28.8,0.692,0.457,0.0,True,"Field inspection: check irrigation, pruning, stress.",1105.1944580078125,823.5925903320312,593.2036743164062,2016.1666259765625,unreviewed,auto
KOG-SERET_AL_AJOUL_A-0282,pansharpened_reflectance_401e6b905b,2026-01-22,pansharpened_reflectance+manual_review,21.75,5.262,0.281181663274765,0.2814016044139862,0.253418892621994,0.4061991274356842,0.4217011034488678,,,,0.281181663274765,30.2,0.725,0.435,0.0,True,"Field inspection: check irrigation, pruning, stress.",1108.3448486328125,838.5057373046875,603.2069091796875,1972.0689697265625,unreviewed,auto
KOG-SERET_AL_AJOUL_A-0283,pansharpened_reflectance_401e6b905b,2026-01-22,pansharpened_reflectance+manual_review,28.25,5.997,0.302463173866272,0.3014099597930908,0.2579438090324402,0.4334361255168915,0.4536234736442566,,,,0.302463173866272,34.5,0.79,0.384,0.0,True,"Field inspection: check irrigation, pruning, stress.",1188.5133056640625,887.8406982421875,669.5840454101562,2205.150390625,unreviewed,auto
KOG-SERET_AL_AJOUL_A-0284,pansharpened_reflectance_401e6b905b,2026-01-22,pansharpened_reflectance+manual_review,27.0,5.863,0.2928597629070282,0.2865026593208313,0.2583921253681183,0.4164840877056122,0.43922579288482666,,,,0.2928597629070282,28.6,0.593,0.535,0.0,True,"Field inspection: check irrigation, pruning, stress.",1282.0833740234375,969.25,667.5184936523438,2331.083251953125,unreviewed,auto
KOG-SERET_AL_AJOUL_A-0285,pansharpened_reflectance_401e6b905b,2026-01-22,pansharpened_reflectance+manual_review,24.0,5.528,0.29560062289237976,0.29099398851394653,0.25766298174858093,0.4139079749584198,0.4433319866657257,,,,0.29560062289237976,33.1,0.727,0.43,0.0,True,"Field inspection: check irrigation, pruning, stress.",1163.5416259765625,888.6041870117188,619.03125,2132.020751953125,unreviewed,auto
KOG-SERET_AL_AJOUL_A-0286,pansharpened_reflectance_401e6b905b,2026-01-22,pansharpened_reflectance+manual_review,20.0,5.046,0.2969416081905365,0.29238033294677734,0.2592543661594391,0.42694854736328125,0.4453433156013489,,,,0.2969416081905365,33.4,0.727,0.43,0.0,True,"Field inspection: check irrigation, pruning, stress.",1168.074951171875,870.4000244140625,626.4124755859375,2148.137451171875,unreviewed,auto
KOG-SERET_AL_AJOUL_A-0287,pansharpened_reflectance_401e6b905b,2026-01-22,pansharpened_reflectance+manual_review,17.5,4.72,0.2945763170719147,0.29083752632141113,0.2595196068286896,0.4035598337650299,0.44180381298065186,,,,0.2945763170719147,32.9,0.795,0.391,0.0,True,"Field inspection: check irrigation, pruning, stress.",1332.642822265625,1039.7857666015625,760.8428344726562,2429.085693359375,unreviewed,auto
KOG-SERET_AL_AJOUL_A-0288,pansharpened_reflectance_401e6b905b,2026-01-22,pansharpened_reflectance+manual_review,25.0,5.642,0.29129454493522644,0.2859942317008972,0.25816431641578674,0.41655251383781433,0.43686798214912415,,,,0.29129454493522644,32.3,0.758,0.406,0.0,True,"Field inspection: check irrigation, pruning, stress.",1092.949951171875,825.969970703125,593.6300048828125,1989.3699951171875,unreviewed,auto
KOG-SERET_AL_AJOUL_A-0289,pansharpened_reflectance_401e6b905b,2026-01-22,pansharpened_reflectance+manual_review,24.5,5.585,0.30135101079940796,0.29880261421203613,0.25825828313827515,0.41722485423088074,0.4519461393356323,,,,0.30135101079940796,30.3,0.681,0.465,0.0,True,"Field inspection: check irrigation, pruning, stress.",1038.061279296875,803.10205078125,605.3877563476562,1928.2347412109375,unreviewed,auto
KOG-SERET_AL_AJOUL_A-0291,pansharpened_reflectance_401e6b905b,2026-01-22,pansharpened_reflectance+manual_review,22.0,5.293,0.29778972268104553,0.2965533137321472,0.2586979269981384,0.40334776043891907,0.4466123580932617,,,,0.29778972268104553,33.6,0.733,0.429,0.0,True,"Field inspection: check irrigation, pruning, stress.",1135.897705078125,896.375,651.375,2088.57958984375,unreviewed,auto
KOG-SERET_AL_AJOUL_A-0292,pansharpened_reflectance_401e6b905b,2026-01-22,pansharpened_reflectance+manual_review,27.5,5.917,0.29717427492141724,0.2983544170856476,0.25845426321029663,0.40047934651374817,0.4456897974014282,,,,0.29717427492141724,29.4,0.651,0.489,0.0,True,"Field inspection: check irrigation, pruning, stress.",1113.0545654296875,881.0454711914062,660.7454833984375,2049.672607421875,unreviewed,auto
KOG-SERET_AL_AJOUL_A-0293,pansharpened_reflectance_401e6b905b,2026-01-22,pansharpened_reflectance+manual_review,29.25,6.103,0.2900804877281189,0.28938600420951843,0.25633394718170166,0.4170457124710083,0.4350590109825134,,,,0.2900804877281189,28.0,0.643,0.531,0.0,True,"Field inspection: check irrigation, pruning, stress.",1303.2821044921875,977.0341796875,693.1367797851562,2361.341796875,unreviewed,auto
KOG-SERET_AL_AJOUL_A-0294,pansharpened_reflectance_401e6b905b,2026-01-22,pansharpened_reflectance+manual_review,24.0,5.528,0.2957042157649994,0.2934403717517853,0.2600412666797638,0.3929808437824249,0.44347748160362244,,,,0.2957042157649994,33.1,0.821,0.377,0.0,True,"Field inspection: check irrigation, pruning, stress.",1016.15625,818.625,599.4583129882812,1865.28125,unreviewed,auto
KOG-SERET_AL_AJOUL_A-0295,pansharpened_reflectance_401e6b905b,2026-01-22,pansharpened_reflectance+manual_review,23.75,5.499,0.2900657057762146,0.2868404984474182,0.25609543919563293,0.3944159150123596,0.43502888083457947,,,,0.2900657057762146,32.0,0.864,0.323,0.0,True,"Field inspection: check irrigation, pruning, stress.",1131.4210205078125,893.989501953125,655.3789672851562,2051.463134765625,unreviewed,auto
KOG-SERET_AL_AJOUL_A-0296,pansharpened_reflectance_401e6b905b,2026-01-22,pansharpened_reflectance+manual_review,27.75,5.944,0.29337722063064575,0.288247674703598,0.2612222731113434,0.3851374685764313,0.43998607993125916,,,,0.29337722063064575,32.7,0.776,0.442,0.0,True,"Field inspection: check irrigation, pruning, stress.",1000.990966796875,816.1981811523438,607.2342529296875,1827.4774169921875,unreviewed,auto
KOG-SERET_AL_AJOUL_A-0297,pansharpened_reflectance_401e6b905b,2026-01-22,pansharpened_reflectance+manual_review,23.25,5.441,0.2811400592327118,0.275918573141098,0.2534276247024536,0.38361313939094543,0.4216524362564087,,,,0.2811400592327118,26.2,0.646,0.493,0.0,True,"Field inspection: check irrigation, pruning, stress.",1409.9354248046875,1126.54833984375,814.3548583984375,2498.193603515625,unreviewed,auto
KOG-SERET_AL_AJOUL_A-0298,pansharpened_reflectance_401e6b905b,2026-01-22,pansharpened_reflectance+manual_review,29.25,6.103,0.2963055670261383,0.29469025135040283,0.25768694281578064,0.39762118458747864,0.444380521774292,,,,0.2963055670261383,29.3,0.643,0.496,0.0,True,"Field inspection: check irrigation, pruning, stress.",1050.4700927734375,834.6239013671875,615.2820434570312,1931.7008056640625,unreviewed,auto
KOG-SERET_AL_AJOUL_A-0299,pansharpened_reflectance_401e6b905b,2026-01-22,pansharpened_reflectance+manual_review,28.0,5.971,0.28576308488845825,0.28148287534713745,0.25778234004974365,0.386589378118515,0.42857488989830017,,,,0.28576308488845825,27.2,0.667,0.517,0.0,True,"Field inspection: check irrigation, pruning, stress.",1150.294677734375,919.6696166992188,672.1339111328125,2067.9375,unreviewed,auto
KOG-SERET_AL_AJOUL_A-0300,pansharpened_reflectance_401e6b905b,2026-01-22,pansharpened_reflectance+manual_review,20.25,5.078,0.3040218651294708,0.31354209780693054,0.2577696442604065,0.39063629508018494,0.4559377431869507,,,,0.3040218651294708,34.8,0.736,0.423,0.0,True,"Field inspection: check irrigation, pruning, stress.",870.6049194335938,720.91357421875,535.3826904296875,1626.4197998046875,unreviewed,auto
KOG-SERET_AL_AJOUL_A-0301,pansharpened_reflectance_401e6b905b,2026-01-22,pansharpened_reflectance+manual_review,28.25,5.997,0.28242141008377075,0.2785770297050476,0.2573089897632599,0.39105337858200073,0.41981446743011475,,,,0.28242141008377075,30.5,0.724,0.432,0.0,True,"Field inspection: check irrigation, pruning, stress.",1120.9468994140625,883.1858520507812,650.4336547851562,1997.964599609375,unreviewed,auto
KOG-SERET_AL_AJOUL_A-0302,pansharpened_reflectance_401e6b905b,2026-01-22,pansharpened_reflectance+manual_review,27.75,5.944,0.28779688477516174,0.2832286059856415,0.2578214108943939,0.3856620490550995,0.4316249191761017,,,,0.28779688477516174,31.6,0.776,0.395,0.0,True,"Field inspection: check irrigation, pruning, stress.",1148.162109375,920.369384765625,696.9819946289062,2070.0,unreviewed,auto
KOG-SERET_AL_AJOUL_A-0303,pansharpened_reflectance_401e6b905b,2026-01-22,pansharpened_reflectance+manual_review,30.25,6.206,0.31267884373664856,0.3089700937271118,0.26121795177459717,0.4051538407802582,0.4689321219921112,,,,0.31267884373664856,36.5,0.733,0.515,0.0,True,"Field inspection: check irrigation, pruning, stress.",986.88427734375,800.9173583984375,608.5454711914062,1876.8759765625,unreviewed,auto
KOG-SERET_AL_AJOUL_A-0304,pansharpened_reflectance_401e6b905b,2026-01-22,pansharpened_reflectance+manual_review,21.75,5.262,0.28663530945777893,0.28413283824920654,0.2570306956768036,0.3857486844062805,0.4298834204673767,,,,0.28663530945777893,31.3,0.791,0.38,0.0,True,"Field inspection: check irrigation, pruning, stress.",1145.034423828125,919.27587890625,677.9655151367188,2061.160888671875,unreviewed,auto
KOG-SERET_AL_AJOUL_A-0305,pansharpened_reflectance_401e6b905b,2026-01-22,pansharpened_reflectance+manual_review,26.75,5.836,0.2896890640258789,0.28519290685653687,0.2557458281517029,0.38698020577430725,0.4344594478607178,,,,0.2896890640258789,31.9,0.743,0.416,0.0,True,"Field inspection: check irrigation, pruning, stress.",1090.8223876953125,877.9065551757812,652.2616577148438,1976.700927734375,unreviewed,auto
KOG-SERET_AL_AJOUL_A-0306,pansharpened_reflectance_401e6b905b,2026-01-22,pansharpened_reflectance+manual_review,23.5,5.47,0.28969666361808777,0.2887233793735504,0.2591705918312073,0.40079909563064575,0.43446263670921326,,,,0.28969666361808777,31.9,0.723,0.442,0.0,True,"Field inspection: check irrigation, pruning, stress.",965.4680786132812,752.3404541015625,549.3191528320312,1750.776611328125,unreviewed,auto
KOG-SERET_AL_AJOUL_A-0307,pansharpened_reflectance_401e6b905b,2026-01-22,pansharpened_reflectance+manual_review,27.0,5.863,0.2937123477458954,0.2880898714065552,0.25684213638305664,0.40582484006881714,0.44049039483070374,,,,0.2937123477458954,32.7,0.8,0.411,0.0,True,"Field inspection: check irrigation, pruning, stress.",1053.5185546875,819.0463256835938,579.0184936523438,1921.9259033203125,unreviewed,auto
KOG-SERET_AL_AJOUL_A-0308,pansharpened_reflectance_401e6b905b,2026-01-22,pansharpened_reflectance+manual_review,25.75,5.726,0.2808878719806671,0.2834048271179199,0.25521039962768555,0.4014154374599457,0.4212612807750702,,,,0.2808878719806671,26.2,0.609,0.521,0.0,True,"Field inspection: check irrigation, pruning, stress.",1109.4271240234375,846.4854125976562,642.456298828125,1970.951416015625,unreviewed,auto
KOG-SERET_AL_AJOUL_A-0309,pansharpened_reflectance_401e6b905b,2026-01-22,pansharpened_reflectance+manual_review,27.0,5.863,0.2864586114883423,0.28467291593551636,0.2553494870662689,0.3866181969642639,0.42960861325263977,,,,0.2864586114883423,31.3,0.701,0.457,0.0,True,"Field inspection: check irrigation, pruning, stress.",1006.9166870117188,807.5925903320312,591.0925903320312,1813.3426513671875,unreviewed,auto
KOG-SERET_AL_AJOUL_A-0310,pansharpened_reflectance_401e6b905b,2026-01-22,pansharpened_reflectance+manual_review,24.25,5.557,0.3336378335952759,0.33857807517051697,0.2657598555088043,0.4103616178035736,0.5003737807273865,,,,0.3336378335952759,36.7,0.63,0.512,0.0,True,"Field inspection: check irrigation, pruning, stress.",1046.5670166015625,879.4845581054688,657.4329833984375,2081.54638671875,unreviewed,auto
KOG-SERET_AL_AJOUL_A-0311,pansharpened_reflectance_401e6b905b,2026-01-22,pansharpened_reflectance+manual_review,24.0,5.528,0.2975538671016693,0.2881469130516052,0.259137898683548,0.40887272357940674,0.44627198576927185,,,,0.2975538671016693,29.5,0.533,0.586,0.0,True,"Field inspection: check irrigation, pruning, stress.",1422.875,1104.71875,845.5416870117188,2600.03125,unreviewed,auto
KOG-SERET_AL_AJOUL_A-0312,pansharpened_reflectance_401e6b905b,2026-01-22,pansharpened_reflectance+manual_review,18.75,4.886,0.27968651056289673,0.28023311495780945,0.2555226981639862,0.4003772735595703,0.4194626212120056,,,,0.27968651056289673,29.9,0.75,0.411,0.0,True,"Field inspection: check irrigation, pruning, stress.",1205.066650390625,924.280029296875,670.1199951171875,2131.94677734375,unreviewed,auto
KOG-SERET_AL_AJOUL_A-0313,pansharpened_reflectance_401e6b905b,2026-01-22,pansharpened_reflectance+manual_review,23.0,5.412,0.27764156460762024,0.2775443196296692,0.2549150288105011,0.3856252133846283,0.4163896441459656,,,,0.27764156460762024,29.5,0.76,0.454,0.0,True,"Field inspection: check irrigation, pruning, stress.",1068.5760498046875,843.4021606445312,622.1087036132812,1887.271728515625,unreviewed,auto
KOG-SERET_AL_AJOUL_A-0314,pansharpened_reflectance_401e6b905b,2026-01-22,pansharpened_reflectance+manual_review,22.5,5.352,0.29520946741104126,0.29726386070251465,0.2553502023220062,0.40758246183395386,0.44273748993873596,,,,0.29520946741104126,29.0,0.682,0.466,0.0,True,"Field inspection: check irrigation, pruning, stress.",1067.72216796875,833.4888916015625,606.0888671875,1957.0111083984375,unreviewed,auto
KOG-SERET_AL_AJOUL_A-0315,pansharpened_reflectance_401e6b905b,2026-01-22,pansharpened_reflectance+manual_review,27.25,5.89,0.3170619010925293,0.321030855178833,0.2670868933200836,0.39144226908683777,0.4755118191242218,,,,0.3170619010925293,37.4,0.708,0.452,0.0,True,"Field inspection: check irrigation, pruning, stress.",1014.6238403320312,859.8165283203125,640.6880493164062,1962.110107421875,unreviewed,auto
KOG-SERET_AL_AJOUL_A-0316,pansharpened_reflectance_401e6b905b,2026-01-22,pansharpened_reflectance+manual_review,18.75,4.886,0.2777336835861206,0.27664080262184143,0.2571287453174591,0.37245461344718933,0.41652557253837585,,,,0.2777336835861206,29.5,0.75,0.411,0.0,True,"Field inspection: check irrigation, pruning, stress.",1022.7466430664062,828.82666015625,623.2133178710938,1805.78662109375,unreviewed,auto
KOG-SERET_AL_AJOUL_A-0317,pansharpened_reflectance_401e6b905b,2026-01-22,pansharpened_reflectance+manual_review,21.5,5.232,0.2828228175640106,0.28006231784820557,0.2523537874221802,0.3841564357280731,0.42416420578956604,,,,0.2828228175640106,26.6,0.614,0.531,0.0,True,"Field inspection: check irrigation, pruning, stress.",1107.848876953125,885.093017578125,673.81396484375,1976.6395263671875,unreviewed,auto
KOG-SERET_AL_AJOUL_A-0318,pansharpened_reflectance_401e6b905b,2026-01-22,pansharpened_reflectance+manual_review,18.75,4.886,0.2948630154132843,0.2868942618370056,0.25585421919822693,0.41614848375320435,0.4422233998775482,,,,0.2948630154132843,29.0,0.641,0.513,0.0,True,"Field inspection: check irrigation, pruning, stress.",1131.7467041015625,858.760009765625,623.8400268554688,2073.626708984375,unreviewed,auto
KOG-SERET_AL_AJOUL_A-0319,pansharpened_reflectance_401e6b905b,2026-01-22,pansharpened_reflectance+manual_review,19.0,4.918,0.2871614694595337,0.29143214225769043,0.25960585474967957,0.39380329847335815,0.43066054582595825,,,,0.2871614694595337,27.4,0.633,0.507,0.0,True,"Field inspection: check irrigation, pruning, stress.",988.9078979492188,780.4736938476562,554.0921020507812,1778.9605712890625,unreviewed,auto
KOG-SERET_AL_AJOUL_A-0320,pansharpened_reflectance_401e6b905b,2026-01-22,pansharpened_reflectance+manual_review,27.0,5.863,0.3183962106704712,0.3052598536014557,0.25781530141830444,0.4117007553577423,0.4775294065475464,,,,0.3183962106704712,33.7,0.655,0.498,0.0,True,"Field inspection: check irrigation, pruning, stress.",1341.5369873046875,1076.5833740234375,828.8425903320312,2549.629638671875,unreviewed,auto
KOG-SERET_AL_AJOUL_A-0321,pansharpened_reflectance_401e6b905b,2026-01-22,pansharpened_reflectance+manual_review,21.25,5.202,0.28552961349487305,0.28105655312538147,0.25566214323043823,0.3981047570705414,0.42822539806365967,,,,0.28552961349487305,31.1,0.726,0.448,0.0,True,"Field inspection: check irrigation, pruning, stress.",1140.1058349609375,886.4235229492188,648.0235595703125,2050.39990234375,unreviewed,auto
KOG-SERET_AL_AJOUL_A-0322,pansharpened_reflectance_401e6b905b,2026-01-22,pansharpened_reflectance+manual_review,18.5,4.853,0.290549635887146,0.2893327474594116,0.26190248131752014,0.4144936501979828,0.4357566237449646,,,,0.290549635887146,32.1,0.747,0.419,0.0,True,"Field inspection: check irrigation, pruning, stress.",1173.229736328125,888.3378295898438,656.2026977539062,2132.7568359375,unreviewed,auto
KOG-SERET_AL_AJOUL_A-0323,pansharpened_reflectance_401e6b905b,2026-01-22,pansharpened_reflectance+manual_review,19.0,4.918,0.28589320182800293,0.2868298292160034,0.25688380002975464,0.40901651978492737,0.42877644300460815,,,,0.28589320182800293,31.2,0.768,0.403,0.0,True,"Field inspection: check irrigation, pruning, stress.",1272.605224609375,969.6052856445312,700.9210815429688,2282.868408203125,unreviewed,auto
KOG-SERET_AL_AJOUL_A-0324,pansharpened_reflectance_401e6b905b,2026-01-22,pansharpened_reflectance+manual_review,20.25,5.078,0.2803024649620056,0.28038740158081055,0.2550073266029358,0.4061391353607178,0.4203856587409973,,,,0.2803024649620056,26.1,0.623,0.519,0.0,True,"Field inspection: check irrigation, pruning, stress.",1157.3580322265625,879.3209838867188,632.888916015625,2054.061767578125,unreviewed,auto
KOG-SERET_AL_AJOUL_A-0325,pansharpened_reflectance_401e6b905b,2026-01-22,pansharpened_reflectance+manual_review,14.25,4.26,0.28249627351760864,0.28270626068115234,0.2565652132034302,0.3926960825920105,0.42367124557495117,,,,0.28249627351760864,30.5,0.704,0.447,0.0,True,"Field inspection: check irrigation, pruning, stress.",1058.3157958984375,828.140380859375,609.0350952148438,1890.1578369140625,unreviewed,auto
KOG-SERET_AL_AJOUL_A-0326,pansharpened_reflectance_401e6b905b,2026-01-22,pansharpened_reflectance+manual_review,16.75,4.618,0.279395192861557,0.27803581953048706,0.25608453154563904,0.399810254573822,0.419021338224411,,,,0.279395192861557,25.9,0.67,0.474,0.0,True,"Field inspection: check irrigation, pruning, stress.",1085.0447998046875,828.4776000976562,603.1641845703125,1920.0,unreviewed,auto
KOG-SERET_AL_AJOUL_A-0327,pansharpened_reflectance_401e6b905b,2026-01-22,pansharpened_reflectance+manual_review,17.75,4.754,0.29087647795677185,0.2880258858203888,0.2612684369087219,0.4014229476451874,0.43623846769332886,,,,0.29087647795677185,32.2,0.717,0.442,0.0,True,"Field inspection: check irrigation, pruning, stress.",1040.6337890625,811.6478881835938,589.4647827148438,1891.1126708984375,unreviewed,auto
KOG-SERET_AL_AJOUL_A-0328,pansharpened_reflectance_401e6b905b,2026-01-22,pansharpened_reflectance+manual_review,20.5,5.109,0.2877873182296753,0.28537628054618835,0.25650957226753235,0.3879397511482239,0.4316069781780243,,,,0.2877873182296753,31.6,0.745,0.468,0.0,True,"Field inspection: check irrigation, pruning, stress.",1056.43896484375,844.5244140625,620.8658447265625,1909.3292236328125,unreviewed,auto
KOG-SERET_AL_AJOUL_A-0329,pansharpened_reflectance_401e6b905b,2026-01-22,pansharpened_reflectance+manual_review,19.0,4.918,0.28335708379745483,0.27875518798828125,0.2547864317893982,0.3949489891529083,0.42496562004089355,,,,0.28335708379745483,30.7,0.704,0.459,0.0,True,"Field inspection: check irrigation, pruning, stress.",1115.2763671875,874.3421020507812,648.48681640625,1997.0,unreviewed,auto
KOG-SERET_AL_AJOUL_A-0330,pansharpened_reflectance_401e6b905b,2026-01-22,pansharpened_reflectance+manual_review,22.5,5.352,0.28440994024276733,0.2796807885169983,0.2553839385509491,0.39778953790664673,0.4265480935573578,,,,0.28440994024276733,26.9,0.667,0.548,0.0,True,"Field inspection: check irrigation, pruning, stress.",1167.8111572265625,905.7555541992188,636.7333374023438,2092.711181640625,unreviewed,auto
KOG-SERET_AL_AJOUL_A-0331,pansharpened_reflectance_401e6b905b,2026-01-22,pansharpened_reflectance+manual_review,17.0,4.652,0.27437230944633484,0.2713507413864136,0.25389349460601807,0.4186134934425354,0.41148900985717773,,,,0.27437230944633484,24.9,0.687,0.466,0.0,True,"Field inspection: check irrigation, pruning, stress.",1116.88232421875,814.2058715820312,606.11767578125,1962.5440673828125,unreviewed,auto
KOG-SERET_AL_AJOUL_A-0332,pansharpened_reflectance_401e6b905b,2026-01-22,pansharpened_reflectance+manual_review,15.0,4.37,0.27748605608940125,0.2767972946166992,0.2577912211418152,0.4172000586986542,0.41616255044937134,,,,0.27748605608940125,29.5,0.75,0.418,0.0,True,"Field inspection: check irrigation, pruning, stress.",1203.3333740234375,890.0999755859375,617.0999755859375,2121.4833984375,unreviewed,auto
KOG-SERET_AL_AJOUL_A-0333,pansharpened_reflectance_401e6b905b,2026-01-22,pansharpened_reflectance+manual_review,10.0,3.568,0.3071688711643219,0.3118840157985687,0.26390063762664795,0.40566667914390564,0.4606724679470062,,,,0.3071688711643219,35.4,1.0,0.256,0.0,True,"Field inspection: check irrigation, pruning, stress.",1045.625,834.4749755859375,562.1500244140625,1952.175048828125,unreviewed,auto
KOG-SERET_AL_AJOUL_A-0334,pansharpened_reflectance_401e6b905b,2026-01-22,pansharpened_reflectance+manual_review,21.0,5.171,0.2788361608982086,0.267059862613678,0.25217124819755554,0.41206809878349304,0.41820335388183594,,,,0.2788361608982086,25.8,0.667,0.61,0.0,True,"Field inspection: check irrigation, pruning, stress.",1525.7857666015625,1130.488037109375,842.6904907226562,2699.357177734375,unreviewed,auto
KOG-SERET_AL_AJOUL_A-0335,pansharpened_reflectance_401e6b905b,2026-01-22,pansharpened_reflectance+manual_review,10.75,3.7,0.2980574369430542,0.2936508059501648,0.25932174921035767,0.39798593521118164,0.4470245838165283,,,,0.2980574369430542,33.6,0.896,0.311,0.0,True,"Field inspection: check irrigation, pruning, stress.",1313.348876953125,1042.2093505859375,757.2325439453125,2411.8837890625,unreviewed,auto
KOG-SERET_AL_AJOUL_A-0336,pansharpened_reflectance_401e6b905b,2026-01-22,pansharpened_reflectance+manual_review,18.5,4.853,0.28509026765823364,0.2849774658679962,0.2554081380367279,0.40525975823402405,0.4275707006454468,,,,0.28509026765823364,27.0,0.685,0.473,0.0,True,"Field inspection: check irrigation, pruning, stress.",1220.5540771484375,928.8783569335938,641.5270385742188,2188.446044921875,unreviewed,auto
KOG-SERET_AL_AJOUL_A-0337,pansharpened_reflectance_401e6b905b,2026-01-22,pansharpened_reflectance+manual_review,19.25,4.951,0.2915481626987457,0.29026469588279724,0.2612910568714142,0.4023115336894989,0.4372483193874359,,,,0.2915481626987457,32.3,0.74,0.451,0.0,True,"Field inspection: check irrigation, pruning, stress.",1108.532470703125,864.0389404296875,592.4805297851562,2009.67529296875,unreviewed,auto
KOG-SERET_AL_AJOUL_A-0338,pansharpened_reflectance_401e6b905b,2026-01-22,pansharpened_reflectance+manual_review,13.0,4.068,0.2869432270526886,0.2849717140197754,0.25737476348876953,0.38586780428886414,0.4303317368030548,,,,0.2869432270526886,27.4,0.578,0.547,0.0,True,"Field inspection: check irrigation, pruning, stress.",941.3461303710938,761.5192260742188,566.7692260742188,1702.826904296875,unreviewed,auto
KOG-SERET_AL_AJOUL_A-0339,pansharpened_reflectance_401e6b905b,2026-01-22,pansharpened_reflectance+manual_review,12.5,3.989,0.3116793930530548,0.31725049018859863,0.2740449011325836,0.39304283261299133,0.46742647886276245,,,,0.3116793930530548,36.3,0.714,0.456,0.0,True,"Field inspection: check irrigation, pruning, stress.",877.47998046875,731.7999877929688,545.3400268554688,1673.6199951171875,unreviewed,auto
KOG-SERET_AL_AJOUL_A-0340,pansharpened_reflectance_401e6b905b,2026-01-22,pansharpened_reflectance+manual_review,19.75,5.015,0.32128289341926575,0.31369662284851074,0.26007339358329773,0.4178408980369568,0.4818403124809265,,,,0.32128289341926575,34.3,0.608,0.531,0.0,True,"Field inspection: check irrigation, pruning, stress.",1025.5316162109375,821.8607788085938,595.5949096679688,1981.8861083984375,unreviewed,auto
KOG-SERET_AL_AJOUL_A-0341,pansharpened_reflectance_401e6b905b,2026-01-22,pansharpened_reflectance+manual_review,15.25,4.406,0.286907434463501,0.2802138924598694,0.25390344858169556,0.39103177189826965,0.4303029179573059,,,,0.286907434463501,27.4,0.565,0.565,0.0,True,"Field inspection: check irrigation, pruning, stress.",1340.11474609375,1058.6065673828125,784.0491943359375,2410.819580078125,unreviewed,auto
KOG-SERET_AL_AJOUL_A-0342,pansharpened_reflectance_401e6b905b,2026-01-22,pansharpened_reflectance+manual_review,12.5,3.989,0.2743593752384186,0.2749631404876709,0.2549980878829956,0.39437800645828247,0.4114759862422943,,,,0.2743593752384186,28.9,0.781,0.386,0.0,True,"Field inspection: check irrigation, pruning, stress.",1239.1600341796875,952.1400146484375,641.760009765625,2169.0,unreviewed,auto
KOG-SERET_AL_AJOUL_A-0343,pansharpened_reflectance_401e6b905b,2026-01-22,pansharpened_reflectance+manual_review,14.0,4.222,0.29014524817466736,0.2898503541946411,0.2569039463996887,0.40354490280151367,0.4351438581943512,,,,0.29014524817466736,32.0,0.778,0.391,0.0,True,"Field inspection: check irrigation, pruning, stress.",1108.6785888671875,867.0892944335938,584.5535888671875,2007.4642333984375,unreviewed,auto
KOG-SERET_AL_AJOUL_A-0344,pansharpened_reflectance_401e6b905b,2026-01-22,pansharpened_reflectance+manual_review,15.0,4.37,0.2883274257183075,0.2891905605792999,0.2545751631259918,0.402179092168808,0.43241623044013977,,,,0.2883274257183075,31.7,0.75,0.418,0.0,True,"Field inspection: check irrigation, pruning, stress.",1078.2332763671875,840.25,596.0,1943.683349609375,unreviewed,auto
KOG-SERET_AL_AJOUL_A-0345,pansharpened_reflectance_401e6b905b,2026-01-22,pansharpened_reflectance+manual_review,20.5,5.109,0.2630878984928131,0.2594064474105835,0.2524920105934143,0.4028450548648834,0.3945826590061188,,,,0.2630878984928131,22.6,0.683,0.553,0.0,True,"Field inspection: check irrigation, pruning, stress.",1505.1829833984375,1099.98779296875,835.6219482421875,2581.51220703125,unreviewed,auto
KOG-SERET_AL_AJOUL_A-0346,pansharpened_reflectance_401e6b905b,2026-01-22,pansharpened_reflectance+manual_review,13.75,4.184,0.2780429720878601,0.2765093743801117,0.2545859217643738,0.40208134055137634,0.41700103878974915,,,,0.2780429720878601,25.6,0.688,0.467,0.0,True,"Field inspection: check irrigation, pruning, stress.",1231.69091796875,938.8909301757812,648.8909301757812,2174.272705078125,unreviewed,auto
KOG-SERET_AL_AJOUL_A-0348,pansharpened_reflectance_401e6b905b,2026-01-22,pansharpened_reflectance+manual_review,16.25,4.549,0.27437543869018555,0.2760736048221588,0.25518929958343506,0.41410863399505615,0.4114949107170105,,,,0.27437543869018555,24.9,0.65,0.489,0.0,True,"Field inspection: check irrigation, pruning, stress.",1141.923095703125,837.3692016601562,579.4923095703125,2001.046142578125,unreviewed,auto
KOG-SERET_AL_AJOUL_A-0349,pansharpened_reflectance_401e6b905b,2026-01-22,pansharpened_reflectance+manual_review,12.5,3.989,0.2715078592300415,0.2713910937309265,0.25601592659950256,0.3980023264884949,0.4071938991546631,,,,0.2715078592300415,28.3,0.794,0.386,0.0,True,"Field inspection: check irrigation, pruning, stress.",1134.260009765625,861.3400268554688,597.260009765625,1977.4000244140625,unreviewed,auto
KOG-SERET_AL_AJOUL_A-0350,pansharpened_reflectance_401e6b905b,2026-01-22,pansharpened_reflectance+manual_review,14.25,4.26,0.30234888195991516,0.29944467544555664,0.258188396692276,0.40394118428230286,0.45344406366348267,,,,0.30234888195991516,30.5,0.648,0.504,0.0,True,"Field inspection: check irrigation, pruning, stress.",1022.75439453125,813.3157958984375,586.1052856445312,1904.6666259765625,unreviewed,auto
KOG-SERET_AL_AJOUL_A-0351,pansharpened_reflectance_401e6b905b,2026-01-22,pansharpened_reflectance+manual_review,8.5,3.29,0.28471919894218445,0.27952516078948975,0.2574584484100342,0.38947272300720215,0.4270009398460388,,,,0.28471919894218445,30.9,0.708,0.455,0.0,True,"Field inspection: check irrigation, pruning, stress.",991.0,790.2941284179688,599.8529663085938,1783.941162109375,unreviewed,auto
KOG-SERET_AL_AJOUL_A-0352,pansharpened_reflectance_401e6b905b,2026-01-22,pansharpened_reflectance+manual_review,10.5,3.656,0.27245229482650757,0.27424687147140503,0.25473350286483765,0.4007648229598999,0.4086180329322815,,,,0.27245229482650757,28.5,0.75,0.414,0.0,True,"Field inspection: check irrigation, pruning, stress.",1267.952392578125,958.8333129882812,716.8333129882812,2213.71435546875,unreviewed,auto
KOG-SERET_AL_AJOUL_A-0353,pansharpened_reflectance_401e6b905b,2026-01-22,pansharpened_reflectance+manual_review,12.0,3.909,0.28990450501441956,0.28231990337371826,0.2576908469200134,0.41274383664131165,0.43477368354797363,,,,0.28990450501441956,28.0,0.667,0.478,0.0,True,"Field inspection: check irrigation, pruning, stress.",983.4583129882812,742.0,526.125,1772.6458740234375,unreviewed,auto
KOG-SERET_AL_AJOUL_A-0354,pansharpened_reflectance_401e6b905b,2026-01-22,pansharpened_reflectance+manual_review,13.5,4.146,0.26493677496910095,0.2644162178039551,0.25234219431877136,0.3852064907550812,0.3973386287689209,,,,0.26493677496910095,23.0,0.675,0.476,0.0,True,"Field inspection: check irrigation, pruning, stress.",1127.9814453125,867.9815063476562,631.0925903320312,1938.5926513671875,unreviewed,auto
KOG-SERET_AL_AJOUL_A-0355,pansharpened_reflectance_401e6b905b,2026-01-22,pansharpened_reflectance+manual_review,16.25,4.549,0.3306739628314972,0.32558849453926086,0.26004087924957275,0.4169437289237976,0.49592718482017517,,,,0.3306739628314972,36.1,0.625,0.537,0.0,True,"Field inspection: check irrigation, pruning, stress.",1024.96923828125,841.7538452148438,610.6461791992188,2036.7230224609375,unreviewed,auto
KOG-SERET_AL_AJOUL_A-0356,pansharpened_reflectance_401e6b905b,2026-01-22,pansharpened_reflectance+manual_review,10.0,3.568,0.27228981256484985,0.2723754644393921,0.25490838289260864,0.3905135691165924,0.4083636403083801,,,,0.27228981256484985,28.5,0.714,0.441,0.0,True,"Field inspection: check irrigation, pruning, stress.",1057.2249755859375,812.2999877929688,605.5,1848.175048828125,unreviewed,auto
KOG-SERET_AL_AJOUL_A-0357,pansharpened_reflectance_401e6b905b,2026-01-22,pansharpened_reflectance+manual_review,9.75,3.523,0.2648204565048218,0.26438653469085693,0.2540471851825714,0.41160300374031067,0.3971651494503021,,,,0.2648204565048218,27.0,0.929,0.275,0.0,True,"Field inspection: check irrigation, pruning, stress.",1147.5640869140625,826.6923217773438,578.8717651367188,1970.230712890625,unreviewed,auto
KOG-SERET_AL_AJOUL_A-0358,pansharpened_reflectance_401e6b905b,2026-01-22,pansharpened_reflectance+manual_review,9.75,3.523,0.26537641882896423,0.2650897204875946,0.2552802860736847,0.39495304226875305,0.3979935348033905,,,,0.26537641882896423,23.1,0.696,0.455,0.0,True,"Field inspection: check irrigation, pruning, stress.",1054.7178955078125,792.974365234375,556.8974609375,1816.230712890625,unreviewed,auto
KOG-SERET_AL_AJOUL_A-0359,pansharpened_reflectance_401e6b905b,2026-01-22,pansharpened_reflectance+manual_review,10.0,3.568,0.2687123417854309,0.2677903175354004,0.2556486427783966,0.3935514986515045,0.40300464630126953,,,,0.2687123417854309,27.7,0.741,0.441,0.0,True,"Field inspection: check irrigation, pruning, stress.",1205.800048828125,924.9500122070312,652.8250122070312,2086.175048828125,unreviewed,auto
KOG-SERET_AL_AJOUL_A-0360,pansharpened_reflectance_401e6b905b,2026-01-22,pansharpened_reflectance+manual_review,12.75,4.029,0.2987980544567108,0.28807657957077026,0.2613489031791687,0.4065123498439789,0.4481279253959656,,,,0.2987980544567108,29.8,0.662,0.505,0.0,True,"Field inspection: check irrigation, pruning, stress.",1169.686279296875,913.4117431640625,656.7647094726562,2154.568603515625,unreviewed,auto
KOG-SERET_AL_AJOUL_A-0361,pansharpened_reflectance_401e6b905b,2026-01-22,pansharpened_reflectance+manual_review,10.75,3.7,0.2637205421924591,0.2649685740470886,0.25521358847618103,0.40808916091918945,0.3955104351043701,,,,0.2637205421924591,22.7,0.683,0.533,0.0,True,"Field inspection: check irrigation, pruning, stress.",1072.3023681640625,778.465087890625,524.5116577148438,1837.8604736328125,unreviewed,auto
KOG-SERET_AL_AJOUL_A-0364,pansharpened_reflectance_401e6b905b,2026-01-22,pansharpened_reflectance+manual_review,10.25,3.613,0.26971858739852905,0.26976314187049866,0.2523719072341919,0.4258260428905487,0.4045141339302063,,,,0.26971858739852905,23.9,0.641,0.497,0.0,True,"Field inspection: check irrigation, pruning, stress.",1188.53662109375,836.1219482421875,591.3170776367188,2064.146240234375,unreviewed,auto
KOG-SERET_AL_AJOUL_A-0365,pansharpened_reflectance_401e6b905b,2026-01-22,pansharpened_reflectance+manual_review,7.0,2.985,0.2684068977832794,0.26721668243408203,0.255269318819046,0.4096839725971222,0.40254920721054077,,,,0.2684068977832794,27.7,0.8,0.389,0.0,True,"Field inspection: check irrigation, pruning, stress.",1238.4642333984375,906.0714111328125,665.1428833007812,2144.46435546875,unreviewed,auto
KOG-SERET_AL_AJOUL_A-0366,pansharpened_reflectance_401e6b905b,2026-01-22,pansharpened_reflectance+manual_review,7.75,3.141,0.26607850193977356,0.2664983868598938,0.25399544835090637,0.3865921199321747,0.39905014634132385,,,,0.26607850193977356,27.2,0.738,0.424,0.0,True,"Field inspection: check irrigation, pruning, stress.",1105.3226318359375,847.0968017578125,585.5484008789062,1903.48388671875,unreviewed,auto
KOG-SERET_AL_AJOUL_A-0367,pansharpened_reflectance_401e6b905b,2026-01-22,pansharpened_reflectance+manual_review,6.25,2.821,0.2608516216278076,0.2617996633052826,0.2530154287815094,0.4009038805961609,0.39121776819229126,,,,0.2608516216278076,22.2,0.694,0.455,0.0,True,"Field inspection: check irrigation, pruning, stress.",1233.9200439453125,902.0,654.5999755859375,2103.43994140625,unreviewed,auto
KOG-SERET_AL_AJOUL_A-0369,pansharpened_reflectance_401e6b905b,2026-01-22,pansharpened_reflectance+manual_review,7.75,3.141,0.2659277319908142,0.26858973503112793,0.25359171628952026,0.3989410400390625,0.39881813526153564,,,,0.2659277319908142,23.2,0.633,0.503,0.0,True,"Field inspection: check irrigation, pruning, stress.",1025.4193115234375,762.6774291992188,532.1613159179688,1765.8709716796875,unreviewed,auto
KOG-SERET_AL_AJOUL_A-0370,pansharpened_reflectance_401e6b905b,2026-01-22,pansharpened_reflectance+manual_review,7.25,3.038,0.27247563004493713,0.2712886333465576,0.25719839334487915,0.36945921182632446,0.4086356461048126,,,,0.27247563004493713,28.5,0.829,0.367,0.0,True,"Field inspection: check irrigation, pruning, stress.",976.2069091796875,788.4827880859375,564.586181640625,1704.689697265625,unreviewed,auto
KOG-SERET_AL_AJOUL_A-0371,pansharpened_reflectance_401e6b905b,2026-01-22,pansharpened_reflectance+manual_review,8.75,3.338,0.2690369784832001,0.26645320653915405,0.25361084938049316,0.38529130816459656,0.40348583459854126,,,,0.2690369784832001,27.8,0.714,0.439,0.0,True,"Field inspection: check irrigation, pruning, stress.",1086.4000244140625,839.6857299804688,599.7142944335938,1883.3714599609375,unreviewed,auto
KOG-SERET_AL_AJOUL_A-0372,pansharpened_reflectance_401e6b905b,2026-01-22,pansharpened_reflectance+manual_review,8.25,3.241,0.260593056678772,0.2609308958053589,0.25405916571617126,0.3779691755771637,0.3908238112926483,,,,0.260593056678772,22.1,0.688,0.471,0.0,True,"Field inspection: check irrigation, pruning, stress.",1109.45458984375,853.727294921875,627.6666870117188,1890.54541015625,unreviewed,auto
KOG-SERET_AL_AJOUL_A-0373,pansharpened_reflectance_401e6b905b,2026-01-22,pansharpened_reflectance+manual_review,5.25,2.585,0.2648441791534424,0.2660439908504486,0.2539301812648773,0.41787469387054443,0.39719513058662415,,,,0.2648441791534424,23.0,0.7,0.455,0.0,True,"Field inspection: check irrigation, pruning, stress.",1048.4761962890625,745.3809814453125,512.8095092773438,1801.5238037109375,unreviewed,auto
KOG-SERET_AL_AJOUL_A-0374,pansharpened_reflectance_401e6b905b,2026-01-22,pansharpened_reflectance+manual_review,5.25,2.585,0.2603858709335327,0.260688841342926,0.25170424580574036,0.37137484550476074,0.39052167534828186,,,,0.2603858709335327,22.1,0.6,0.542,0.0,True,"Field inspection: check irrigation, pruning, stress.",1278.5714111328125,1002.047607421875,705.0,2179.1904296875,unreviewed,auto
KOG-SERET_AL_AJOUL_A-0375,pansharpened_reflectance_401e6b905b,2026-01-22,pansharpened_reflectance+manual_review,7.0,2.985,0.2647828161716461,0.26415109634399414,0.25217100977897644,0.4075363576412201,0.39710474014282227,,,,0.2647828161716461,23.0,0.7,0.479,0.0,True,"Field inspection: check irrigation, pruning, stress.",1085.642822265625,791.4285888671875,560.1428833007812,1864.7857666015625,unreviewed,auto
KOG-SERET_AL_AJOUL_A-0379,pansharpened_reflectance_401e6b905b,2026-01-22,pansharpened_reflectance+manual_review,2.75,1.871,0.2749224603176117,0.2712680697441101,0.2583145797252655,0.41468098759651184,0.4123104214668274,,,,0.2749224603176117,29.0,0.733,0.46,0.0,True,"Field inspection: check irrigation, pruning, stress.",1064.6363525390625,780.727294921875,485.7272644042969,1862.54541015625,unreviewed,auto
KOG-AT3ET_AL_NAKHLE-0001,pansharpened_reflectance_401e6b905b,2026-01-22,pansharpened_reflectance+manual_review,82.5,10.249,0.35060518980026245,0.33125388622283936,0.2622516453266144,0.4423927962779999,0.5258232355117798,,,,0.35060518980026245,44.1,0.724,0.439,0.0,True,"Field inspection: check irrigation, pruning, stress.",1094.6424560546875,880.654541015625,671.772705078125,2257.01806640625,unreviewed,auto
KOG-AT3ET_AL_NAKHLE-0002,pansharpened_reflectance_401e6b905b,2026-01-22,pansharpened_reflectance+manual_review,43.0,7.399,0.3260516822338104,0.32220903038978577,0.262064129114151,0.42361077666282654,0.4889960289001465,,,,0.3260516822338104,35.2,0.63,0.583,0.0,True,"Field inspection: check irrigation, pruning, stress.",1066.744140625,848.9592895507812,636.5872192382812,2079.5,unreviewed,auto
KOG-AT3ET_AL_NAKHLE-0003,pansharpened_reflectance_401e6b905b,2026-01-22,pansharpened_reflectance+manual_review,26.0,5.754,0.38994085788726807,0.39826664328575134,0.29264259338378906,0.45282915234565735,0.5848211050033569,,,,0.38994085788726807,52.0,0.825,0.477,0.0,False,Routine monitoring.,1039.519287109375,881.8653564453125,672.798095703125,2324.740478515625,unreviewed,auto
KOG-AT3ET_AL_NAKHLE-0004,pansharpened_reflectance_401e6b905b,2026-01-22,pansharpened_reflectance+manual_review,62.75,8.938,0.38666945695877075,0.39842021465301514,0.2753128409385681,0.4429800808429718,0.5799111723899841,,,,0.38666945695877075,47.3,0.634,0.507,0.0,False,Routine monitoring.,992.3346557617188,864.37451171875,654.0916137695312,2228.8486328125,unreviewed,auto
KOG-AT3ET_AL_NAKHLE-0005,pansharpened_reflectance_401e6b905b,2026-01-22,pansharpened_reflectance+manual_review,69.5,9.407,0.33816614747047424,0.3301476240158081,0.26431041955947876,0.4211883842945099,0.5071643590927124,,,,0.33816614747047424,41.6,0.779,0.395,0.0,True,"Field inspection: check irrigation, pruning, stress.",1022.8956909179688,841.093505859375,660.0647583007812,2056.507080078125,unreviewed,auto
KOG-AT3ET_AL_NAKHLE-0006,pansharpened_reflectance_401e6b905b,2026-01-22,pansharpened_reflectance+manual_review,63.0,8.956,0.3339744508266449,0.31947243213653564,0.2598152160644531,0.4293132424354553,0.5008800625801086,,,,0.3339744508266449,40.8,0.737,0.422,0.0,True,"Field inspection: check irrigation, pruning, stress.",1062.7540283203125,851.3253784179688,625.4801635742188,2117.08740234375,unreviewed,auto
KOG-AT3ET_AL_NAKHLE-0007,pansharpened_reflectance_401e6b905b,2026-01-22,pansharpened_reflectance+manual_review,56.75,8.5,0.33114778995513916,0.3212328851222992,0.2647683322429657,0.42537593841552734,0.4966396987438202,,,,0.33114778995513916,40.2,0.742,0.418,0.0,True,"Field inspection: check irrigation, pruning, stress.",1031.98681640625,827.7356567382812,633.303955078125,2051.1982421875,unreviewed,auto
KOG-AT3ET_AL_NAKHLE-0008,pansharpened_reflectance_401e6b905b,2026-01-22,pansharpened_reflectance+manual_review,66.75,9.219,0.31377309560775757,0.2983425557613373,0.25661909580230713,0.4123839735984802,0.4705848693847656,,,,0.31377309560775757,32.8,0.639,0.546,0.0,True,"Field inspection: check irrigation, pruning, stress.",1124.32958984375,893.7677612304688,677.4119873046875,2139.722900390625,unreviewed,auto
KOG-AT3ET_AL_NAKHLE-0009,pansharpened_reflectance_401e6b905b,2026-01-22,pansharpened_reflectance+manual_review,77.5,9.934,0.3027133643627167,0.29706576466560364,0.2594049572944641,0.41488000750541687,0.45253798365592957,,,,0.3027133643627167,30.5,0.587,0.594,0.0,True,"Field inspection: check irrigation, pruning, stress.",1230.503173828125,954.2354736328125,701.5064697265625,2291.412841796875,unreviewed,auto
KOG-AT3ET_AL_NAKHLE-0010,pansharpened_reflectance_401e6b905b,2026-01-22,pansharpened_reflectance+manual_review,63.0,8.956,0.3276704251766205,0.3161654472351074,0.2595164477825165,0.4179636836051941,0.4914255440235138,,,,0.3276704251766205,35.5,0.645,0.505,0.0,True,"Field inspection: check irrigation, pruning, stress.",1078.261962890625,876.2380981445312,662.6785888671875,2121.293701171875,unreviewed,auto
KOG-AT3ET_AL_NAKHLE-0011,pansharpened_reflectance_401e6b905b,2026-01-22,pansharpened_reflectance+manual_review,51.0,8.058,0.3253774344921112,0.3299131989479065,0.26655203104019165,0.42170917987823486,0.48798033595085144,,,,0.3253774344921112,35.1,0.632,0.532,0.0,True,"Field inspection: check irrigation, pruning, stress.",995.0538940429688,797.61767578125,606.37255859375,1951.2646484375,unreviewed,auto
KOG-AT3ET_AL_NAKHLE-0012,pansharpened_reflectance_401e6b905b,2026-01-22,pansharpened_reflectance+manual_review,59.25,8.686,0.34018394351005554,0.3307912349700928,0.26094064116477966,0.43655845522880554,0.5101903080940247,,,,0.34018394351005554,42.0,0.705,0.456,0.0,True,"Field inspection: check irrigation, pruning, stress.",1003.3291015625,800.658203125,614.7890014648438,2043.15185546875,unreviewed,auto
KOG-AT3ET_AL_NAKHLE-0013,pansharpened_reflectance_401e6b905b,2026-01-22,pansharpened_reflectance+manual_review,44.5,7.527,0.3135055899620056,0.3057742714881897,0.2579647898674011,0.40901175141334534,0.4701851010322571,,,,0.3135055899620056,32.7,0.698,0.454,0.0,True,"Field inspection: check irrigation, pruning, stress.",1148.1741943359375,920.3033447265625,689.7640380859375,2187.33154296875,unreviewed,auto
KOG-AT3ET_AL_NAKHLE-0014,pansharpened_reflectance_401e6b905b,2026-01-22,pansharpened_reflectance+manual_review,48.5,7.858,0.33262819051742554,0.3235011696815491,0.2640579044818878,0.4401642978191376,0.49885591864585876,,,,0.33262819051742554,40.5,0.761,0.405,0.0,True,"Field inspection: check irrigation, pruning, stress.",1004.1752319335938,785.1134033203125,602.1701049804688,2003.6649169921875,unreviewed,auto
KOG-AT3ET_AL_NAKHLE-0015,pansharpened_reflectance_401e6b905b,2026-01-22,pansharpened_reflectance+manual_review,44.75,7.548,0.33906859159469604,0.33534136414527893,0.2638667821884155,0.4330441653728485,0.5085203051567078,,,,0.33906859159469604,41.8,0.799,0.375,0.0,True,"Field inspection: check irrigation, pruning, stress.",1031.279296875,830.9441528320312,628.3240356445312,2095.374267578125,unreviewed,auto
KOG-AT3ET_AL_NAKHLE-0016,pansharpened_reflectance_401e6b905b,2026-01-22,pansharpened_reflectance+manual_review,45.0,7.569,0.3043377697467804,0.2943762242794037,0.2563674747943878,0.4227519631385803,0.45644044876098633,,,,0.3043377697467804,34.9,0.804,0.372,0.0,True,"Field inspection: check irrigation, pruning, stress.",1285.227783203125,975.6444702148438,726.433349609375,2395.672119140625,unreviewed,auto
KOG-AT3ET_AL_NAKHLE-0017,pansharpened_reflectance_401e6b905b,2026-01-22,pansharpened_reflectance+manual_review,41.0,7.225,0.3132910430431366,0.3103100657463074,0.2590535581111908,0.4199514091014862,0.4698621332645416,,,,0.3132910430431366,32.7,0.643,0.497,0.0,True,"Field inspection: check irrigation, pruning, stress.",1124.8475341796875,880.743896484375,665.4634399414062,2148.25,unreviewed,auto
KOG-AT3ET_AL_NAKHLE-0018,pansharpened_reflectance_401e6b905b,2026-01-22,pansharpened_reflectance+manual_review,44.0,7.485,0.3162328898906708,0.3095085620880127,0.258857786655426,0.4270135760307312,0.4742749035358429,,,,0.3162328898906708,33.2,0.688,0.46,0.0,True,"Field inspection: check irrigation, pruning, stress.",1134.29541015625,877.022705078125,661.647705078125,2169.636474609375,unreviewed,auto
KOG-AT3ET_AL_NAKHLE-0019,pansharpened_reflectance_401e6b905b,2026-01-22,pansharpened_reflectance+manual_review,49.75,7.959,0.34070664644241333,0.3363606929779053,0.26460734009742737,0.4209660589694977,0.5109787583351135,,,,0.34070664644241333,42.1,0.732,0.426,0.0,True,"Field inspection: check irrigation, pruning, stress.",1099.4422607421875,910.974853515625,680.03515625,2215.954833984375,unreviewed,auto
KOG-AT3ET_AL_NAKHLE-0020,pansharpened_reflectance_401e6b905b,2026-01-22,pansharpened_reflectance+manual_review,52.5,8.176,0.3017551898956299,0.30084341764450073,0.2573304772377014,0.4138796031475067,0.4525645673274994,,,,0.3017551898956299,34.4,0.729,0.518,0.0,True,"Field inspection: check irrigation, pruning, stress.",1213.642822265625,941.9000244140625,678.009521484375,2252.97607421875,unreviewed,auto
KOG-AT3ET_AL_NAKHLE-0021,pansharpened_reflectance_401e6b905b,2026-01-22,pansharpened_reflectance+manual_review,34.5,6.628,0.31207430362701416,0.3107439875602722,0.26434919238090515,0.41734468936920166,0.46803760528564453,,,,0.31207430362701416,36.4,0.758,0.447,0.0,True,"Field inspection: check irrigation, pruning, stress.",1114.427490234375,876.8478393554688,648.7536010742188,2123.6015625,unreviewed,auto
KOG-AT3ET_AL_NAKHLE-0022,pansharpened_reflectance_401e6b905b,2026-01-22,pansharpened_reflectance+manual_review,42.75,7.378,0.3118447959423065,0.3002028465270996,0.2575562000274658,0.42254647612571716,0.46769148111343384,,,,0.3118447959423065,36.4,0.731,0.475,0.0,True,"Field inspection: check irrigation, pruning, stress.",1098.374267578125,855.23974609375,642.26318359375,2089.5556640625,unreviewed,auto
KOG-AT3ET_AL_NAKHLE-0023,pansharpened_reflectance_401e6b905b,2026-01-22,pansharpened_reflectance+manual_review,56.5,8.482,0.3430933356285095,0.3366723358631134,0.2652776837348938,0.43731433153152466,0.5145524740219116,,,,0.3430933356285095,38.6,0.578,0.556,0.0,True,"Field inspection: check irrigation, pruning, stress.",993.3849487304688,794.28759765625,590.539794921875,2031.42919921875,unreviewed,auto
KOG-AT3ET_AL_NAKHLE-0024,pansharpened_reflectance_401e6b905b,2026-01-22,pansharpened_reflectance+manual_review,40.75,7.203,0.3097876012325287,0.3078957200050354,0.26093795895576477,0.41930636763572693,0.46461230516433716,,,,0.3097876012325287,36.0,0.728,0.431,0.0,True,"Field inspection: check irrigation, pruning, stress.",1201.22705078125,933.8956909179688,700.95703125,2271.006103515625,unreviewed,auto
KOG-AT3ET_AL_NAKHLE-0025,pansharpened_reflectance_401e6b905b,2026-01-22,pansharpened_reflectance+manual_review,66.0,9.167,0.30361050367355347,0.2963681221008301,0.2604205310344696,0.41394585371017456,0.45534253120422363,,,,0.30361050367355347,30.7,0.532,0.655,0.0,True,"Field inspection: check irrigation, pruning, stress.",1111.2689208984375,868.1893920898438,663.1666870117188,2077.07958984375,unreviewed,auto
KOG-AT3ET_AL_NAKHLE-0026,pansharpened_reflectance_401e6b905b,2026-01-22,pansharpened_reflectance+manual_review,39.5,7.092,0.3103629946708679,0.30463144183158875,0.2598632574081421,0.40692436695098877,0.4654684066772461,,,,0.3103629946708679,32.1,0.664,0.483,0.0,True,"Field inspection: check irrigation, pruning, stress.",1079.0506591796875,861.0316162109375,666.3037719726562,2039.3038330078125,unreviewed,auto
KOG-AT3ET_AL_NAKHLE-0027,pansharpened_reflectance_401e6b905b,2026-01-22,pansharpened_reflectance+manual_review,32.25,6.408,0.31033453345298767,0.30372339487075806,0.26089468598365784,0.41310349106788635,0.46542665362358093,,,,0.31033453345298767,36.1,0.709,0.444,0.0,True,"Field inspection: check irrigation, pruning, stress.",1095.1705322265625,863.2402954101562,675.4495849609375,2077.19384765625,unreviewed,auto
KOG-AT3ET_AL_NAKHLE-0028,pansharpened_reflectance_401e6b905b,2026-01-22,pansharpened_reflectance+manual_review,38.5,7.001,0.3089996576309204,0.3015266954898834,0.25794175267219543,0.4261566698551178,0.4634321630001068,,,,0.3089996576309204,35.8,0.74,0.425,0.0,True,"Field inspection: check irrigation, pruning, stress.",1247.2857666015625,958.1298828125,682.6493530273438,2352.41552734375,unreviewed,auto
KOG-AT3ET_AL_NAKHLE-0029,pansharpened_reflectance_401e6b905b,2026-01-22,pansharpened_reflectance+manual_review,41.25,7.247,0.30366095900535583,0.3014301359653473,0.264415979385376,0.4078308939933777,0.45541974902153015,,,,0.30366095900535583,30.7,0.668,0.577,0.0,True,"Field inspection: check irrigation, pruning, stress.",1144.654541015625,902.7939453125,656.9454345703125,2129.945556640625,unreviewed,auto
KOG-AT3ET_AL_NAKHLE-0030,pansharpened_reflectance_401e6b905b,2026-01-22,pansharpened_reflectance+manual_review,29.0,6.077,0.2914659380912781,0.28686535358428955,0.25538304448127747,0.4120054543018341,0.4371304214000702,,,,0.2914659380912781,32.3,0.744,0.417,0.0,True,"Field inspection: check irrigation, pruning, stress.",1178.465576171875,895.7844848632812,664.8534545898438,2138.47412109375,unreviewed,auto
KOG-AT3ET_AL_NAKHLE-0031,pansharpened_reflectance_401e6b905b,2026-01-22,pansharpened_reflectance+manual_review,30.5,6.232,0.3040444850921631,0.3012661635875702,0.26192349195480347,0.4136437773704529,0.45599105954170227,,,,0.3040444850921631,30.8,0.678,0.474,0.0,True,"Field inspection: check irrigation, pruning, stress.",1081.2049560546875,842.942626953125,626.0245971679688,2022.4754638671875,unreviewed,auto
KOG-AT3ET_AL_NAKHLE-0032,pansharpened_reflectance_401e6b905b,2026-01-22,pansharpened_reflectance+manual_review,22.25,5.323,0.28759950399398804,0.2851913571357727,0.2570626139640808,0.41463589668273926,0.43133214116096497,,,,0.28759950399398804,31.5,0.809,0.366,0.0,True,"Field inspection: check irrigation, pruning, stress.",1165.8651123046875,871.955078125,672.3033447265625,2101.134765625,unreviewed,auto
KOG-AT3ET_AL_NAKHLE-0033,pansharpened_reflectance_401e6b905b,2026-01-22,pansharpened_reflectance+manual_review,26.0,5.754,0.29137876629829407,0.2884371876716614,0.2554442882537842,0.40262362360954285,0.43699631094932556,,,,0.29137876629829407,32.3,0.788,0.382,0.0,True,"Field inspection: check irrigation, pruning, stress.",1108.22119140625,866.0,634.5288696289062,2021.7403564453125,unreviewed,auto
KOG-AT3ET_AL_NAKHLE-0034,pansharpened_reflectance_401e6b905b,2026-01-22,pansharpened_reflectance+manual_review,32.5,6.433,0.2824500501155853,0.27841198444366455,0.254641056060791,0.39598891139030457,0.4236064851284027,,,,0.2824500501155853,26.5,0.695,0.479,0.0,True,"Field inspection: check irrigation, pruning, stress.",1138.607666015625,882.2153930664062,662.546142578125,2027.24609375,unreviewed,auto
KOG-AT3ET_AL_NAKHLE-0035,pansharpened_reflectance_401e6b905b,2026-01-22,pansharpened_reflectance+manual_review,27.75,5.944,0.29411453008651733,0.288258820772171,0.25477707386016846,0.4080531597137451,0.4411028027534485,,,,0.29411453008651733,28.8,0.657,0.484,0.0,True,"Field inspection: check irrigation, pruning, stress.",1149.2972412109375,887.7477416992188,671.270263671875,2106.98193359375,unreviewed,auto
KOG-AT3ET_AL_NAKHLE-0036,pansharpened_reflectance_401e6b905b,2026-01-22,pansharpened_reflectance+manual_review,27.0,5.863,0.28898710012435913,0.2835567593574524,0.2551756501197815,0.40704619884490967,0.4334127902984619,,,,0.28898710012435913,27.8,0.692,0.457,0.0,True,"Field inspection: check irrigation, pruning, stress.",1187.361083984375,907.4259033203125,673.75,2143.287109375,unreviewed,auto
KOG-AT3ET_AL_NAKHLE-0037,pansharpened_reflectance_401e6b905b,2026-01-22,pansharpened_reflectance+manual_review,21.5,5.232,0.27958086133003235,0.27743226289749146,0.25439488887786865,0.4131445288658142,0.41930291056632996,,,,0.27958086133003235,25.9,0.662,0.489,0.0,True,"Field inspection: check irrigation, pruning, stress.",1130.4884033203125,834.0116577148438,615.1511840820312,2004.593017578125,unreviewed,auto
KOG-AT3ET_AL_NAKHLE-0038,pansharpened_reflectance_401e6b905b,2026-01-22,pansharpened_reflectance+manual_review,16.75,4.618,0.2785431444644928,0.27697840332984924,0.25622960925102234,0.4208165109157562,0.417754590511322,,,,0.2785431444644928,29.7,0.827,0.35,0.0,True,"Field inspection: check irrigation, pruning, stress.",1301.9552001953125,944.4627075195312,687.9104614257812,2300.358154296875,unreviewed,auto
KOG-AT3ET_AL_NAKHLE-0039,pansharpened_reflectance_401e6b905b,2026-01-22,pansharpened_reflectance+manual_review,25.25,5.67,0.2334604412317276,0.2330917865037918,0.1474403738975525,0.3799116015434265,0.3474481701850891,,,,0.2334604412317276,6.7,0.622,0.595,0.0,True,"Field inspection: check irrigation, pruning, stress.",1461.74609375,1051.3077392578125,773.3538208007812,2310.9306640625,unreviewed,auto
KOG-AT3ET_AL_NAKHLE-0040,pansharpened_reflectance_401e6b905b,2026-01-22,pansharpened_reflectance+manual_review,9.5,3.478,0.2644478678703308,0.26351121068000793,0.2534458637237549,0.3956669569015503,0.39660823345184326,,,,0.2644478678703308,26.9,0.776,0.391,0.0,True,"Field inspection: check irrigation, pruning, stress.",1164.8157958984375,868.0526123046875,629.6842041015625,2000.6842041015625,unreviewed,auto
KOG-AT3ET_AL_NAKHLE-0041,pansharpened_reflectance_401e6b905b,2026-01-22,pansharpened_reflectance+manual_review,16.5,4.583,0.3011696934700012,0.29698216915130615,0.2612036466598511,0.4402468502521515,0.4516766667366028,,,,0.3011696934700012,30.2,0.545,0.572,0.0,True,"Field inspection: check irrigation, pruning, stress.",1026.3939208984375,744.5302734375,540.5908813476562,1910.8485107421875,unreviewed,auto
KOG-AT3ET_AL_NAKHLE-0042,pansharpened_reflectance_401e6b905b,2026-01-22,pansharpened_reflectance+manual_review,5.5,2.646,0.2640657126903534,0.26345545053482056,0.25300899147987366,0.39364147186279297,0.39603546261787415,,,,0.2640657126903534,26.8,0.733,0.429,0.0,True,"Field inspection: check irrigation, pruning, stress.",1158.4090576171875,865.727294921875,646.727294921875,1989.0909423828125,unreviewed,auto
KOG-AT3ET_AL_NAKHLE-0043,pansharpened_reflectance_401e6b905b,2026-01-22,pansharpened_reflectance+manual_review,5.5,2.646,0.26307886838912964,0.26107853651046753,0.2518733739852905,0.41036003828048706,0.39456117153167725,,,,0.26307886838912964,26.6,0.733,0.429,0.0,True,"Field inspection: check irrigation, pruning, stress.",1278.0,916.772705078125,681.8181762695312,2190.04541015625,unreviewed,auto
KOG-ROES_ALMAL-0001,pansharpened_reflectance_401e6b905b,2026-01-22,pansharpened_reflectance+manual_review,241.0,17.517,0.4104725122451782,0.4259602427482605,0.2885851263999939,0.437014639377594,0.6155942678451538,,,,0.4104725122451782,56.1,0.744,0.462,0.0,False,Routine monitoring.,901.3195190429688,837.0498046875,602.5964965820312,2137.2998046875,unreviewed,auto
KOG-ROES_ALMAL-0002,pansharpened_reflectance_401e6b905b,2026-01-22,pansharpened_reflectance+manual_review,172.5,14.82,0.3521243631839752,0.34657883644104004,0.21562036871910095,0.4360855519771576,0.5281135439872742,,,,0.3521243631839752,40.4,0.574,0.593,0.0,True,"Field inspection: check irrigation, pruning, stress.",1295.698974609375,1047.916259765625,785.5719604492188,2628.853515625,unreviewed,auto
KOG-ROES_ALMAL-0003,pansharpened_reflectance_401e6b905b,2026-01-22,pansharpened_reflectance+manual_review,91.0,10.764,0.3604705333709717,0.342193067073822,0.2738134562969208,0.4669361412525177,0.5406189560890198,,,,0.3604705333709717,46.1,0.758,0.435,0.0,False,Routine monitoring.,1038.4312744140625,813.4697875976562,606.8873901367188,2210.1455078125,unreviewed,auto
KOG-ROES_ALMAL-0004,pansharpened_reflectance_401e6b905b,2026-01-22,pansharpened_reflectance+manual_review,69.25,9.39,0.3603820502758026,0.34650924801826477,0.2634947896003723,0.46593528985977173,0.5404869914054871,,,,0.3603820502758026,42.1,0.577,0.606,0.0,True,"Field inspection: check irrigation, pruning, stress.",1059.902587890625,822.4151611328125,610.5307006835938,2237.072265625,unreviewed,auto
KOG-ROES_ALMAL-0005,pansharpened_reflectance_401e6b905b,2026-01-22,pansharpened_reflectance+manual_review,57.25,8.538,0.357187420129776,0.3425196707248688,0.2619221806526184,0.46132200956344604,0.5357020497322083,,,,0.357187420129776,45.4,0.748,0.413,0.0,False,Routine monitoring.,1201.00439453125,932.5283813476562,705.1441040039062,2495.196533203125,unreviewed,auto
KOG-ROES_ALMAL-0006,pansharpened_reflectance_401e6b905b,2026-01-22,pansharpened_reflectance+manual_review,39.0,7.047,0.2326083779335022,0.22451284527778625,0.20341116189956665,0.3932730555534363,0.3488617241382599,,,,0.2326083779335022,20.5,0.787,0.521,0.0,True,"Field inspection: check irrigation, pruning, stress.",1352.5714111328125,950.6349487304688,707.09521484375,2167.4443359375,unreviewed,auto
KOG-ROES_ALMAL-0007,pansharpened_reflectance_401e6b905b,2026-01-22,pansharpened_reflectance+manual_review,55.5,8.406,0.2961210608482361,0.29593008756637573,0.25269773602485657,0.4158635139465332,0.44411784410476685,,,,0.2961210608482361,29.2,0.603,0.564,0.0,True,"Field inspection: check irrigation, pruning, stress.",1279.81982421875,976.9189453125,726.770263671875,2349.666748046875,unreviewed,auto
KOG-ROES_ALMAL-0008,pansharpened_reflectance_401e6b905b,2026-01-22,pansharpened_reflectance+manual_review,87.25,10.54,0.34443554282188416,0.32552826404571533,0.2680012881755829,0.443702757358551,0.5165835618972778,,,,0.34443554282188416,38.9,0.692,0.524,0.0,True,"Field inspection: check irrigation, pruning, stress.",1256.75927734375,993.0401000976562,749.6217651367188,2554.95703125,unreviewed,auto
KOG-ROES_ALMAL-0009,pansharpened_reflectance_401e6b905b,2026-01-22,pansharpened_reflectance+manual_review,40.0,7.137,0.21967929601669312,0.2088404893875122,0.16981132328510284,0.38075655698776245,0.32947519421577454,,,,0.21967929601669312,7.9,0.739,0.565,0.0,True,"Field inspection: check irrigation, pruning, stress.",1499.912841796875,1052.199951171875,790.5538330078125,2339.42041015625,unreviewed,auto
KOG-ROES_ALMAL-0010,pansharpened_reflectance_401e6b905b,2026-01-22,pansharpened_reflectance+manual_review,80.0,10.093,0.3287641108036041,0.32544225454330444,0.26129046082496643,0.4364233911037445,0.4930790066719055,,,,0.3287641108036041,35.8,0.632,0.504,0.0,True,"Field inspection: check irrigation, pruning, stress.",1289.315673828125,1001.1187744140625,741.1687622070312,2533.49365234375,unreviewed,auto
KOG-ROES_ALMAL-0011,pansharpened_reflectance_401e6b905b,2026-01-22,pansharpened_reflectance+manual_review,65.0,9.097,0.35171404480934143,0.33529865741729736,0.263346403837204,0.45155981183052063,0.5274857878684998,,,,0.35171404480934143,40.3,0.695,0.537,0.0,True,"Field inspection: check irrigation, pruning, stress.",1051.449951171875,831.2846069335938,620.4807739257812,2189.8115234375,unreviewed,auto
KOG-ROES_ALMAL-0012,pansharpened_reflectance_401e6b905b,2026-01-22,pansharpened_reflectance+manual_review,50.75,8.038,0.3691267669200897,0.3697824776172638,0.2727113962173462,0.4671515226364136,0.553595244884491,,,,0.3691267669200897,47.8,0.705,0.508,0.0,False,Routine monitoring.,986.6600952148438,779.807861328125,580.5516967773438,2119.763427734375,unreviewed,auto
KOG-ROES_ALMAL-0013,pansharpened_reflectance_401e6b905b,2026-01-22,pansharpened_reflectance+manual_review,49.25,7.919,0.3564179837703705,0.3471825420856476,0.26582399010658264,0.46006783843040466,0.534544050693512,,,,0.3564179837703705,41.3,0.684,0.465,0.0,True,"Field inspection: check irrigation, pruning, stress.",1101.1776123046875,854.2994995117188,641.416259765625,2285.568603515625,unreviewed,auto
KOG-ROES_ALMAL-0014,pansharpened_reflectance_401e6b905b,2026-01-22,pansharpened_reflectance+manual_review,36.0,6.77,0.32279741764068604,0.3181946277618408,0.26639875769615173,0.4344644546508789,0.48411670327186584,,,,0.32279741764068604,38.6,0.8,0.379,0.0,True,"Field inspection: check irrigation, pruning, stress.",1071.0555419921875,838.0069580078125,625.6875,2091.291748046875,unreviewed,auto
KOG-ROES_ALMAL-0015,pansharpened_reflectance_401e6b905b,2026-01-22,pansharpened_reflectance+manual_review,44.25,7.506,0.3272709250450134,0.3191881775856018,0.2608133852481842,0.45595934987068176,0.4908280074596405,,,,0.3272709250450134,39.5,0.79,0.382,0.0,True,"Field inspection: check irrigation, pruning, stress.",1106.045166015625,818.0621337890625,611.203369140625,2177.254150390625,unreviewed,auto
KOG-ROES_ALMAL-0016,pansharpened_reflectance_401e6b905b,2026-01-22,pansharpened_reflectance+manual_review,55.0,8.368,0.3233700096607208,0.31846341490745544,0.26419797539711,0.42509061098098755,0.48498663306236267,,,,0.3233700096607208,34.7,0.688,0.467,0.0,True,"Field inspection: check irrigation, pruning, stress.",1235.1363525390625,978.1363525390625,732.19091796875,2410.26806640625,unreviewed,auto
KOG-ROES_ALMAL-0017,pansharpened_reflectance_401e6b905b,2026-01-22,pansharpened_reflectance+manual_review,37.5,6.91,0.3301168382167816,0.32405218482017517,0.2651946544647217,0.46217700839042664,0.49510329961776733,,,,0.3301168382167816,40.0,0.824,0.354,0.0,True,"Field inspection: check irrigation, pruning, stress.",1196.02001953125,881.1266479492188,662.893310546875,2372.0,unreviewed,auto
KOG-ROES_ALMAL-0018,pansharpened_reflectance_401e6b905b,2026-01-22,pansharpened_reflectance+manual_review,41.0,7.225,0.34905675053596497,0.3476632833480835,0.2688214182853699,0.46496427059173584,0.5235005617141724,,,,0.34905675053596497,43.8,0.781,0.428,0.0,True,"Field inspection: check irrigation, pruning, stress.",1038.4268798828125,792.2987670898438,595.5,2152.201171875,unreviewed,auto
KOG-ROES_ALMAL-0019,pansharpened_reflectance_401e6b905b,2026-01-22,pansharpened_reflectance+manual_review,47.25,7.756,0.3311571776866913,0.3184809982776642,0.2577120363712311,0.4538867771625519,0.4966546893119812,,,,0.3311571776866913,40.2,0.75,0.42,0.0,True,"Field inspection: check irrigation, pruning, stress.",1086.8941650390625,816.8994750976562,605.4920654296875,2155.84130859375,unreviewed,auto
KOG-ROES_ALMAL-0020,pansharpened_reflectance_401e6b905b,2026-01-22,pansharpened_reflectance+manual_review,42.25,7.334,0.3288189470767975,0.3192468583583832,0.2614682912826538,0.4455438256263733,0.4931591749191284,,,,0.3288189470767975,35.8,0.663,0.482,0.0,True,"Field inspection: check irrigation, pruning, stress.",1277.3668212890625,975.44970703125,716.526611328125,2499.970458984375,unreviewed,auto
KOG-ROES_ALMAL-0021,pansharpened_reflectance_401e6b905b,2026-01-22,pansharpened_reflectance+manual_review,43.0,7.399,0.3326033651828766,0.3177867531776428,0.2639247477054596,0.43304815888404846,0.4988365173339844,,,,0.3326033651828766,40.5,0.735,0.438,0.0,True,"Field inspection: check irrigation, pruning, stress.",1300.1685791015625,1035.3023681640625,760.465087890625,2572.93603515625,unreviewed,auto
KOG-ROES_ALMAL-0022,pansharpened_reflectance_401e6b905b,2026-01-22,pansharpened_reflectance+manual_review,45.5,7.611,0.31972557306289673,0.3139653503894806,0.25824666023254395,0.43705955147743225,0.47951680421829224,,,,0.31972557306289673,37.9,0.737,0.442,0.0,True,"Field inspection: check irrigation, pruning, stress.",1184.17578125,901.6648559570312,663.7911987304688,2279.5166015625,unreviewed,auto
KOG-ROES_ALMAL-0023,pansharpened_reflectance_401e6b905b,2026-01-22,pansharpened_reflectance+manual_review,35.0,6.676,0.33449625968933105,0.3205201327800751,0.26250410079956055,0.4547240734100342,0.5016610026359558,,,,0.33449625968933105,40.9,0.769,0.397,0.0,True,"Field inspection: check irrigation, pruning, stress.",1046.3214111328125,795.3857421875,576.5642700195312,2097.521484375,unreviewed,auto
KOG-ROES_ALMAL-0024,pansharpened_reflectance_401e6b905b,2026-01-22,pansharpened_reflectance+manual_review,41.0,7.225,0.3242689073085785,0.3226799964904785,0.26624059677124023,0.4470174312591553,0.48632514476776123,,,,0.3242689073085785,38.9,0.781,0.387,0.0,True,"Field inspection: check irrigation, pruning, stress.",1125.280517578125,853.3536376953125,632.3475341796875,2191.48779296875,unreviewed,auto
KOG-ROES_ALMAL-0025,pansharpened_reflectance_401e6b905b,2026-01-22,pansharpened_reflectance+manual_review,56.0,8.444,0.3097533583641052,0.2999262511730194,0.25878244638442993,0.4228452146053314,0.464557945728302,,,,0.3097533583641052,32.0,0.622,0.513,0.0,True,"Field inspection: check irrigation, pruning, stress.",1191.482177734375,924.8258666992188,681.71875,2243.4375,unreviewed,auto
KOG-ROES_ALMAL-0026,pansharpened_reflectance_401e6b905b,2026-01-22,pansharpened_reflectance+manual_review,52.25,8.156,0.3259880840778351,0.3062867820262909,0.2573074996471405,0.4508613348007202,0.4889078736305237,,,,0.3259880840778351,35.2,0.594,0.568,0.0,True,"Field inspection: check irrigation, pruning, stress.",1162.9521484375,871.68896484375,655.2775268554688,2285.583740234375,unreviewed,auto
KOG-ROES_ALMAL-0027,pansharpened_reflectance_401e6b905b,2026-01-22,pansharpened_reflectance+manual_review,43.75,7.464,0.3285779654979706,0.3309369683265686,0.2616545855998993,0.44341737031936646,0.49279794096946716,,,,0.3285779654979706,39.7,0.709,0.463,0.0,True,"Field inspection: check irrigation, pruning, stress.",1278.6400146484375,978.0114135742188,704.5714111328125,2510.199951171875,unreviewed,auto
KOG-ROES_ALMAL-0028,pansharpened_reflectance_401e6b905b,2026-01-22,pansharpened_reflectance+manual_review,33.75,6.555,0.3194076120853424,0.3193108141422272,0.26475030183792114,0.4263458847999573,0.47903838753700256,,,,0.3194076120853424,37.9,0.75,0.496,0.0,True,"Field inspection: check irrigation, pruning, stress.",1196.1629638671875,947.43701171875,691.4296264648438,2310.78515625,unreviewed,auto
KOG-ROES_ALMAL-0029,pansharpened_reflectance_401e6b905b,2026-01-22,pansharpened_reflectance+manual_review,35.0,6.676,0.3209334909915924,0.3174579441547394,0.2671984136104584,0.44115960597991943,0.4813271164894104,,,,0.3209334909915924,38.2,0.718,0.439,0.0,True,"Field inspection: check irrigation, pruning, stress.",1218.8642578125,928.2714233398438,687.9071655273438,2348.60009765625,unreviewed,auto
KOG-ROES_ALMAL-0030,pansharpened_reflectance_401e6b905b,2026-01-22,pansharpened_reflectance+manual_review,23.0,5.412,0.3215944766998291,0.31696176528930664,0.2626330852508545,0.44148653745651245,0.4823128581047058,,,,0.3215944766998291,38.3,0.767,0.403,0.0,True,"Field inspection: check irrigation, pruning, stress.",1052.7174072265625,795.8152465820312,599.25,2046.6304931640625,unreviewed,auto
KOG-ROES_ALMAL-0031,pansharpened_reflectance_401e6b905b,2026-01-22,pansharpened_reflectance+manual_review,20.75,5.14,0.2926885485649109,0.29241877794265747,0.2610485851764679,0.3969232439994812,0.4389742314815521,,,,0.2926885485649109,28.5,0.692,0.507,0.0,True,"Field inspection: check irrigation, pruning, stress.",1381.5421142578125,1097.3253173828125,833.313232421875,2512.168701171875,unreviewed,auto
KOG-ROES_ALMAL-0032,pansharpened_reflectance_401e6b905b,2026-01-22,pansharpened_reflectance+manual_review,32.75,6.457,0.30631664395332336,0.2980339527130127,0.2572489082813263,0.43977099657058716,0.4594082534313202,,,,0.30631664395332336,35.3,0.775,0.391,0.0,True,"Field inspection: check irrigation, pruning, stress.",1294.0152587890625,954.9618530273438,700.4656372070312,2416.89306640625,unreviewed,auto
KOG-ROES_ALMAL-0033,pansharpened_reflectance_401e6b905b,2026-01-22,pansharpened_reflectance+manual_review,33.75,6.555,0.31020915508270264,0.31061258912086487,0.25624150037765503,0.4525347650051117,0.46524155139923096,,,,0.31020915508270264,36.0,0.722,0.496,0.0,True,"Field inspection: check irrigation, pruning, stress.",1158.548095703125,834.6148071289062,627.04443359375,2198.288818359375,unreviewed,auto
KOG-ROES_ALMAL-0034,pansharpened_reflectance_401e6b905b,2026-01-22,pansharpened_reflectance+manual_review,20.25,5.078,0.2863747179508209,0.28636226058006287,0.2589987516403198,0.4006023705005646,0.4295007288455963,,,,0.2863747179508209,27.3,0.675,0.519,0.0,True,"Field inspection: check irrigation, pruning, stress.",1316.8148193359375,1032.5555419921875,756.3333129882812,2373.12353515625,unreviewed,auto
KOG-ROES_ALMAL-0035,pansharpened_reflectance_401e6b905b,2026-01-22,pansharpened_reflectance+manual_review,29.5,6.129,0.29906103014945984,0.29355305433273315,0.25457900762557983,0.424457848072052,0.4485244154930115,,,,0.29906103014945984,29.8,0.648,0.491,0.0,True,"Field inspection: check irrigation, pruning, stress.",1211.703369140625,907.296630859375,655.5762939453125,2237.610107421875,unreviewed,auto
KOG-ROES_ALMAL-0036,pansharpened_reflectance_401e6b905b,2026-01-22,pansharpened_reflectance+manual_review,30.75,6.257,0.30441126227378845,0.30295634269714355,0.26279667019844055,0.4425460994243622,0.45654529333114624,,,,0.30441126227378845,34.9,0.728,0.47,0.0,True,"Field inspection: check irrigation, pruning, stress.",1151.642333984375,847.4146118164062,622.4390258789062,2161.43896484375,unreviewed,auto
KOG-ROES_ALMAL-0037,pansharpened_reflectance_401e6b905b,2026-01-22,pansharpened_reflectance+manual_review,28.5,6.024,0.32876646518707275,0.32501208782196045,0.26923227310180664,0.44973307847976685,0.493059903383255,,,,0.32876646518707275,35.8,0.675,0.47,0.0,True,"Field inspection: check irrigation, pruning, stress.",939.4736938476562,709.9649047851562,536.5614013671875,1863.6578369140625,unreviewed,auto
KOG-ROES_ALMAL-0038,pansharpened_reflectance_401e6b905b,2026-01-22,pansharpened_reflectance+manual_review,27.0,5.863,0.303487092256546,0.30295029282569885,0.2585349380970001,0.4393118619918823,0.4551592469215393,,,,0.303487092256546,30.7,0.692,0.498,0.0,True,"Field inspection: check irrigation, pruning, stress.",1179.9073486328125,863.25927734375,623.8240966796875,2190.907470703125,unreviewed,auto
KOG-ROES_ALMAL-0039,pansharpened_reflectance_401e6b905b,2026-01-22,pansharpened_reflectance+manual_review,32.5,6.433,0.3218185305595398,0.3167334198951721,0.25821417570114136,0.45468804240226746,0.4826507568359375,,,,0.3218185305595398,38.4,0.788,0.514,0.0,True,"Field inspection: check irrigation, pruning, stress.",1140.3154296875,851.2615356445312,622.6846313476562,2220.084716796875,unreviewed,auto
KOG-ROES_ALMAL-0040,pansharpened_reflectance_401e6b905b,2026-01-22,pansharpened_reflectance+manual_review,21.25,5.202,0.30236929655075073,0.3028455376625061,0.2617928087711334,0.43992623686790466,0.45347845554351807,,,,0.30236929655075073,34.5,0.726,0.448,0.0,True,"Field inspection: check irrigation, pruning, stress.",1096.576416015625,804.37646484375,565.1529541015625,2042.070556640625,unreviewed,auto
KOG-ROES_ALMAL-0041,pansharpened_reflectance_401e6b905b,2026-01-22,pansharpened_reflectance+manual_review,38.5,7.001,0.3540959656238556,0.32750874757766724,0.2659377157688141,0.4648626148700714,0.5310492515563965,,,,0.3540959656238556,40.8,0.675,0.528,0.0,True,"Field inspection: check irrigation, pruning, stress.",927.532470703125,715.259765625,555.2467651367188,1948.9415283203125,unreviewed,auto
KOG-ROES_ALMAL-0042,pansharpened_reflectance_401e6b905b,2026-01-22,pansharpened_reflectance+manual_review,23.75,5.499,0.3150578439235687,0.31031808257102966,0.2610403597354889,0.4443543553352356,0.4725143015384674,,,,0.3150578439235687,37.0,0.72,0.436,0.0,True,"Field inspection: check irrigation, pruning, stress.",1174.4105224609375,885.5052490234375,610.9263305664062,2257.39990234375,unreviewed,auto
KOG-ROES_ALMAL-0043,pansharpened_reflectance_401e6b905b,2026-01-22,pansharpened_reflectance+manual_review,21.25,5.202,0.3032139837741852,0.30531400442123413,0.26359808444976807,0.45099151134490967,0.45474737882614136,,,,0.3032139837741852,34.6,0.859,0.332,0.0,True,"Field inspection: check irrigation, pruning, stress.",1145.2587890625,816.0706176757812,588.4470825195312,2126.576416015625,unreviewed,auto
KOG-ROES_ALMAL-0044,pansharpened_reflectance_401e6b905b,2026-01-22,pansharpened_reflectance+manual_review,28.0,5.971,0.307403028011322,0.30160146951675415,0.25706782937049866,0.4417681097984314,0.4610304832458496,,,,0.307403028011322,35.5,0.8,0.389,0.0,True,"Field inspection: check irrigation, pruning, stress.",1114.5892333984375,817.7589111328125,606.6428833007812,2093.205322265625,unreviewed,auto
KOG-ROES_ALMAL-0045,pansharpened_reflectance_401e6b905b,2026-01-22,pansharpened_reflectance+manual_review,27.75,5.944,0.29350796341896057,0.29179084300994873,0.256781667470932,0.438407301902771,0.44019559025764465,,,,0.29350796341896057,32.7,0.721,0.484,0.0,True,"Field inspection: check irrigation, pruning, stress.",1206.45947265625,868.0,634.6936645507812,2206.252197265625,unreviewed,auto
KOG-ROES_ALMAL-0046,pansharpened_reflectance_401e6b905b,2026-01-22,pansharpened_reflectance+manual_review,25.25,5.67,0.29075315594673157,0.2882860600948334,0.25679081678390503,0.42945900559425354,0.43606483936309814,,,,0.29075315594673157,28.2,0.647,0.492,0.0,True,"Field inspection: check irrigation, pruning, stress.",1239.7227783203125,907.3465576171875,686.3564453125,2246.97021484375,unreviewed,auto
KOG-ROES_ALMAL-0047,pansharpened_reflectance_401e6b905b,2026-01-22,pansharpened_reflectance+manual_review,26.75,5.836,0.2977581024169922,0.29200559854507446,0.2566370368003845,0.43436160683631897,0.44655734300613403,,,,0.2977581024169922,29.6,0.648,0.503,0.0,True,"Field inspection: check irrigation, pruning, stress.",1052.962646484375,772.102783203125,570.7383422851562,1932.570068359375,unreviewed,auto
KOG-ROES_ALMAL-0048,pansharpened_reflectance_401e6b905b,2026-01-22,pansharpened_reflectance+manual_review,19.0,4.918,0.2782622277736664,0.2792271375656128,0.2568262219429016,0.4350770115852356,0.4173254072666168,,,,0.2782622277736664,29.7,0.844,0.339,0.0,True,"Field inspection: check irrigation, pruning, stress.",1154.394775390625,814.5263061523438,600.8026123046875,2044.0789794921875,unreviewed,auto
KOG-ROES_ALMAL-0049,pansharpened_reflectance_401e6b905b,2026-01-22,pansharpened_reflectance+manual_review,18.5,4.853,0.3375217020511627,0.33658695220947266,0.2607651650905609,0.41668614745140076,0.5062084197998047,,,,0.3375217020511627,37.5,0.673,0.473,0.0,True,"Field inspection: check irrigation, pruning, stress.",1200.689208984375,999.2973022460938,781.270263671875,2401.62158203125,unreviewed,auto
KOG-ROES_ALMAL-0050,pansharpened_reflectance_401e6b905b,2026-01-22,pansharpened_reflectance+manual_review,24.5,5.585,0.29949602484703064,0.29455891251564026,0.2571523189544678,0.45638084411621094,0.4491758942604065,,,,0.29949602484703064,29.9,0.628,0.507,0.0,True,"Field inspection: check irrigation, pruning, stress.",1236.0,858.5612182617188,590.4285888671875,2274.091796875,unreviewed,auto
KOG-ROES_ALMAL-0051,pansharpened_reflectance_401e6b905b,2026-01-22,pansharpened_reflectance+manual_review,22.25,5.323,0.29050394892692566,0.2907957434654236,0.2589479982852936,0.4445247948169708,0.435689777135849,,,,0.29050394892692566,32.1,0.824,0.366,0.0,True,"Field inspection: check irrigation, pruning, stress.",1223.8426513671875,857.1460571289062,580.8876342773438,2215.561767578125,unreviewed,auto
KOG-ROES_ALMAL-0052,pansharpened_reflectance_401e6b905b,2026-01-22,pansharpened_reflectance+manual_review,19.75,5.015,0.28020960092544556,0.2802829444408417,0.2545861005783081,0.43461498618125916,0.42025047540664673,,,,0.28020960092544556,26.0,0.653,0.487,0.0,True,"Field inspection: check irrigation, pruning, stress.",1234.8607177734375,874.7847900390625,658.6708984375,2191.48095703125,unreviewed,auto
KOG-ROES_ALMAL-0053,pansharpened_reflectance_401e6b905b,2026-01-22,pansharpened_reflectance+manual_review,21.0,5.171,0.2852279245853424,0.2821076810359955,0.25868526101112366,0.39008522033691406,0.4277800917625427,,,,0.2852279245853424,31.0,0.84,0.34,0.0,True,"Field inspection: check irrigation, pruning, stress.",1295.0595703125,1028.4166259765625,762.6666870117188,2313.52392578125,unreviewed,auto
KOG-ROES_ALMAL-0054,pansharpened_reflectance_401e6b905b,2026-01-22,pansharpened_reflectance+manual_review,25.0,5.642,0.3295999765396118,0.33531540632247925,0.2653384804725647,0.45766589045524597,0.4943205714225769,,,,0.3295999765396118,35.9,0.595,0.535,0.0,True,"Field inspection: check irrigation, pruning, stress.",1095.3800048828125,819.6099853515625,611.52001953125,2163.389892578125,unreviewed,auto
KOG-ROES_ALMAL-0055,pansharpened_reflectance_401e6b905b,2026-01-22,pansharpened_reflectance+manual_review,15.75,4.478,0.3136051297187805,0.31406450271606445,0.27094870805740356,0.4368089735507965,0.4703320264816284,,,,0.3136051297187805,32.7,0.63,0.505,0.0,True,"Field inspection: check irrigation, pruning, stress.",1092.238037109375,825.4603271484375,591.2857055664062,2093.74609375,unreviewed,auto
KOG-ROES_ALMAL-0056,pansharpened_reflectance_401e6b905b,2026-01-22,pansharpened_reflectance+manual_review,17.5,4.72,0.3306768238544464,0.335721880197525,0.26164284348487854,0.45820143818855286,0.49592071771621704,,,,0.3306768238544464,40.1,0.778,0.391,0.0,True,"Field inspection: check irrigation, pruning, stress.",894.3857421875,666.7571411132812,486.0142822265625,1790.3428955078125,unreviewed,auto
KOG-ROES_ALMAL-0057,pansharpened_reflectance_401e6b905b,2026-01-22,pansharpened_reflectance+manual_review,14.5,4.297,0.27531537413597107,0.277077853679657,0.2543172240257263,0.4248954951763153,0.41290634870529175,,,,0.27531537413597107,25.1,0.659,0.495,0.0,True,"Field inspection: check irrigation, pruning, stress.",1167.3966064453125,832.0172119140625,587.0,2047.913818359375,unreviewed,auto
KOG-ROES_ALMAL-0058,pansharpened_reflectance_401e6b905b,2026-01-22,pansharpened_reflectance+manual_review,15.75,4.478,0.3095889687538147,0.31352153420448303,0.2594749331474304,0.43823519349098206,0.4643023908138275,,,,0.3095889687538147,31.9,0.583,0.551,0.0,True,"Field inspection: check irrigation, pruning, stress.",1021.5396728515625,762.015869140625,525.4127197265625,1939.4920654296875,unreviewed,auto
KOG-ROES_ALMAL-0059,pansharpened_reflectance_401e6b905b,2026-01-22,pansharpened_reflectance+manual_review,12.75,4.029,0.2994321882724762,0.29944607615470886,0.26119670271873474,0.4514131247997284,0.44907134771347046,,,,0.2994321882724762,33.9,0.708,0.446,0.0,True,"Field inspection: check irrigation, pruning, stress.",1042.0196533203125,733.8627319335938,534.2941284179688,1936.823486328125,unreviewed,auto
KOG-ROES_ALMAL-0060,pansharpened_reflectance_401e6b905b,2026-01-22,pansharpened_reflectance+manual_review,12.5,3.989,0.30520281195640564,0.2954255938529968,0.26181602478027344,0.4546595513820648,0.4577191472053528,,,,0.30520281195640564,31.0,0.694,0.456,0.0,True,"Field inspection: check irrigation, pruning, stress.",969.3800048828125,693.1199951171875,487.6199951171875,1819.06005859375,unreviewed,auto
KOG-ROES_ALMAL-0061,pansharpened_reflectance_401e6b905b,2026-01-22,pansharpened_reflectance+manual_review,8.75,3.338,0.2746345102787018,0.2762886583805084,0.25724053382873535,0.44221436977386475,0.41188138723373413,,,,0.2746345102787018,28.9,0.729,0.439,0.0,True,"Field inspection: check irrigation, pruning, stress.",1125.971435546875,779.2285766601562,545.2285766601562,1973.0,unreviewed,auto
KOG-ROES_ALMAL-0062,pansharpened_reflectance_401e6b905b,2026-01-22,pansharpened_reflectance+manual_review,12.75,4.029,0.3183991611003876,0.31282052397727966,0.2678164541721344,0.49137964844703674,0.47751283645629883,,,,0.3183991611003876,33.7,0.58,0.556,0.0,True,"Field inspection: check irrigation, pruning, stress.",954.7843017578125,637.8627319335938,426.13726806640625,1857.9019775390625,unreviewed,auto
KOG-ROES_ALMAL-0064,pansharpened_reflectance_401e6b905b,2026-01-22,pansharpened_reflectance+manual_review,6.25,2.821,0.2776561975479126,0.27874884009361267,0.25326764583587646,0.45917221903800964,0.416406512260437,,,,0.2776561975479126,25.5,0.595,0.535,0.0,True,"Field inspection: check irrigation, pruning, stress.",1006.719970703125,679.0399780273438,437.760009765625,1786.760009765625,unreviewed,auto
KOG-ROES_ALMAL-0065,pansharpened_reflectance_401e6b905b,2026-01-22,pansharpened_reflectance+manual_review,6.5,2.877,0.2829428017139435,0.2827180027961731,0.2566376328468323,0.4002571105957031,0.4243567883968353,,,,0.2829428017139435,26.6,0.619,0.517,0.0,True,"Field inspection: check irrigation, pruning, stress.",1326.269287109375,1016.9615478515625,758.076904296875,2374.269287109375,unreviewed,auto
KOG-ROES_ALMAL-0066,pansharpened_reflectance_401e6b905b,2026-01-22,pansharpened_reflectance+manual_review,4.0,2.257,0.26872503757476807,0.27051839232444763,0.2595332860946655,0.4516153335571289,0.4030095934867859,,,,0.26872503757476807,23.7,0.667,0.497,0.0,True,"Field inspection: check irrigation, pruning, stress.",977.625,649.875,414.375,1695.0,unreviewed,auto
KOG-ROES_ALMAL-0067,pansharpened_reflectance_401e6b905b,2026-01-22,pansharpened_reflectance+manual_review,5.5,2.646,0.2619229853153229,0.26233971118927,0.2522761821746826,0.4245603382587433,0.3928159773349762,,,,0.2619229853153229,26.4,0.733,0.429,0.0,True,"Field inspection: check irrigation, pruning, stress.",1076.5,745.8636474609375,492.5909118652344,1838.04541015625,unreviewed,auto
KOG-ROES_ALMAL-0068,pansharpened_reflectance_401e6b905b,2026-01-22,pansharpened_reflectance+manual_review,2.0,1.596,0.2780194878578186,0.2772655785083771,0.2594214677810669,0.39266616106033325,0.41698014736175537,,,,0.2780194878578186,25.6,0.667,0.487,0.0,True,"Field inspection: check irrigation, pruning, stress.",1545.875,1192.875,882.0,2731.375,unreviewed,auto
KOG-MORAN-M0001,pansharpened_reflectance_401e6b905b,2026-01-22,pansharpened_reflectance+manual_review,12.394,3.973,0.46419960260391235,0.46859902143478394,0.4151338040828705,0.5003957748413086,0.6962077021598816,,,,0.46419960260391235,66.8,0.827,0.006,0.0,False,Routine monitoring.,1018.0298461914062,925.1044921875,688.1044921875,2788.044677734375,needs_field_check,manual
KOG-MORAN-M0002,pansharpened_reflectance_401e6b905b,2026-01-22,pansharpened_reflectance+manual_review,12.394,3.973,0.5506499409675598,0.5532324910163879,0.4865446090698242,0.5389878749847412,0.8258640766143799,,,,0.5506499409675598,84.1,0.802,0.006,0.0,False,Routine monitoring.,848.3692016601562,873.076904296875,646.6461791992188,2913.230712890625,needs_field_check,manual
KOG-MORAN-M0003,pansharpened_reflectance_401e6b905b,2026-01-22,pansharpened_reflectance+manual_review,12.394,3.973,0.3693799674510956,0.3800828456878662,0.25116434693336487,0.4387986958026886,0.5540074110031128,,,,0.3693799674510956,47.9,0.861,0.006,0.0,False,Routine monitoring.,1485.6129150390625,1251.5,908.5484008789062,3156.0322265625,needs_field_check,manual
KOG-MORAN-M0004,pansharpened_reflectance_401e6b905b,2026-01-22,pansharpened_reflectance+manual_review,12.394,3.973,0.4450589120388031,0.4492753744125366,0.3859902024269104,0.49596598744392395,0.6675034761428833,,,,0.4450589120388031,63.0,0.802,0.006,0.0,False,Routine monitoring.,1095.892333984375,960.2153930664062,685.015380859375,2851.78466796875,needs_field_check,manual
KOG-MORAN-M0005,pansharpened_reflectance_401e6b905b,2026-01-22,pansharpened_reflectance+manual_review,12.394,3.973,0.39883387088775635,0.4108659029006958,0.328842431306839,0.47032585740089417,0.5981482267379761,,,,0.39883387088775635,53.8,0.79,0.006,0.0,False,Routine monitoring.,913.53125,771.53125,569.6875,2119.125,needs_field_check,manual
KOG-MORAN-M0006,pansharpened_reflectance_401e6b905b,2026-01-22,pansharpened_reflectance+manual_review,12.394,3.973,0.4022076725959778,0.4054827094078064,0.3326467275619507,0.4575607478618622,0.6032111644744873,,,,0.4022076725959778,54.4,0.815,0.006,0.0,False,Routine monitoring.,909.6666870117188,800.9697265625,610.48486328125,2164.54541015625,needs_field_check,manual
KOG-MORAN-M0007,pansharpened_reflectance_401e6b905b,2026-01-22,pansharpened_reflectance+manual_review,12.394,3.973,0.3793504536151886,0.371498167514801,0.2957632839679718,0.4397124648094177,0.5689466595649719,,,,0.3793504536151886,49.9,0.827,0.006,0.0,False,Routine monitoring.,1121.6119384765625,974.8955078125,708.9850463867188,2507.880615234375,needs_field_check,manual
KOG-MORAN-M0008,pansharpened_reflectance_401e6b905b,2026-01-22,pansharpened_reflectance+manual_review,12.394,3.973,0.3431185185909271,0.35933661460876465,0.2891291677951813,0.43861985206604004,0.5146015882492065,,,,0.3431185185909271,42.6,0.827,0.006,0.0,True,"Field inspection: check irrigation, pruning, stress.",1151.0,918.0746459960938,697.776123046875,2334.58203125,needs_field_check,manual
KOG-MORAN-M0009,pansharpened_reflectance_401e6b905b,2026-01-22,pansharpened_reflectance+manual_review,12.394,3.973,0.19742467999458313,0.18258920311927795,0.12258990108966827,0.30312106013298035,0.2960894703865051,,,,0.19742467999458313,3.5,0.84,0.006,0.0,True,"Field inspection: check irrigation, pruning, stress.",1348.0294189453125,1063.11767578125,772.8970336914062,1979.6470947265625,needs_field_check,manual
KOG-MORAN-M0010,pansharpened_reflectance_401e6b905b,2026-01-22,pansharpened_reflectance+manual_review,12.394,3.973,0.3698742985725403,0.36708033084869385,0.2817414402961731,0.43522629141807556,0.5547270178794861,,,,0.3698742985725403,48.0,0.815,0.006,0.0,False,Routine monitoring.,1061.9090576171875,913.272705078125,645.1818237304688,2337.863525390625,needs_field_check,manual
KOG-MORAN-M0011,pansharpened_reflectance_401e6b905b,2026-01-22,pansharpened_reflectance+manual_review,12.394,3.973,0.21506519615650177,0.21360599994659424,0.18710999190807343,0.38465458154678345,0.3225608766078949,,,,0.21506519615650177,7.0,0.827,0.006,0.0,True,"Field inspection: check irrigation, pruning, stress.",1773.4029541015625,1224.0745849609375,850.0746459960938,2733.4775390625,needs_field_check,manual
KOG-MORAN-M0013,pansharpened_reflectance_401e6b905b,2026-01-22,pansharpened_reflectance+manual_review,12.394,3.973,0.3898150324821472,0.39065033197402954,0.3313641846179962,0.47204917669296265,0.5846375823020935,,,,0.3898150324821472,52.0,0.815,0.006,0.0,False,Routine monitoring.,1049.1060791015625,860.1060791015625,650.6212158203125,2404.0,needs_field_check,manual
KOG-MORAN-M0014,pansharpened_reflectance_401e6b905b,2026-01-22,pansharpened_reflectance+manual_review,12.394,3.973,0.3103708326816559,0.3117148280143738,0.2728598117828369,0.43979641795158386,0.4654836356639862,,,,0.3103708326816559,36.1,0.815,0.006,0.0,True,"Field inspection: check irrigation, pruning, stress.",1148.257568359375,851.0,621.0454711914062,2167.651611328125,needs_field_check,manual
KOG-MORAN-M0015,pansharpened_reflectance_401e6b905b,2026-01-22,pansharpened_reflectance+manual_review,12.394,3.973,0.3461119830608368,0.3430693745613098,0.25720900297164917,0.47335946559906006,0.5190839767456055,,,,0.3461119830608368,43.2,0.815,0.006,0.0,True,"Field inspection: check irrigation, pruning, stress.",1043.8333740234375,766.242431640625,568.8939208984375,2132.45458984375,needs_field_check,manual
KOG-MORAN-M0016,pansharpened_reflectance_401e6b905b,2026-01-22,pansharpened_reflectance+manual_review,12.394,3.973,0.33056750893592834,0.337973028421402,0.2838743329048157,0.4352063834667206,0.4957662522792816,,,,0.33056750893592834,40.1,0.827,0.006,0.0,True,"Field inspection: check irrigation, pruning, stress.",1069.41796875,840.44775390625,588.7014770507812,2100.044677734375,needs_field_check,manual
KOG-MORAN-M0017,pansharpened_reflectance_401e6b905b,2026-01-22,pansharpened_reflectance+manual_review,12.394,3.973,0.35212162137031555,0.351624995470047,0.3092327117919922,0.4516848623752594,0.5280808210372925,,,,0.35212162137031555,44.4,0.815,0.006,0.0,True,"Field inspection: check irrigation, pruning, stress.",912.1969604492188,719.8636474609375,523.1818237304688,1879.6666259765625,needs_field_check,manual
KOG-MORAN-M0018,pansharpened_reflectance_401e6b905b,2026-01-22,pansharpened_reflectance+manual_review,12.394,3.973,0.5385323762893677,0.5437036752700806,0.49903982877731323,0.5598301291465759,0.8076892495155334,,,,0.5385323762893677,81.7,0.827,0.006,0.0,False,Routine monitoring.,859.5223999023438,808.0596923828125,618.55224609375,2869.880615234375,needs_field_check,manual
KOG-MORAN-M0019,pansharpened_reflectance_401e6b905b,2026-01-22,pansharpened_reflectance+manual_review,12.394,3.973,0.5828275680541992,0.5918116569519043,0.5228411555290222,0.5960874557495117,0.8741285800933838,,,,0.5828275680541992,90.6,0.79,0.006,0.0,False,Routine monitoring.,808.90625,776.78125,613.296875,3079.625,needs_field_check,manual
KOG-MORAN-M0020,pansharpened_reflectance_401e6b905b,2026-01-22,pansharpened_reflectance+manual_review,12.394,3.973,0.46511685848236084,0.46862566471099854,0.422346293926239,0.5182048678398132,0.6975711584091187,,,,0.46511685848236084,67.0,0.852,0.006,0.0,False,Routine monitoring.,915.6376953125,798.1738891601562,619.9275512695312,2505.04345703125,needs_field_check,manual
KOG-MORAN-M0021,pansharpened_reflectance_401e6b905b,2026-01-22,pansharpened_reflectance+manual_review,12.394,3.973,0.4532243311405182,0.4557031989097595,0.3884548544883728,0.5091251134872437,0.679736316204071,,,,0.4532243311405182,64.6,0.827,0.006,0.0,False,Routine monitoring.,932.1343383789062,808.8358154296875,611.6119384765625,2484.97021484375,needs_field_check,manual
KOG-MORAN-M0022,pansharpened_reflectance_401e6b905b,2026-01-22,pansharpened_reflectance+manual_review,12.394,3.973,0.37012672424316406,0.3731498122215271,0.3048750162124634,0.4463289976119995,0.5550957918167114,,,,0.37012672424316406,48.0,0.815,0.006,0.0,False,Routine monitoring.,931.3636474609375,782.4242553710938,580.2879028320312,2048.92431640625,needs_field_check,manual
KOG-MORAN-M0023,pansharpened_reflectance_401e6b905b,2026-01-22,pansharpened_reflectance+manual_review,12.394,3.973,0.3826245963573456,0.38517647981643677,0.34553420543670654,0.4642423391342163,0.5738473534584045,,,,0.3826245963573456,50.5,0.84,0.006,0.0,False,Routine monitoring.,1005.808837890625,823.5,619.9117431640625,2247.661865234375,needs_field_check,manual
KOG-MORAN-M0024,pansharpened_reflectance_401e6b905b,2026-01-22,pansharpened_reflectance+manual_review,12.394,3.973,0.41403743624687195,0.40291261672973633,0.36009523272514343,0.4711451530456543,0.6209510564804077,,,,0.41403743624687195,56.8,0.827,0.006,0.0,False,Routine monitoring.,867.7313232421875,757.8059692382812,574.880615234375,2103.41796875,needs_field_check,manual
KOG-MORAN-M0025,pansharpened_reflectance_401e6b905b,2026-01-22,pansharpened_reflectance+manual_review,12.394,3.973,0.370900958776474,0.3703336715698242,0.3336295783519745,0.4750955402851105,0.5562623143196106,,,,0.370900958776474,48.2,0.827,0.006,0.0,False,Routine monitoring.,994.208984375,772.1492309570312,574.223876953125,2161.298583984375,needs_field_check,manual
KOG-MORAN-M0026,pansharpened_reflectance_401e6b905b,2026-01-22,pansharpened_reflectance+manual_review,12.394,3.973,0.32548776268959045,0.3223251700401306,0.29612523317337036,0.43723422288894653,0.4881479740142822,,,,0.32548776268959045,39.1,0.815,0.006,0.0,True,"Field inspection: check irrigation, pruning, stress.",987.9697265625,761.1969604492188,546.3787841796875,1942.712158203125,needs_field_check,manual
KOG-MORAN-M0027,pansharpened_reflectance_401e6b905b,2026-01-22,pansharpened_reflectance+manual_review,12.394,3.973,0.28987759351730347,0.29011234641075134,0.23147183656692505,0.39935895800590515,0.4347378611564636,,,,0.28987759351730347,32.0,0.815,0.006,0.0,True,"Field inspection: check irrigation, pruning, stress.",1000.7879028320312,784.8636474609375,548.3939208984375,1820.772705078125,needs_field_check,manual
KOG-MORAN-M0028,pansharpened_reflectance_401e6b905b,2026-01-22,pansharpened_reflectance+manual_review,12.394,3.973,0.27701205015182495,0.28272759914398193,0.23596782982349396,0.4022752046585083,0.41545215249061584,,,,0.27701205015182495,29.4,0.815,0.006,0.0,True,"Field inspection: check irrigation, pruning, stress.",1170.060546875,884.6060791015625,653.9697265625,2061.712158203125,needs_field_check,manual
KOG-MORAN-M0029,pansharpened_reflectance_401e6b905b,2026-01-22,pansharpened_reflectance+manual_review,12.394,3.973,0.43446916341781616,0.43647468090057373,0.3747788071632385,0.479579359292984,0.6515868902206421,,,,0.43446916341781616,60.9,0.815,0.006,0.0,False,Routine monitoring.,801.8787841796875,718.772705078125,548.772705078125,2032.757568359375,needs_field_check,manual
KOG-MENEZLEH-M0001,pansharpened_reflectance_401e6b905b,2026-01-22,pansharpened_reflectance+manual_review,12.394,3.972,0.47071611881256104,0.4813838601112366,0.38014546036720276,0.48860886693000793,0.7059676051139832,,,,0.47071611881256104,68.1,0.827,0.006,0.0,False,Routine monitoring.,879.4627075195312,838.8955078125,678.791015625,2443.880615234375,needs_field_check,manual
KOG-MENEZLEH-M0002,pansharpened_reflectance_401e6b905b,2026-01-22,pansharpened_reflectance+manual_review,12.394,3.972,0.2794899344444275,0.2832333445549011,0.2600570023059845,0.3799263536930084,0.41917484998703003,,,,0.2794899344444275,29.9,0.827,0.006,0.0,True,"Field inspection: check irrigation, pruning, stress.",1312.8507080078125,1056.23876953125,764.0,2320.014892578125,needs_field_check,manual
KOG-ALMAFAREQ-M0001,pansharpened_reflectance_401e6b905b,2026-01-22,pansharpened_reflectance+manual_review,12.394,3.972,0.3375991880893707,0.34662455320358276,0.2901773154735565,0.3709394633769989,0.5062959790229797,,,,0.3375991880893707,41.5,0.815,0.006,0.0,True,"Field inspection: check irrigation, pruning, stress.",817.2120971679688,760.5757446289062,575.3181762695312,1659.0909423828125,needs_field_check,manual
KOG-ALMAFAREQ-M0002,pansharpened_reflectance_401e6b905b,2026-01-22,pansharpened_reflectance+manual_review,12.394,3.972,0.3756965398788452,0.37662336230278015,0.3286208510398865,0.4247695505619049,0.5634400844573975,,,,0.3756965398788452,49.1,0.827,0.006,0.0,False,Routine monitoring.,843.1641845703125,752.9701538085938,564.4179077148438,1863.5074462890625,needs_field_check,manual
KOG-ALMAFAREQ-M0003,pansharpened_reflectance_401e6b905b,2026-01-22,pansharpened_reflectance+manual_review,12.394,3.972,0.33409908413887024,0.33550915122032166,0.2559135854244232,0.44140538573265076,0.5010601878166199,,,,0.33409908413887024,40.8,0.827,0.006,0.0,True,"Field inspection: check irrigation, pruning, stress.",950.8507690429688,748.8507690429688,496.8358154296875,1918.462646484375,needs_field_check,manual
KOG-ALMAFAREQ-M0004,pansharpened_reflectance_401e6b905b,2026-01-22,pansharpened_reflectance+manual_review,12.394,3.972,0.4284214377403259,0.4255155622959137,0.39649736881256104,0.4780340790748596,0.6425185203552246,,,,0.4284214377403259,59.7,0.815,0.006,0.0,False,Routine monitoring.,813.6666870117188,721.8181762695312,547.4697265625,2041.45458984375,needs_field_check,manual
KOG-ALMAFAREQ-M0005,pansharpened_reflectance_401e6b905b,2026-01-22,pansharpened_reflectance+manual_review,12.394,3.972,0.3189033567905426,0.32547271251678467,0.2730650305747986,0.4094509482383728,0.478268027305603,,,,0.3189033567905426,37.8,0.815,0.006,0.0,True,"Field inspection: check irrigation, pruning, stress.",977.3030395507812,795.1818237304688,564.7879028320312,1889.5758056640625,needs_field_check,manual
KOG-ALMAFAREQ-M0006,pansharpened_reflectance_401e6b905b,2026-01-22,pansharpened_reflectance+manual_review,12.394,3.972,0.329914927482605,0.3323262929916382,0.30151623487472534,0.42926025390625,0.4947812557220459,,,,0.329914927482605,40.0,0.827,0.006,0.0,True,"Field inspection: check irrigation, pruning, stress.",917.0,728.0895385742188,529.6417846679688,1821.671630859375,needs_field_check,manual
KOG-ALMAFAREQ-M0007,pansharpened_reflectance_401e6b905b,2026-01-22,pansharpened_reflectance+manual_review,12.394,3.972,0.29261383414268494,0.2897648811340332,0.24254456162452698,0.4205564260482788,0.43884575366973877,,,,0.29261383414268494,32.5,0.852,0.006,0.0,True,"Field inspection: check irrigation, pruning, stress.",1076.40576171875,802.884033203125,571.3768310546875,1951.797119140625,needs_field_check,manual
KOG-ALMAFAREQ-M0008,pansharpened_reflectance_401e6b905b,2026-01-22,pansharpened_reflectance+manual_review,12.394,3.972,0.31998640298843384,0.3234584927558899,0.2865270674228668,0.4313903748989105,0.47989755868911743,,,,0.31998640298843384,38.0,0.827,0.006,0.0,True,"Field inspection: check irrigation, pruning, stress.",1019.2985229492188,790.8955078125,598.65673828125,1975.6119384765625,needs_field_check,manual
KOG-ALMAFAREQ-M0009,pansharpened_reflectance_401e6b905b,2026-01-22,pansharpened_reflectance+manual_review,12.394,3.972,0.33320319652557373,0.3412325382232666,0.2819810211658478,0.44219258427619934,0.4997110664844513,,,,0.33320319652557373,40.6,0.815,0.006,0.0,True,"Field inspection: check irrigation, pruning, stress.",913.3030395507812,709.0302734375,512.6212158203125,1818.8333740234375,needs_field_check,manual
KOG-ALMAFAREQ-M0010,pansharpened_reflectance_401e6b905b,2026-01-22,pansharpened_reflectance+manual_review,12.394,3.972,0.3720445930957794,0.3771575689315796,0.34066176414489746,0.45318442583084106,0.5579780340194702,,,,0.3720445930957794,48.4,0.79,0.006,0.0,False,Routine monitoring.,994.875,819.390625,596.25,2178.453125,needs_field_check,manual
KOG-ALMAFAREQ-M0011,pansharpened_reflectance_401e6b905b,2026-01-22,pansharpened_reflectance+manual_review,12.394,3.972,0.3426763415336609,0.36098310351371765,0.27560320496559143,0.40014925599098206,0.5139172673225403,,,,0.3426763415336609,42.5,0.827,0.006,0.0,True,"Field inspection: check irrigation, pruning, stress.",868.776123046875,762.9552001953125,599.8059692382812,1782.567138671875,needs_field_check,manual
KOG-ALMAFAREQ-M0012,pansharpened_reflectance_401e6b905b,2026-01-22,pansharpened_reflectance+manual_review,12.394,3.972,0.21515552699565887,0.21961051225662231,0.18890908360481262,0.3264772593975067,0.32266753911972046,,,,0.21515552699565887,7.0,0.815,0.006,0.0,True,"Field inspection: check irrigation, pruning, stress.",985.4242553710938,777.8636474609375,574.5,1523.3485107421875,needs_field_check,manual
KOG-ALMAFAREQ-M0013,pansharpened_reflectance_401e6b905b,2026-01-22,pansharpened_reflectance+manual_review,12.394,3.973,0.2559025287628174,0.24981588125228882,0.2093522995710373,0.38157036900520325,0.38378220796585083,,,,0.2559025287628174,25.2,0.84,0.006,0.0,True,"Field inspection: check irrigation, pruning, stress.",995.7058715820312,755.38232421875,547.0147094726562,1688.308837890625,needs_field_check,manual
KOG-ALMAFAREQ-M0014,pansharpened_reflectance_401e6b905b,2026-01-22,pansharpened_reflectance+manual_review,12.394,3.973,0.3193042576313019,0.32398688793182373,0.25357407331466675,0.4129641056060791,0.47886982560157776,,,,0.3193042576313019,37.9,0.84,0.006,0.0,True,"Field inspection: check irrigation, pruning, stress.",957.558837890625,777.38232421875,569.2794189453125,1871.1470947265625,needs_field_check,manual
KOG-ALMAFAREQ-M0015,pansharpened_reflectance_401e6b905b,2026-01-22,pansharpened_reflectance+manual_review,12.394,3.973,0.35030877590179443,0.3567110002040863,0.2797527611255646,0.42290499806404114,0.5253740549087524,,,,0.35030877590179443,44.1,0.827,0.006,0.0,True,"Field inspection: check irrigation, pruning, stress.",953.4030151367188,809.8955078125,571.65673828125,2004.4029541015625,needs_field_check,manual
KOG-ALMAFAREQ-M0016,pansharpened_reflectance_401e6b905b,2026-01-22,pansharpened_reflectance+manual_review,12.394,3.973,0.30619412660598755,0.301540732383728,0.23096539080142975,0.405636727809906,0.4592101573944092,,,,0.30619412660598755,35.2,0.827,0.006,0.0,True,"Field inspection: check irrigation, pruning, stress.",975.9403076171875,781.1044921875,542.8955078125,1854.4925537109375,needs_field_check,manual
KOG-ALMAFAREQ-M0017,pansharpened_reflectance_401e6b905b,2026-01-22,pansharpened_reflectance+manual_review,12.394,3.973,0.29500365257263184,0.2913082242012024,0.26972731947898865,0.40023061633110046,0.44243380427360535,,,,0.29500365257263184,33.0,0.815,0.006,0.0,True,"Field inspection: check irrigation, pruning, stress.",1117.6060791015625,888.6666870117188,650.8485107421875,2050.802978515625,needs_field_check,manual
KOG-ALMAFAREQ-M0018,pansharpened_reflectance_401e6b905b,2026-01-22,pansharpened_reflectance+manual_review,12.394,3.972,0.25196000933647156,0.2562679052352905,0.19031548500061035,0.33429333567619324,0.37786608934402466,,,,0.25196000933647156,14.4,0.84,0.006,0.0,True,"Field inspection: check irrigation, pruning, stress.",985.38232421875,824.058837890625,587.8235473632812,1640.1617431640625,needs_field_check,manual
KOG-ALMAFAREQ-M0019,pansharpened_reflectance_401e6b905b,2026-01-22,pansharpened_reflectance+manual_review,12.394,3.972,0.2692447304725647,0.27293065190315247,0.21589897572994232,0.34545478224754333,0.4037836194038391,,,,0.2692447304725647,27.8,0.852,0.006,0.0,True,"Field inspection: check irrigation, pruning, stress.",911.0869750976562,772.1304321289062,562.7681274414062,1578.202880859375,needs_field_check,manual
KOG-ALMAFAREQ-M0020,pansharpened_reflectance_401e6b905b,2026-01-22,pansharpened_reflectance+manual_review,12.394,3.972,0.19667671620845795,0.18927255272865295,0.1695672571659088,0.31086066365242004,0.29496389627456665,,,,0.19667671620845795,3.3,0.815,0.006,0.0,True,"Field inspection: check irrigation, pruning, stress.",1219.3333740234375,954.8787841796875,691.8485107421875,1802.3333740234375,needs_field_check,manual
KOG-EIN_ATEYYE-M0001,pansharpened_reflectance_401e6b905b,2026-01-22,pansharpened_reflectance+manual_review,12.394,3.973,0.3876953423023224,0.3883143663406372,0.33516186475753784,0.451617032289505,0.5814527273178101,,,,0.3876953423023224,51.5,0.852,0.006,0.0,False,Routine monitoring.,988.2174072265625,848.4927368164062,619.8115844726562,2250.0,needs_field_check,manual
KOG-EIN_ATEYYE-M0002,pansharpened_reflectance_401e6b905b,2026-01-22,pansharpened_reflectance+manual_review,12.394,3.973,0.3162132501602173,0.3222004771232605,0.2646748423576355,0.42736929655075073,0.4742392897605896,,,,0.3162132501602173,37.2,0.84,0.006,0.0,True,"Field inspection: check irrigation, pruning, stress.",1020.2352905273438,792.88232421875,570.0294189453125,1965.4853515625,needs_field_check,manual
KOG-EIN_ATEYYE-M0003,pansharpened_reflectance_401e6b905b,2026-01-22,pansharpened_reflectance+manual_review,12.394,3.973,0.3682061731815338,0.3581569790840149,0.33537837862968445,0.44958415627479553,0.5522173047065735,,,,0.3682061731815338,47.6,0.84,0.006,0.0,False,Routine monitoring.,959.3529663085938,790.6617431640625,596.5441284179688,2074.544189453125,needs_field_check,manual
KOG-EIN_ATEYYE-M0004,pansharpened_reflectance_401e6b905b,2026-01-22,pansharpened_reflectance+manual_review,12.394,3.973,0.3381872773170471,0.3365471661090851,0.2632902264595032,0.42984646558761597,0.5072022676467896,,,,0.3381872773170471,41.6,0.827,0.006,0.0,True,"Field inspection: check irrigation, pruning, stress.",1094.6268310546875,879.5074462890625,642.5074462890625,2196.7314453125,needs_field_check,manual
KOG-EIN_ATEYYE-M0005,pansharpened_reflectance_401e6b905b,2026-01-22,pansharpened_reflectance+manual_review,12.394,3.973,0.32539939880371094,0.3292600214481354,0.26943397521972656,0.4067733585834503,0.4880159795284271,,,,0.32539939880371094,39.1,0.852,0.006,0.0,True,"Field inspection: check irrigation, pruning, stress.",999.8115844726562,834.8695678710938,612.5797119140625,1973.6666259765625,needs_field_check,manual
KOG-EIN_ATEYYE-M0006,pansharpened_reflectance_401e6b905b,2026-01-22,pansharpened_reflectance+manual_review,12.394,3.973,0.22169649600982666,0.2201405167579651,0.20709116756916046,0.3692936301231384,0.3324950635433197,,,,0.22169649600982666,18.3,0.827,0.006,0.0,True,"Field inspection: check irrigation, pruning, stress.",1380.7313232421875,1003.65673828125,702.4627075195312,2159.07470703125,needs_field_check,manual
KOG-EIN_ATEYYE-M0007,pansharpened_reflectance_401e6b905b,2026-01-22,pansharpened_reflectance+manual_review,12.394,3.973,0.41103729605674744,0.40832772850990295,0.36026594042778015,0.46174243092536926,0.6164540648460388,,,,0.41103729605674744,56.2,0.802,0.006,0.0,False,Routine monitoring.,898.2000122070312,794.1384887695312,614.09228515625,2153.476806640625,needs_field_check,manual
KOG-EIN_ATEYYE-M0008,pansharpened_reflectance_401e6b905b,2026-01-22,pansharpened_reflectance+manual_review,12.394,3.973,0.46171319484710693,0.46300366520881653,0.41453444957733154,0.4955193102359772,0.6924431920051575,,,,0.46171319484710693,66.3,0.827,0.006,0.0,False,Routine monitoring.,736.6865844726562,677.9701538085938,525.5969848632812,2015.910400390625,needs_field_check,manual
KOG-THOELIEB-M0001,pansharpened_reflectance_401e6b905b,2026-01-22,pansharpened_reflectance+manual_review,12.394,3.973,0.35446515679359436,0.3626394271850586,0.29551857709884644,0.42617303133010864,0.5315955281257629,,,,0.35446515679359436,44.9,0.815,0.006,0.0,True,"Field inspection: check irrigation, pruning, stress.",856.3030395507812,730.5,538.3939208984375,1814.4697265625,needs_field_check,manual
KOG-THOELIEB-M0002,pansharpened_reflectance_401e6b905b,2026-01-22,pansharpened_reflectance+manual_review,12.394,3.973,0.36522793769836426,0.36524295806884766,0.3022058308124542,0.417041540145874,0.5477325320243835,,,,0.36522793769836426,47.0,0.815,0.006,0.0,False,Routine monitoring.,806.0302734375,713.51513671875,524.4393920898438,1735.3333740234375,needs_field_check,manual
KOG-SERET_AL_AJOUL_A-M0001,pansharpened_reflectance_401e6b905b,2026-01-22,pansharpened_reflectance+manual_review,12.394,3.973,0.3078584671020508,0.312224417924881,0.22116151452064514,0.4265793561935425,0.4617069363594055,,,,0.3078584671020508,35.6,0.79,0.006,0.0,True,"Field inspection: check irrigation, pruning, stress.",1024.125,778.234375,583.015625,1918.09375,needs_field_check,manual
KOG-SERET_AL_AJOUL_A-M0002,pansharpened_reflectance_401e6b905b,2026-01-22,pansharpened_reflectance+manual_review,12.394,3.973,0.26344019174575806,0.2672179341316223,0.22794726490974426,0.4134984016418457,0.3951032757759094,,,,0.26344019174575806,26.7,0.815,0.006,0.0,True,"Field inspection: check irrigation, pruning, stress.",1350.6666259765625,970.757568359375,676.1666870117188,2302.5,needs_field_check,manual
KOG-SERET_AL_AJOUL_A-M0003,pansharpened_reflectance_401e6b905b,2026-01-22,pansharpened_reflectance+manual_review,12.394,3.973,0.2725728452205658,0.27205580472946167,0.23864810168743134,0.4040347933769226,0.40878885984420776,,,,0.2725728452205658,28.5,0.802,0.006,0.0,True,"Field inspection: check irrigation, pruning, stress.",1120.953857421875,837.0615234375,598.8461303710938,1948.0615234375,needs_field_check,manual
KOG-SERET_AL_AJOUL_A-M0004,pansharpened_reflectance_401e6b905b,2026-01-22,pansharpened_reflectance+manual_review,12.394,3.973,0.2237979620695114,0.22496531903743744,0.19831092655658722,0.37933826446533203,0.33565273880958557,,,,0.2237979620695114,8.8,0.852,0.006,0.0,True,"Field inspection: check irrigation, pruning, stress.",1534.2174072265625,1096.9710693359375,783.9710083007812,2408.652099609375,needs_field_check,manual
KOG-SERET_AL_AJOUL_A-M0005,pansharpened_reflectance_401e6b905b,2026-01-22,pansharpened_reflectance+manual_review,12.395,3.973,0.2174965739250183,0.21971972286701202,0.18718259036540985,0.3666602373123169,0.3261968493461609,,,,0.2174965739250183,7.5,0.852,0.006,0.0,True,"Field inspection: check irrigation, pruning, stress.",1367.6376953125,987.7391357421875,698.840576171875,2123.78271484375,needs_field_check,manual
KOG-SERET_AL_AJOUL_A-M0006,pansharpened_reflectance_401e6b905b,2026-01-22,pansharpened_reflectance+manual_review,12.395,3.973,0.21998991072177887,0.218187615275383,0.20679627358913422,0.376474529504776,0.32993820309638977,,,,0.21998991072177887,18.0,0.815,0.006,0.0,True,"Field inspection: check irrigation, pruning, stress.",1446.1514892578125,1031.6666259765625,742.0606079101562,2253.89404296875,needs_field_check,manual
KOG-SERET_AL_AJOUL_A-M0007,pansharpened_reflectance_401e6b905b,2026-01-22,pansharpened_reflectance+manual_review,12.395,3.973,0.38012462854385376,0.3949090242385864,0.30411675572395325,0.4764465093612671,0.5700932145118713,,,,0.38012462854385376,50.0,0.815,0.006,0.0,False,Routine monitoring.,944.227294921875,750.5454711914062,544.242431640625,2121.181884765625,needs_field_check,manual
KOG-SERET_AL_AJOUL_A-M0008,pansharpened_reflectance_401e6b905b,2026-01-22,pansharpened_reflectance+manual_review,12.395,3.973,0.30516907572746277,0.30780458450317383,0.2357155829668045,0.4252825081348419,0.457675039768219,,,,0.30516907572746277,35.0,0.84,0.006,0.0,True,"Field inspection: check irrigation, pruning, stress.",1069.441162109375,810.9558715820312,584.1764526367188,1981.6617431640625,needs_field_check,manual
KOG-SERET_AL_AJOUL_A-M0009,pansharpened_reflectance_401e6b905b,2026-01-22,pansharpened_reflectance+manual_review,12.395,3.973,0.27421796321868896,0.2664266526699066,0.21296170353889465,0.3832027316093445,0.41125839948654175,,,,0.27421796321868896,28.8,0.827,0.006,0.0,True,"Field inspection: check irrigation, pruning, stress.",1150.1641845703125,897.7611694335938,637.34326171875,2001.358154296875,needs_field_check,manual
KOG-SERET_AL_AJOUL_A-M0010,pansharpened_reflectance_401e6b905b,2026-01-22,pansharpened_reflectance+manual_review,12.395,3.973,0.33422499895095825,0.3393893241882324,0.2806382477283478,0.43183809518814087,0.5012497901916504,,,,0.33422499895095825,40.8,0.84,0.006,0.0,True,"Field inspection: check irrigation, pruning, stress.",1013.38232421875,812.058837890625,598.441162109375,2007.36767578125,needs_field_check,manual
KOG-SERET_AL_AJOUL_A-M0011,pansharpened_reflectance_401e6b905b,2026-01-22,pansharpened_reflectance+manual_review,12.395,3.973,0.20505857467651367,0.19971659779548645,0.17963343858718872,0.3560616075992584,0.30754292011260986,,,,0.20505857467651367,5.0,0.815,0.006,0.0,True,"Field inspection: check irrigation, pruning, stress.",1434.0,1033.8182373046875,728.5757446289062,2159.227294921875,needs_field_check,manual
KOG-SERET_AL_AJOUL_A-M0012,pansharpened_reflectance_401e6b905b,2026-01-22,pansharpened_reflectance+manual_review,12.395,3.973,0.22998595237731934,0.22714726626873016,0.17744651436805725,0.3456834852695465,0.3449340760707855,,,,0.22998595237731934,10.0,0.84,0.006,0.0,True,"Field inspection: check irrigation, pruning, stress.",1509.0882568359375,1181.0294189453125,851.941162109375,2428.044189453125,needs_field_check,manual
KOG-SERET_AL_AJOUL_A-M0013,pansharpened_reflectance_401e6b905b,2026-01-22,pansharpened_reflectance+manual_review,12.395,3.973,0.22420091927051544,0.22137115895748138,0.20058970153331757,0.3817296624183655,0.3362537622451782,,,,0.22420091927051544,18.8,0.815,0.006,0.0,True,"Field inspection: check irrigation, pruning, stress.",1412.939453125,1001.8333129882812,734.5302734375,2219.833251953125,needs_field_check,manual
KOG-SERET_AL_AJOUL_A-M0014,pansharpened_reflectance_401e6b905b,2026-01-22,pansharpened_reflectance+manual_review,12.395,3.973,0.1981513351202011,0.19722941517829895,0.18737682700157166,0.3548559248447418,0.2971763014793396,,,,0.1981513351202011,3.6,0.861,0.006,0.0,True,"Field inspection: check irrigation, pruning, stress.",1210.45166015625,864.2903442382812,611.9031982421875,1804.193603515625,needs_field_check,manual
KOG-SERET_AL_AJOUL_A-M0015,pansharpened_reflectance_401e6b905b,2026-01-22,pansharpened_reflectance+manual_review,12.395,3.973,0.20653706789016724,0.2027338743209839,0.1771555095911026,0.3719605803489685,0.3097539246082306,,,,0.20653706789016724,5.3,0.79,0.006,0.0,True,"Field inspection: check irrigation, pruning, stress.",1249.484375,875.890625,615.84375,1890.75,needs_field_check,manual
KOG-SERET_AL_AJOUL_A-M0016,pansharpened_reflectance_401e6b905b,2026-01-22,pansharpened_reflectance+manual_review,12.395,3.973,0.37462830543518066,0.3707815408706665,0.3020351529121399,0.44364669919013977,0.5618311166763306,,,,0.37462830543518066,48.9,0.815,0.006,0.0,False,Routine monitoring.,792.98486328125,687.5302734375,540.6060791015625,1768.5302734375,needs_field_check,manual
KOG-SERET_AL_AJOUL_A-M0017,pansharpened_reflectance_401e6b905b,2026-01-22,pansharpened_reflectance+manual_review,12.395,3.973,0.27707958221435547,0.27284637093544006,0.2245299518108368,0.38116827607154846,0.4155478775501251,,,,0.27707958221435547,29.4,0.802,0.006,0.0,True,"Field inspection: check irrigation, pruning, stress.",1070.6768798828125,851.3692016601562,638.5538330078125,1901.076904296875,needs_field_check,manual
KOG-SERET_AL_AJOUL_A-M0018,pansharpened_reflectance_401e6b905b,2026-01-22,pansharpened_reflectance+manual_review,12.395,3.973,0.3347008228302002,0.3421746492385864,0.2852943241596222,0.40572577714920044,0.501958966255188,,,,0.3347008228302002,40.9,0.815,0.006,0.0,True,"Field inspection: check irrigation, pruning, stress.",909.5606079101562,775.3333129882812,587.5757446289062,1833.4241943359375,needs_field_check,manual
KOG-SERET_AL_AJOUL_A-M0019,pansharpened_reflectance_401e6b905b,2026-01-22,pansharpened_reflectance+manual_review,12.395,3.973,0.35467687249183655,0.35414257645606995,0.31857356429100037,0.41495952010154724,0.5319216847419739,,,,0.35467687249183655,44.9,0.802,0.006,0.0,True,"Field inspection: check irrigation, pruning, stress.",923.5384521484375,802.1538696289062,596.8153686523438,1937.5845947265625,needs_field_check,manual
KOG-SERET_AL_AJOUL_A-M0020,pansharpened_reflectance_401e6b905b,2026-01-22,pansharpened_reflectance+manual_review,12.395,3.973,0.3096168041229248,0.308676540851593,0.28371214866638184,0.40305769443511963,0.4643484055995941,,,,0.3096168041229248,35.9,0.79,0.006,0.0,True,"Field inspection: check irrigation, pruning, stress.",1057.5,854.640625,665.796875,2002.953125,needs_field_check,manual
KOG-SERET_AL_AJOUL_A-M0021,pansharpened_reflectance_401e6b905b,2026-01-22,pansharpened_reflectance+manual_review,12.395,3.973,0.32842740416526794,0.3328571319580078,0.2691349685192108,0.4053235650062561,0.4925563335418701,,,,0.32842740416526794,39.7,0.827,0.006,0.0,True,"Field inspection: check irrigation, pruning, stress.",973.8955078125,819.208984375,642.119384765625,1935.2686767578125,needs_field_check,manual
KOG-SERET_AL_AJOUL_A-M0024,pansharpened_reflectance_401e6b905b,2026-01-22,pansharpened_reflectance+manual_review,12.395,3.973,0.3327106535434723,0.3253275156021118,0.2892710268497467,0.39842095971107483,0.4989604651927948,,,,0.3327106535434723,40.5,0.827,0.006,0.0,True,"Field inspection: check irrigation, pruning, stress.",791.7611694335938,688.119384765625,516.7313232421875,1593.462646484375,needs_field_check,manual
KOG-SERET_AL_AJOUL_A-M0025,pansharpened_reflectance_401e6b905b,2026-01-22,pansharpened_reflectance+manual_review,12.395,3.973,0.3650866150856018,0.37250635027885437,0.31260234117507935,0.43350502848625183,0.5475285053253174,,,,0.3650866150856018,47.0,0.852,0.006,0.0,False,Routine monitoring.,858.95654296875,733.95654296875,580.9420166015625,1858.6231689453125,needs_field_check,manual
KOG-SERET_AL_AJOUL_A-M0026,pansharpened_reflectance_401e6b905b,2026-01-22,pansharpened_reflectance+manual_review,12.395,3.973,0.3002558946609497,0.3048294186592102,0.24684326350688934,0.4101763665676117,0.4503023028373718,,,,0.3002558946609497,34.1,0.815,0.006,0.0,True,"Field inspection: check irrigation, pruning, stress.",975.48486328125,758.257568359375,547.8333129882812,1813.1817626953125,needs_field_check,manual
KOG-SERET_AL_AJOUL_A-M0027,pansharpened_reflectance_401e6b905b,2026-01-22,pansharpened_reflectance+manual_review,12.395,3.973,0.27800244092941284,0.27860695123672485,0.22100862860679626,0.4006045460700989,0.4169214963912964,,,,0.27800244092941284,29.6,0.852,0.006,0.0,True,"Field inspection: check irrigation, pruning, stress.",926.2318725585938,707.4492797851562,506.6376953125,1647.9130859375,needs_field_check,manual
KOG-SERET_AL_AJOUL_A-M0028,pansharpened_reflectance_401e6b905b,2026-01-22,pansharpened_reflectance+manual_review,12.395,3.973,0.2951333224773407,0.30141523480415344,0.2692529261112213,0.3853563368320465,0.44261765480041504,,,,0.2951333224773407,33.0,0.852,0.006,0.0,True,"Field inspection: check irrigation, pruning, stress.",964.8695678710938,788.0724487304688,566.0724487304688,1769.76806640625,needs_field_check,manual
KOG-SERET_AL_AJOUL_A-M0029,pansharpened_reflectance_401e6b905b,2026-01-22,pansharpened_reflectance+manual_review,12.395,3.973,0.3474365770816803,0.34536340832710266,0.29090118408203125,0.41933590173721313,0.5210539698600769,,,,0.3474365770816803,43.5,0.827,0.006,0.0,True,"Field inspection: check irrigation, pruning, stress.",860.8656616210938,732.1492309570312,560.9701538085938,1772.880615234375,needs_field_check,manual
KOG-SERET_AL_AJOUL_A-M0030,pansharpened_reflectance_401e6b905b,2026-01-22,pansharpened_reflectance+manual_review,12.395,3.973,0.35484829545021057,0.3562653660774231,0.30926474928855896,0.4039607048034668,0.5321803689002991,,,,0.35484829545021057,45.0,0.827,0.006,0.0,True,"Field inspection: check irrigation, pruning, stress.",938.7164306640625,838.6865844726562,619.8656616210938,1970.641845703125,needs_field_check,manual
KOG-SERET_AL_AJOUL_A-M0031,pansharpened_reflectance_401e6b905b,2026-01-22,pansharpened_reflectance+manual_review,12.395,3.973,0.21715672314167023,0.20813396573066711,0.20092080533504486,0.3546117842197418,0.3256756365299225,,,,0.21715672314167023,17.4,0.827,0.006,0.0,True,"Field inspection: check irrigation, pruning, stress.",1141.3134765625,849.6268920898438,620.8656616210938,1763.9552001953125,needs_field_check,manual
KOG-SERET_AL_AJOUL_A-M0032,pansharpened_reflectance_401e6b905b,2026-01-22,pansharpened_reflectance+manual_review,12.395,3.973,0.264560341835022,0.2656453847885132,0.22403842210769653,0.3762471079826355,0.3967614769935608,,,,0.264560341835022,26.9,0.79,0.006,0.0,True,"Field inspection: check irrigation, pruning, stress.",938.171875,734.828125,546.3125,1616.671875,needs_field_check,manual
KOG-SERET_AL_AJOUL_A-M0033,pansharpened_reflectance_401e6b905b,2026-01-22,pansharpened_reflectance+manual_review,12.395,3.973,0.20817118883132935,0.207217276096344,0.19258680939674377,0.33262136578559875,0.3122033178806305,,,,0.20817118883132935,5.6,0.84,0.006,0.0,True,"Field inspection: check irrigation, pruning, stress.",1173.308837890625,899.1764526367188,671.2941284179688,1788.6617431640625,needs_field_check,manual
KOG-AT3ET_AL_NAKHLE-M0001,pansharpened_reflectance_401e6b905b,2026-01-22,pansharpened_reflectance+manual_review,12.394,3.973,0.1929083913564682,0.1884346902370453,0.16517619788646698,0.34546539187431335,0.28932008147239685,,,,0.1929083913564682,2.6,0.827,0.006,0.0,True,"Field inspection: check irrigation, pruning, stress.",1417.1492919921875,1020.9104614257812,719.7014770507812,2087.41796875,needs_field_check,manual
KOG-AT3ET_AL_NAKHLE-M0002,pansharpened_reflectance_401e6b905b,2026-01-22,pansharpened_reflectance+manual_review,12.394,3.973,0.22049696743488312,0.22561129927635193,0.1874460130929947,0.3781681954860687,0.3306945264339447,,,,0.22049696743488312,8.1,0.802,0.006,0.0,True,"Field inspection: check irrigation, pruning, stress.",1300.1845703125,922.4461669921875,657.1692504882812,2034.8154296875,needs_field_check,manual
KOG-AT3ET_AL_NAKHLE-M0003,pansharpened_reflectance_401e6b905b,2026-01-22,pansharpened_reflectance+manual_review,12.394,3.973,0.22503741085529327,0.23039710521697998,0.16195513308048248,0.39845654368400574,0.33750179409980774,,,,0.22503741085529327,9.0,0.84,0.006,0.0,True,"Field inspection: check irrigation, pruning, stress.",1297.11767578125,888.9705810546875,602.1764526367188,2026.1617431640625,needs_field_check,manual
KOG-AT3ET_AL_NAKHLE-M0004,pansharpened_reflectance_401e6b905b,2026-01-22,pansharpened_reflectance+manual_review,12.394,3.973,0.2623879015445709,0.26761648058891296,0.22286619246006012,0.3959409296512604,0.3935174345970154,,,,0.2623879015445709,26.5,0.827,0.006,0.0,True,"Field inspection: check irrigation, pruning, stress.",1176.65673828125,883.0746459960938,621.34326171875,2011.9552001953125,needs_field_check,manual
KOG-ROES_ALMAL-M0003,pansharpened_reflectance_401e6b905b,2026-01-22,pansharpened_reflectance+manual_review,12.394,3.973,0.22005905210971832,0.22325235605239868,0.18658623099327087,0.40781545639038086,0.3300330340862274,,,,0.22005905210971832,8.0,0.815,0.006,0.0,True,"Field inspection: check irrigation, pruning, stress.",1221.95458984375,811.5302734375,571.8939208984375,1901.060546875,needs_field_check,manual
KOG-ROES_ALMAL-M0004,pansharpened_reflectance_401e6b905b,2026-01-22,pansharpened_reflectance+manual_review,12.394,3.973,0.22620709240436554,0.22650130093097687,0.19925469160079956,0.42064931988716125,0.3392610251903534,,,,0.22620709240436554,9.2,0.827,0.006,0.0,True,"Field inspection: check irrigation, pruning, stress.",1400.4925537109375,915.223876953125,616.0746459960938,2210.71630859375,needs_field_check,manual
KOG-ROES_ALMAL-M0005,pansharpened_reflectance_401e6b905b,2026-01-22,pansharpened_reflectance+manual_review,12.394,3.973,0.21766430139541626,0.2081952840089798,0.18031597137451172,0.3979077935218811,0.3264455497264862,,,,0.21766430139541626,7.5,0.84,0.006,0.0,True,"Field inspection: check irrigation, pruning, stress.",1359.5294189453125,916.86767578125,643.38232421875,2093.544189453125,needs_field_check,manual
